{
	"type":"Live2D Expression",
	"fade_in":200,
	"fade_out":500,
	"params":[
		{"id":"PARAM_EYE_L_OPEN","val":0,"calc":"mult"},
		{"id":"PARAM_EYE_L_SMILE","val":1},
		{"id":"PARAM_EYE_R_OPEN","val":0,"calc":"mult"},
		{"id":"PARAM_EYE_R_SMILE","val":1},
		{"id":"PARAM_EYE_BALL_Y","val":0.29},
		{"id":"PARAM_EYE_FORM","val":0.48},
		{"id":"PARAM_BROW_L_Y","val":0.23},
		{"id":"PARAM_BROW_R_Y","val":0.2},
		{"id":"PARAM_BROW_L_ANGLE","val":0.16},
		{"id":"PARAM_BROW_R_ANGLE","val":0.14},
		{"id":"PARAM_BROW_L_FORM","val":-0.48},
		{"id":"PARAM_BROW_R_FORM","val":-0.4},
		{"id":"PARAM_MOUTH_FORM_01","val":1},
		{"id":"PARAM_CHEEK2","val":0.26}
	]
}