{
	"type":"Live2D Physics",
	"physics_hair":[
		{
			"label":"clothes_a",
			"setup":{
				"length":0.18,
				"regist":0.6,
				"mass":0.08
			},
			"src":[
				{
					"id":"PARAM_BODY_ANGLE_Z",
					"ptype":"angle",
					"scale":0.8,
					"weight":1
				},
				{
					"id":"PARAM_BODY_ANGLE_X",
					"ptype":"x",
					"scale":0.015,
					"weight":0.5
				},
				{
					"id":"PARAM_BODY_ANGLE_Y",
					"ptype":"x",
					"scale":0.015,
					"weight":1
				}
			],
			"targets":[
				{
					"id":"PARAM_CLOTHES_A",
					"ptype":"angle",
					"scale":0.02,
					"weight":0.8
				}
			]
		}
	]
}