{
	"type":"Live2D Expression",
	"fade_in":500,
	"fade_out":500,
	"params":[
		{"id":"PARAM_EYE_L_DOUBLE","val":-0.29},
		{"id":"PARAM_EYE_R_DOUBLE","val":-0.3},
		{"id":"PARAM_BROW_L_Y","val":-0.23},
		{"id":"PARAM_BROW_R_Y","val":-0.26},
		{"id":"PARAM_BROW_L_X","val":-0.12},
		{"id":"PARAM_BROW_R_X","val":-0.12},
		{"id":"PARAM_BROW_L_ANGLE","val":-0.13},
		{"id":"PARAM_BROW_R_ANGLE","val":-0.15},
		{"id":"PARAM_BROW_L_FORM","val":-0.15},
		{"id":"PARAM_BROW_R_FORM","val":-0.14},
		{"id":"PARAM_MOUTH_FORM_01","val":0.68,"def":1}
	]
}