{
	"type":"Live2D Expression",
	"fade_in":500,
	"fade_out":500,
	"params":[
		{"id":"PARAM_EYE_L_OPEN","val":0,"calc":"mult"},
		{"id":"PARAM_EYE_L_SMILE","val":1},
		{"id":"PARAM_EYE_L_DOUBLE","val":-0.32},
		{"id":"PARAM_EYE_R_OPEN","val":0,"calc":"mult"},
		{"id":"PARAM_EYE_R_SMILE","val":1},
		{"id":"PARAM_EYE_R_DOUBLE","val":-0.37},
		{"id":"PARAM_EYE_FORM","val":0.43},
		{"id":"PARAM_BROW_L_Y","val":-0.19},
		{"id":"PARAM_BROW_R_Y","val":-0.18},
		{"id":"PARAM_BROW_L_X","val":-0.26},
		{"id":"PARAM_BROW_R_X","val":-0.26},
		{"id":"PARAM_MOUTH_FORM_02","val":1},
		{"id":"PARAM_MOUTH_SCALE","val":1}
	]
}