{
	"type":"Live2D Expression",
	"fade_in":500,
	"fade_out":500,
	"params":[
		{"id":"PARAM_EYE_L_OPEN","val":0.66,"calc":"mult"},
		{"id":"PARAM_EYE_R_OPEN","val":0.66,"calc":"mult"},
		{"id":"PARAM_EYE_BALL_X","val":-0.33},
		{"id":"PARAM_EYE_BALL_Y","val":-0.88},
		{"id":"PARAM_EYE_FORM","val":0.64},
		{"id":"PARAM_TEAR","val":1},
		{"id":"PARAM_BROW_L_Y","val":-0.34},
		{"id":"PARAM_BROW_R_Y","val":-0.34},
		{"id":"PARAM_BROW_L_X","val":-0.48},
		{"id":"PARAM_BROW_R_X","val":-0.48},
		{"id":"PARAM_BROW_L_FORM","val":-0.3},
		{"id":"PARAM_BROW_R_FORM","val":-0.3},
		{"id":"PARAM_MOUTH_FORM_01","val":-0.5},
		{"id":"PARAM_CHEEK2","val":0.7}
	]
}