{
	"type":"Live2D Expression",
	"fade_in":500,
	"fade_out":500,
	"params":[
		{"id":"PARAM_EYE_L_OPEN","val":0.68,"calc":"mult"},
		{"id":"PARAM_EYE_R_OPEN","val":0.68,"calc":"mult"},
		{"id":"PARAM_EYE_BALL_X","val":-0.38},
		{"id":"PARAM_EYE_BALL_Y","val":-0.42},
		{"id":"PARAM_BROW_L_Y","val":-0.33},
		{"id":"PARAM_BROW_R_Y","val":-0.33},
		{"id":"PARAM_BROW_L_X","val":-0.48},
		{"id":"PARAM_BROW_R_X","val":-0.48},
		{"id":"PARAM_BROW_L_ANGLE","val":-0.04},
		{"id":"PARAM_BROW_R_ANGLE","val":-0.03},
		{"id":"PARAM_BROW_L_FORM","val":-0.3},
		{"id":"PARAM_BROW_R_FORM","val":-0.3},
		{"id":"PARAM_MOUTH_FORM_01","val":-0.5}
	]
}