{
	"type":"Live2D Expression",
	"fade_in":500,
	"fade_out":500,
	"params":[
		{"id":"PARAM_EYE_L_OPEN","val":0.75,"calc":"mult"},
		{"id":"PARAM_EYE_R_OPEN","val":0.75,"calc":"mult"},
		{"id":"PARAM_EYE_R_DOUBLE","val":-0.68},
		{"id":"PARAM_EYE_BALL_Y","val":-0.03},
		{"id":"PARAM_BROW_L_Y","val":0.15},
		{"id":"PARAM_BROW_R_Y","val":0.16},
		{"id":"PARAM_BROW_L_ANGLE","val":-0.74},
		{"id":"PARAM_BROW_R_ANGLE","val":-0.74},
		{"id":"PARAM_BROW_L_FORM","val":-0.18},
		{"id":"PARAM_BROW_R_FORM","val":-0.19},
		{"id":"PARAM_MOUTH_FORM_01","val":-1}
	]
}