{
	"type":"Live2D Expression",
	"fade_in":200,
	"fade_out":500,
	"params":[
		{"id":"PARAM_EYE_L_OPEN","val":0,"calc":"mult"},
		{"id":"PARAM_EYE_L_SMILE","val":1},
		{"id":"PARAM_EYE_R_OPEN","val":0,"calc":"mult"},
		{"id":"PARAM_EYE_R_SMILE","val":1},
		{"id":"PARAM_EYE_BALL_X","val":0.18},
		{"id":"PARAM_EYE_BALL_Y","val":-0.42},
		{"id":"PARAM_BROW_L_Y","val":-0.16},
		{"id":"PARAM_BROW_R_Y","val":-0.16},
		{"id":"PARAM_BROW_R_X","val":-0.2},
		{"id":"PARAM_BROW_L_ANGLE","val":-0.26},
		{"id":"PARAM_BROW_R_ANGLE","val":-0.25},
		{"id":"PARAM_MOUTH_FORM_01","val":1.5}
	]
}