{"version":"Sample1.0.0","layout":{"center_x":0,"center_y":0,"width":2},
"hit_areas_custom":{"head_x":[-0.25,1],
"head_y":[0.25,0.2],
"body_x":[-0.3,0.2],
"body_y":[0.3,-1.9]},
"model":"live2d/chara/039_casual-2023_rip/soyo_casual-2023.moc","physics":"live2d/chara/039_casual-2023_rip/soyo_casual-2023.physics.json","textures":["live2d/chara/039_general_rip/texture_00.png","live2d/chara/039_casual-2023_rip/texture_01.png"],
"motions":{
"serious02":[{"file":"live2d/chara/039_general_rip/serious02.mtn"}],
"nnf02":[{"file":"live2d/chara/039_general_rip/nnf02.mtn"}],
"bye02":[{"file":"live2d/chara/039_general_rip/bye02.mtn"}],
"bye01":[{"file":"live2d/chara/039_general_rip/bye01.mtn"}],
"nf02":[{"file":"live2d/chara/039_general_rip/nf02.mtn"}],
"nnf04":[{"file":"live2d/chara/039_general_rip/nnf04.mtn"}],
"kime01":[{"file":"live2d/chara/039_general_rip/kime01.mtn"}],
"nnf_left01":[{"file":"live2d/chara/039_general_rip/nnf_left01.mtn"}],
"nnf03":[{"file":"live2d/chara/039_general_rip/nnf03.mtn"}],
"serious04":[{"file":"live2d/chara/039_general_rip/serious04.mtn"}],
"cry02":[{"file":"live2d/chara/039_general_rip/cry02.mtn"}],
"shame01":[{"file":"live2d/chara/039_general_rip/shame01.mtn"}],
"nnf01":[{"file":"live2d/chara/039_general_rip/nnf01.mtn"}],
"nf04":[{"file":"live2d/chara/039_general_rip/nf04.mtn"}],
"angry01":[{"file":"live2d/chara/039_general_rip/angry01.mtn"}],
"thinking02":[{"file":"live2d/chara/039_general_rip/thinking02.mtn"}],
"odoodo01":[{"file":"live2d/chara/039_general_rip/odoodo01.mtn"}],
"nnf05":[{"file":"live2d/chara/039_general_rip/nnf05.mtn"}],
"nnf_right01":[{"file":"live2d/chara/039_general_rip/nnf_right01.mtn"}],
"ando01":[{"file":"live2d/chara/039_general_rip/ando01.mtn"}],
"nf_left01":[{"file":"live2d/chara/039_general_rip/nf_left01.mtn"}],
"idle01":[{"file":"live2d/chara/039_general_rip/idle01.mtn"}],
"sad01":[{"file":"live2d/chara/039_general_rip/sad01.mtn"}],
"nf05":[{"file":"live2d/chara/039_general_rip/nf05.mtn"}],
"nf01":[{"file":"live2d/chara/039_general_rip/nf01.mtn"}],
"sad02":[{"file":"live2d/chara/039_general_rip/sad02.mtn"}],
"smile03":[{"file":"live2d/chara/039_general_rip/smile03.mtn"}],
"smile01":[{"file":"live2d/chara/039_general_rip/smile01.mtn"}],
"angry02":[{"file":"live2d/chara/039_general_rip/angry02.mtn"}],
"nf_right01":[{"file":"live2d/chara/039_general_rip/nf_right01.mtn"}],
"smile02":[{"file":"live2d/chara/039_general_rip/smile02.mtn"}],
"serious01":[{"file":"live2d/chara/039_general_rip/serious01.mtn"}],
"smile04":[{"file":"live2d/chara/039_general_rip/smile04.mtn"}],
"smile05":[{"file":"live2d/chara/039_general_rip/smile05.mtn"}],
"thinking01":[{"file":"live2d/chara/039_general_rip/thinking01.mtn"}],
"serious03":[{"file":"live2d/chara/039_general_rip/serious03.mtn"}],
"sad03":[{"file":"live2d/chara/039_general_rip/sad03.mtn"}],
"shame02":[{"file":"live2d/chara/039_general_rip/shame02.mtn"}],
"nf03":[{"file":"live2d/chara/039_general_rip/nf03.mtn"}],
"angry03":[{"file":"live2d/chara/039_general_rip/angry03.mtn"}],
"cry01":[{"file":"live2d/chara/039_general_rip/cry01.mtn"}],
"wink01":[{"file":"live2d/chara/039_general_rip/wink01.mtn"}],
"kandou01":[{"file":"live2d/chara/039_general_rip/kandou01.mtn"}],
"surprised01":[{"file":"live2d/chara/039_general_rip/surprised01.mtn"}],

"ako_angry01":[{"file":"live2d/chara/039_general_rip/1angry01.mtn"}],
"ako_angry02":[{"file":"live2d/chara/039_general_rip/1angry02.mtn"}],
"ako_angry03":[{"file":"live2d/chara/039_general_rip/1angry03.mtn"}],
"ako_bye01":[{"file":"live2d/chara/039_general_rip/1bye01.mtn"}],
"ako_chuni01":[{"file":"live2d/chara/039_general_rip/1chuni01.mtn"}],
"ako_chuni02":[{"file":"live2d/chara/039_general_rip/1chuni02.mtn"}],
"ako_chuni03":[{"file":"live2d/chara/039_general_rip/1chuni03.mtn"}],
"ako_cry01":[{"file":"live2d/chara/039_general_rip/1cry01.mtn"}],
"ako_cry02":[{"file":"live2d/chara/039_general_rip/1cry02.mtn"}],
"ako_cry03":[{"file":"live2d/chara/039_general_rip/1cry03.mtn"}],
"ako_eeto01":[{"file":"live2d/chara/039_general_rip/1eeto01.mtn"}],
"ako_exciting01":[{"file":"live2d/chara/039_general_rip/1exciting01.mtn"}],
"ako_gattsu01":[{"file":"live2d/chara/039_general_rip/1gattsu01.mtn"}],
"ako_gattsu02":[{"file":"live2d/chara/039_general_rip/1gattsu02.mtn"}],
"ako_idle01":[{"file":"live2d/chara/039_general_rip/1idle01.mtn"}],
"ako_idle02":[{"file":"live2d/chara/039_general_rip/1idle02.mtn"}],
"ako_jaan01":[{"file":"live2d/chara/039_general_rip/1jaan01.mtn"}],
"ako_kime01":[{"file":"live2d/chara/039_general_rip/1kime01.mtn"}],
"ako_nf01":[{"file":"live2d/chara/039_general_rip/1nf01.mtn"}],
"ako_nf01_openeye":[{"file":"live2d/chara/039_general_rip/1nf01_openeye.mtn"}],
"ako_nf02":[{"file":"live2d/chara/039_general_rip/1nf02.mtn"}],
"ako_nf03":[{"file":"live2d/chara/039_general_rip/1nf03.mtn"}],
"ako_nf04":[{"file":"live2d/chara/039_general_rip/1nf04.mtn"}],
"ako_nf05":[{"file":"live2d/chara/039_general_rip/1nf05.mtn"}],
"ako_nf_left01":[{"file":"live2d/chara/039_general_rip/1nf_left01.mtn"}],
"ako_nf_right01":[{"file":"live2d/chara/039_general_rip/1nf_right01.mtn"}],
"ako_nnf01":[{"file":"live2d/chara/039_general_rip/1nnf01.mtn"}],
"ako_nnf01_openeye":[{"file":"live2d/chara/039_general_rip/1nnf01_openeye.mtn"}],
"ako_nnf02":[{"file":"live2d/chara/039_general_rip/1nnf02.mtn"}],
"ako_nnf03":[{"file":"live2d/chara/039_general_rip/1nnf03.mtn"}],
"ako_nnf04":[{"file":"live2d/chara/039_general_rip/1nnf04.mtn"}],
"ako_nnf05":[{"file":"live2d/chara/039_general_rip/1nnf05.mtn"}],
"ako_nnf_left01":[{"file":"live2d/chara/039_general_rip/1nnf_left01.mtn"}],
"ako_nnf_right01":[{"file":"live2d/chara/039_general_rip/1nnf_right01.mtn"}],
"ako_odoodo01":[{"file":"live2d/chara/039_general_rip/1odoodo01.mtn"}],
"ako_sad01":[{"file":"live2d/chara/039_general_rip/1sad01.mtn"}],
"ako_sad02":[{"file":"live2d/chara/039_general_rip/1sad02.mtn"}],
"ako_serious01":[{"file":"live2d/chara/039_general_rip/1serious01.mtn"}],
"ako_shame01":[{"file":"live2d/chara/039_general_rip/1shame01.mtn"}],
"ako_smile01":[{"file":"live2d/chara/039_general_rip/1smile01.mtn"}],
"ako_smile02":[{"file":"live2d/chara/039_general_rip/1smile02.mtn"}],
"ako_smile03":[{"file":"live2d/chara/039_general_rip/1smile03.mtn"}],
"ako_smile04":[{"file":"live2d/chara/039_general_rip/1smile04.mtn"}],
"ako_smile05":[{"file":"live2d/chara/039_general_rip/1smile05.mtn"}],
"ako_smile06":[{"file":"live2d/chara/039_general_rip/1smile06.mtn"}],
"ako_surprised01":[{"file":"live2d/chara/039_general_rip/1surprised01.mtn"}]
},

"expressions":[
{"name":"angry01","file":"live2d/chara/039_general_rip/angry01.exp.json"},
{"name":"ando01","file":"live2d/chara/039_general_rip/ando01.exp.json"},
{"name":"thinking01","file":"live2d/chara/039_general_rip/thinking01.exp.json"},
{"name":"odoodo01","file":"live2d/chara/039_general_rip/odoodo01.exp.json"},
{"name":"serious04","file":"live2d/chara/039_general_rip/serious04.exp.json"},
{"name":"sad03","file":"live2d/chara/039_general_rip/sad03.exp.json"},
{"name":"cry01","file":"live2d/chara/039_general_rip/cry01.exp.json"},
{"name":"surprised01","file":"live2d/chara/039_general_rip/surprised01.exp.json"},
{"name":"wink01","file":"live2d/chara/039_general_rip/wink01.exp.json"},
{"name":"kandou01","file":"live2d/chara/039_general_rip/kandou01.exp.json"},
{"name":"smile03","file":"live2d/chara/039_general_rip/smile03.exp.json"},
{"name":"sad02","file":"live2d/chara/039_general_rip/sad02.exp.json"},
{"name":"angry03","file":"live2d/chara/039_general_rip/angry03.exp.json"},
{"name":"cry02","file":"live2d/chara/039_general_rip/cry02.exp.json"},
{"name":"smile02","file":"live2d/chara/039_general_rip/smile02.exp.json"},
{"name":"smile05","file":"live2d/chara/039_general_rip/smile05.exp.json"},
{"name":"smile04","file":"live2d/chara/039_general_rip/smile04.exp.json"},
{"name":"shame02","file":"live2d/chara/039_general_rip/shame02.exp.json"},
{"name":"thinking02","file":"live2d/chara/039_general_rip/thinking02.exp.json"},
{"name":"idle01","file":"live2d/chara/039_general_rip/idle01.exp.json"},
{"name":"smile01","file":"live2d/chara/039_general_rip/smile01.exp.json"},
{"name":"bye01","file":"live2d/chara/039_general_rip/bye01.exp.json"},
{"name":"kime01","file":"live2d/chara/039_general_rip/kime01.exp.json"},
{"name":"sad01","file":"live2d/chara/039_general_rip/sad01.exp.json"},
{"name":"serious01","file":"live2d/chara/039_general_rip/serious01.exp.json"},
{"name":"default","file":"live2d/chara/039_general_rip/default.exp.json"},
{"name":"shame01","file":"live2d/chara/039_general_rip/shame01.exp.json"},
{"name":"serious02","file":"live2d/chara/039_general_rip/serious02.exp.json"},
{"name":"serious03","file":"live2d/chara/039_general_rip/serious03.exp.json"},
{"name":"bye02","file":"live2d/chara/039_general_rip/bye02.exp.json"},
{"name":"angry02","file":"live2d/chara/039_general_rip/angry02.exp.json"},

{"name":"ako_default","file": "live2d/chara/039_general_rip/1ako_default.exp.json"}, 
{"name": "ako_sad", "file": "live2d/chara/039_general_rip/1ako_sad.exp.json"}, 
{"name": "ako_serious", "file": "live2d/chara/039_general_rip/1ako_serious.exp.json"}, 
{"name": "ako_smile02", "file": "live2d/chara/039_general_rip/1ako_smile02.exp.json"}, 
{"name":"ako_special01","file":"live2d/chara/039_general_rip/1ako_special01.exp.json"}, {"name":"ako_special02","file":"live2d/chara/039_general_rip/1ako_special02.exp.json"}, {"name":"ako_surprised","file":"live2d/chara/039_general_rip/1ako_surprised.exp.json"}, 
{"name": "ako_worry", "file": "live2d/chara/039_general_rip/1ako_worry.exp.json"}, 
{"name": "ako_angry01", "file": "live2d/chara/039_general_rip1/angry01.exp.json"}, 
{"name": "ako_cry01", "file": "live2d/chara/039_general_rip/1cry01.exp.json"}, 
{"name": "ako_ako_default", "file": "live2d/chara/039_general_rip/1default.exp.json"}, 
{"name": "ako_idle01", "file": "live2d/chara/039_general_rip/1idle01.exp.json"}, 
{"name": "ako_kime01", "file": "live2d/chara/039_general_rip/1kime01.exp.json"}, 
{"name": "ako_sad01", "file": "live2d/chara/039_general_rip/1sad01.exp.json"}, 
{"name": "ako_serious01", "file": "live2d/chara/039_general_rip/1serious01.exp.json"}, 
{"name": "ako_smile01", "file": "live2d/chara/039_general_rip/1smile01.exp.json"}, 
{"name": "ako_ako_smile02", "file": "live2d/chara/039_general_rip/1smile02.exp.json"}, 
{"name": "ako_smile03", "file": "live2d/chara/039_general_rip/1smile03.exp.json"}, 
{"name": "ako_surprised01", "file": "live2d/chara/039_general_rip/1surprised01.exp.json"}
]}