{"version": "Sample 1.0.0", "layout": {"center_x": 0, "center_y": 0, "width": 2}, "hit_areas_custom": {"head_x": [-0.25, 1], "head_y": [0.25, 0.2], "body_x": [-0.3, 0.2], "body_y": [0.3, -1.9]}, "model": "live2d/chara/343_event_286_story_01_rip/rana_345.moc", "physics": "live2d/chara/343_event_286_story_01_rip/rana_345.physics.json", "textures": ["live2d/chara/343_event_286_story_01_rip/texture_00.png", "live2d/chara/343_event_286_story_01_rip/texture_01.png"], "motions": {"键帽":[{"file":"live2d/chara/343_general_rip/键帽.mtn"}],"angry01": [{"file": "live2d/chara/343_event_286_story_01_rip/angry01.mtn"}], "angry02": [{"file": "live2d/chara/343_event_286_story_01_rip/angry02.mtn"}], "angry03": [{"file": "live2d/chara/343_event_286_story_01_rip/angry03.mtn"}], "bye01": [{"file": "live2d/chara/343_event_286_story_01_rip/bye01.mtn"}], "cry01": [{"file": "live2d/chara/343_event_286_story_01_rip/cry01.mtn"}], "idle01": [{"file": "live2d/chara/343_event_286_story_01_rip/idle01.mtn"}], "kime01": [{"file": "live2d/chara/343_event_286_story_01_rip/kime01.mtn"}], "nf01": [{"file": "live2d/chara/343_event_286_story_01_rip/nf01.mtn"}], "nf02": [{"file": "live2d/chara/343_event_286_story_01_rip/nf02.mtn"}], "nf03": [{"file": "live2d/chara/343_event_286_story_01_rip/nf03.mtn"}], "nf04": [{"file": "live2d/chara/343_event_286_story_01_rip/nf04.mtn"}], "nf05": [{"file": "live2d/chara/343_event_286_story_01_rip/nf05.mtn"}], "nf_left01": [{"file": "live2d/chara/343_event_286_story_01_rip/nf_left01.mtn"}], "nf_right01": [{"file": "live2d/chara/343_event_286_story_01_rip/nf_right01.mtn"}], "niya01": [{"file": "live2d/chara/343_event_286_story_01_rip/niya01.mtn"}], "nnf01": [{"file": "live2d/chara/343_event_286_story_01_rip/nnf01.mtn"}], "nnf02": [{"file": "live2d/chara/343_event_286_story_01_rip/nnf02.mtn"}], "nnf03": [{"file": "live2d/chara/343_event_286_story_01_rip/nnf03.mtn"}], "nnf04": [{"file": "live2d/chara/343_event_286_story_01_rip/nnf04.mtn"}], "nnf05": [{"file": "live2d/chara/343_event_286_story_01_rip/nnf05.mtn"}], "nnf_left01": [{"file": "live2d/chara/343_event_286_story_01_rip/nnf_left01.mtn"}], "nnf_right01": [{"file": "live2d/chara/343_event_286_story_01_rip/nnf_right01.mtn"}], "sad01": [{"file": "live2d/chara/343_event_286_story_01_rip/sad01.mtn"}], "serious01": [{"file": "live2d/chara/343_event_286_story_01_rip/serious01.mtn"}], "serious02": [{"file": "live2d/chara/343_event_286_story_01_rip/serious02.mtn"}], "shame01": [{"file": "live2d/chara/343_event_286_story_01_rip/shame01.mtn"}], "sigh01": [{"file": "live2d/chara/343_event_286_story_01_rip/sigh01.mtn"}], "smile01": [{"file": "live2d/chara/343_event_286_story_01_rip/smile01.mtn"}], "smile02": [{"file": "live2d/chara/343_event_286_story_01_rip/smile02.mtn"}], "smile04": [{"file": "live2d/chara/343_event_286_story_01_rip/smile04.mtn"}], "surprised01": [{"file": "live2d/chara/343_event_286_story_01_rip/surprised01.mtn"}], "thinking01": [{"file": "live2d/chara/343_event_286_story_01_rip/thinking01.mtn"}]}, "expressions": [{"name": "angry01", "file": "live2d/chara/343_general_rip/angry01.exp.json"},{"name":"键帽","file":"live2d/chara/038_general_rip/键帽.exp.json"}]}