{"version":"Sample 1.0.0","layout":{"center_x":0,"center_y":0,"width":2},"hit_areas_custom":{"head_x":[-0.25,1],"head_y":[0.25,0.2],"body_x":[-0.3,0.2],"body_y":[0.3,-1.9]},"model":"live2d/chara/229_sumimi_rip/mana_sumimi.moc","physics":"live2d/chara/229_sumimi_rip/mana_sumimi.physics.json","textures":["live2d/chara/229_general_rip/texture_00.png","live2d/chara/229_sumimi_rip/texture_01.png"],"motions":{"nnf04":[{"file":"live2d/chara/229_general_rip/nnf04.mtn"}],"angry01":[{"file":"live2d/chara/229_general_rip/angry01.mtn"}],"eeto01":[{"file":"live2d/chara/229_general_rip/eeto01.mtn"}],"nf_left01":[{"file":"live2d/chara/229_general_rip/nf_left01.mtn"}],"gattsu01":[{"file":"live2d/chara/229_general_rip/gattsu01.mtn"}],"jaan01":[{"file":"live2d/chara/229_general_rip/jaan01.mtn"}],"shame01":[{"file":"live2d/chara/229_general_rip/shame01.mtn"}],"nf01":[{"file":"live2d/chara/229_general_rip/nf01.mtn"}],"nnf01":[{"file":"live2d/chara/229_general_rip/nnf01.mtn"}],"nf03":[{"file":"live2d/chara/229_general_rip/nf03.mtn"}],"nf05":[{"file":"live2d/chara/229_general_rip/nf05.mtn"}],"surprised01":[{"file":"live2d/chara/229_general_rip/surprised01.mtn"}],"nnf03":[{"file":"live2d/chara/229_general_rip/nnf03.mtn"}],"sad01":[{"file":"live2d/chara/229_general_rip/sad01.mtn"}],"nf_right01":[{"file":"live2d/chara/229_general_rip/nf_right01.mtn"}],"nnf05":[{"file":"live2d/chara/229_general_rip/nnf05.mtn"}],"nnf_right01":[{"file":"live2d/chara/229_general_rip/nnf_right01.mtn"}],"idle01":[{"file":"live2d/chara/229_general_rip/idle01.mtn"}],"cry01":[{"file":"live2d/chara/229_general_rip/cry01.mtn"}],"nf04":[{"file":"live2d/chara/229_general_rip/nf04.mtn"}],"nf02":[{"file":"live2d/chara/229_general_rip/nf02.mtn"}],"smile03":[{"file":"live2d/chara/229_general_rip/smile03.mtn"}],"bye01":[{"file":"live2d/chara/229_general_rip/bye01.mtn"}],"smile01":[{"file":"live2d/chara/229_general_rip/smile01.mtn"}],"nnf02":[{"file":"live2d/chara/229_general_rip/nnf02.mtn"}],"smile02":[{"file":"live2d/chara/229_general_rip/smile02.mtn"}],"nnf_left01":[{"file":"live2d/chara/229_general_rip/nnf_left01.mtn"}]},"expressions":[{"name":"mana_smile03","file":"live2d/chara/229_general_rip/mana_smile03.exp.json"},{"name":"mana_sad01","file":"live2d/chara/229_general_rip/mana_sad01.exp.json"},{"name":"mana_smile02","file":"live2d/chara/229_general_rip/mana_smile02.exp.json"},{"name":"mana_angry01","file":"live2d/chara/229_general_rip/mana_angry01.exp.json"},{"name":"mana_default","file":"live2d/chara/229_general_rip/mana_default.exp.json"},{"name":"mana_idle01","file":"live2d/chara/229_general_rip/mana_idle01.exp.json"},{"name":"mana_surprised01","file":"live2d/chara/229_general_rip/mana_surprised01.exp.json"},{"name":"mana_smile01","file":"live2d/chara/229_general_rip/mana_smile01.exp.json"},{"name":"mana_cry01","file":"live2d/chara/229_general_rip/mana_cry01.exp.json"}]}