{"version":"Sample 1.0.0","layout":{"center_x":0,"center_y":0,"width":2},"hit_areas_custom":{"head_x":[-0.25,1],"head_y":[0.25,0.2],"body_x":[-0.3,0.2],"body_y":[0.3,-1.9]},"model":"live2d/chara/338_casual-2023_rip/mutsumi_casual-2023.moc","physics":"live2d/chara/338_casual-2023_rip/mutsumi_casual-2023.physics.json","textures":["live2d/chara/338_general_rip/texture_00.png","live2d/chara/338_casual-2023_rip/texture_01.png"],"motions": {"MZM-angry01":[{"file":"live2d/chara/338_general_rip/MZM-angry01.mtn"}],
"MZM-bye01":[{"file":"live2d/chara/338_general_rip/MZM-bye01.mtn"}],
"MZM-idle01":[{"file":"live2d/chara/338_general_rip/MZM-idle01.mtn"}],
"MZM-kime01":[{"file":"live2d/chara/338_general_rip/MZM-kime01.mtn"}],
"MZM-nf01":[{"file":"live2d/chara/338_general_rip/MZM-nf01.mtn"}],
"MZM-nf02":[{"file":"live2d/chara/338_general_rip/MZM-nf02.mtn"}],
"MZM-nf03":[{"file":"live2d/chara/338_general_rip/MZM-nf03.mtn"}],
"MZM-nf04":[{"file":"live2d/chara/338_general_rip/MZM-nf04.mtn"}],
"MZM-nf05":[{"file":"live2d/chara/338_general_rip/MZM-nf05.mtn"}],
"MZM-nf_left01":[{"file":"live2d/chara/338_general_rip/MZM-nf_left01.mtn"}],
"MZM-nf_right01":[{"file":"live2d/chara/338_general_rip/MZM-nf_right01.mtn"}],
"MZM-nnf01":[{"file":"live2d/chara/338_general_rip/MZM-nnf01.mtn"}],
"MZM-nnf02":[{"file":"live2d/chara/338_general_rip/MZM-nnf02.mtn"}],
"MZM-nnf03":[{"file":"live2d/chara/338_general_rip/MZM-nnf03.mtn"}],
"MZM-nnf04":[{"file":"live2d/chara/338_general_rip/MZM-nnf04.mtn"}],
"MZM-nnf05":[{"file":"live2d/chara/338_general_rip/MZM-nnf05.mtn"}],
"MZM-nnf_left01":[{"file":"live2d/chara/338_general_rip/MZM-nnf_left01.mtn"}],
"MZM-nnf_right01":[{"file":"live2d/chara/338_general_rip/MZM-nnf_right01.mtn"}],
"MZM-odoodo01":[{"file":"live2d/chara/338_general_rip/MZM-odoodo01.mtn"}],
"MZM-sad01":[{"file":"live2d/chara/338_general_rip/MZM-sad01.mtn"}],
"MZM-sad02":[{"file":"live2d/chara/338_general_rip/MZM-sad02.mtn"}],
"MZM-smile01":[{"file":"live2d/chara/338_general_rip/MZM-smile01.mtn"}],
"MZM-smile02":[{"file":"live2d/chara/338_general_rip/MZM-smile02.mtn"}],
"MZM-smile04":[{"file":"live2d/chara/338_general_rip/MZM-smile04.mtn"}],
"MZM-surprised01":[{"file":"live2d/chara/338_general_rip/MZM-surprised01.mtn"}],
"MZM-thinking01":[{"file":"live2d/chara/338_general_rip/MZM-thinking01.mtn"}]}, "expressions": [{"name":"MZM-angry01.exp","file":"live2d/chara/338_general_rip/MZM-angry01.exp.exp.json"}, 
{"name":"MZM-default.exp","file":"live2d/chara/338_general_rip/MZM-default.exp.exp.json"}, 
{"name":"MZM-idle01.exp","file":"live2d/chara/338_general_rip/MZM-idle01.exp.exp.json"}, 
{"name":"MZM-sad01.exp","file":"live2d/chara/338_general_rip/MZM-sad01.exp.exp.json"}, 
{"name":"MZM-smile01.exp","file":"live2d/chara/338_general_rip/MZM-smile01.exp.exp.json"}, 
{"name":"MZM-smile02.exp","file":"live2d/chara/338_general_rip/MZM-smile02.exp.exp.json"}, 
{"name":"MZM-smile04.exp","file":"live2d/chara/338_general_rip/MZM-smile04.exp.exp.json"}, 
{"name":"MZM-surprised01.exp","file":"live2d/chara/338_general_rip/MZM-surprised01.exp.exp.json"}]}