{"version": "Sample 1.0.0", "layout": {"center_x": 0, "center_y": 0, "width": 2}, "hit_areas_custom": {"head_x": [-0.25, 1], "head_y": [0.25, 0.2], "body_x": [-0.3, 0.2], "body_y": [0.3, -1.9]}, "model": "live2d/chara/015_casual_summer-2023_rip/misaki_casual_summer-2023.moc", "physics": "live2d/chara/015_casual_summer-2023_rip/misaki_casual_summer-2023.physics.json", "textures": ["live2d/chara/015_general_rip/texture_00.png", "live2d/chara/015_casual_summer-2023_rip/texture_01.png"],"motions":{"TML-angry01":[{"file":"live2d/chara/015_general_rip/TML-angry01.mtn"}],
"TML-angry02":[{"file":"live2d/chara/015_general_rip/TML-angry02.mtn"}],
"TML-bye01":[{"file":"live2d/chara/015_general_rip/TML-bye01.mtn"}],
"TML-cry01":[{"file":"live2d/chara/015_general_rip/TML-cry01.mtn"}],
"TML-cry02":[{"file":"live2d/chara/015_general_rip/TML-cry02.mtn"}],
"TML-idle01":[{"file":"live2d/chara/015_general_rip/TML-idle01.mtn"}],
"TML-kandou01":[{"file":"live2d/chara/015_general_rip/TML-kandou01.mtn"}],
"TML-kandou02":[{"file":"live2d/chara/015_general_rip/TML-kandou02.mtn"}],
"TML-kandou03":[{"file":"live2d/chara/015_general_rip/TML-kandou03.mtn"}],
"TML-kime01":[{"file":"live2d/chara/015_general_rip/TML-kime01.mtn"}],
"TML-kime02":[{"file":"live2d/chara/015_general_rip/TML-kime02.mtn"}],
"TML-nf01":[{"file":"live2d/chara/015_general_rip/TML-nf01.mtn"}],
"TML-nf02":[{"file":"live2d/chara/015_general_rip/TML-nf02.mtn"}],
"TML-nf03":[{"file":"live2d/chara/015_general_rip/TML-nf03.mtn"}],
"TML-nf04":[{"file":"live2d/chara/015_general_rip/TML-nf04.mtn"}],
"TML-nf05":[{"file":"live2d/chara/015_general_rip/TML-nf05.mtn"}],
"TML-nf_left01":[{"file":"live2d/chara/015_general_rip/TML-nf_left01.mtn"}],
"TML-nf_right01":[{"file":"live2d/chara/015_general_rip/TML-nf_right01.mtn"}],
"TML-nnf01":[{"file":"live2d/chara/015_general_rip/TML-nnf01.mtn"}],
"TML-nnf02":[{"file":"live2d/chara/015_general_rip/TML-nnf02.mtn"}],
"TML-nnf03":[{"file":"live2d/chara/015_general_rip/TML-nnf03.mtn"}],
"TML-nnf04":[{"file":"live2d/chara/015_general_rip/TML-nnf04.mtn"}],
"TML-nnf05":[{"file":"live2d/chara/015_general_rip/TML-nnf05.mtn"}],
"TML-nnf_left01":[{"file":"live2d/chara/015_general_rip/TML-nnf_left01.mtn"}],
"TML-nnf_right01":[{"file":"live2d/chara/015_general_rip/TML-nnf_right01.mtn"}],
"TML-sad01":[{"file":"live2d/chara/015_general_rip/TML-sad01.mtn"}],
"TML-sad02":[{"file":"live2d/chara/015_general_rip/TML-sad02.mtn"}],
"TML-sad03":[{"file":"live2d/chara/015_general_rip/TML-sad03.mtn"}],
"TML-sad04":[{"file":"live2d/chara/015_general_rip/TML-sad04.mtn"}],
"TML-serious01":[{"file":"live2d/chara/015_general_rip/TML-serious01.mtn"}],
"TML-serious02":[{"file":"live2d/chara/015_general_rip/TML-serious02.mtn"}],
"TML-shame01":[{"file":"live2d/chara/015_general_rip/TML-shame01.mtn"}],
"TML-shame02":[{"file":"live2d/chara/015_general_rip/TML-shame02.mtn"}],
"TML-sing01":[{"file":"live2d/chara/015_general_rip/TML-sing01.mtn"}],
"TML-sing02":[{"file":"live2d/chara/015_general_rip/TML-sing02.mtn"}],
"TML-smile01":[{"file":"live2d/chara/015_general_rip/TML-smile01.mtn"}],
"TML-smile02":[{"file":"live2d/chara/015_general_rip/TML-smile02.mtn"}],
"TML-smile03":[{"file":"live2d/chara/015_general_rip/TML-smile03.mtn"}],
"TML-smile04":[{"file":"live2d/chara/015_general_rip/TML-smile04.mtn"}],
"TML-surprised01":[{"file":"live2d/chara/015_general_rip/TML-surprised01.mtn"}],
"TML-thinking01":[{"file":"live2d/chara/015_general_rip/TML-thinking01.mtn"}],
"TML-thinking02":[{"file":"live2d/chara/015_general_rip/TML-thinking02.mtn"}]},"expressions":[{"name":"TML-angry01.exp","file":"live2d/chara/015_general_rip/TML-angry01.exp.exp.json"}, 
{"name":"TML-angry02.exp","file":"live2d/chara/015_general_rip/TML-angry02.exp.exp.json"}, 
{"name":"TML-bye01.exp","file":"live2d/chara/015_general_rip/TML-bye01.exp.exp.json"}, 
{"name":"TML-cry01.exp","file":"live2d/chara/015_general_rip/TML-cry01.exp.exp.json"}, 
{"name":"TML-cry02.exp","file":"live2d/chara/015_general_rip/TML-cry02.exp.exp.json"}, 
{"name":"TML-default.exp","file":"live2d/chara/015_general_rip/TML-default.exp.exp.json"}, 
{"name":"TML-idle.exp","file":"live2d/chara/015_general_rip/TML-idle.exp.exp.json"}, 
{"name":"TML-kandou01.exp","file":"live2d/chara/015_general_rip/TML-kandou01.exp.exp.json"}, 
{"name":"TML-kandou02.exp","file":"live2d/chara/015_general_rip/TML-kandou02.exp.exp.json"}, 
{"name":"TML-kandou03.exp","file":"live2d/chara/015_general_rip/TML-kandou03.exp.exp.json"}, 
{"name":"TML-kime01.exp","file":"live2d/chara/015_general_rip/TML-kime01.exp.exp.json"}, 
{"name":"TML-kime02.exp","file":"live2d/chara/015_general_rip/TML-kime02.exp.exp.json"}, 
{"name":"TML-sad01.exp","file":"live2d/chara/015_general_rip/TML-sad01.exp.exp.json"}, 
{"name":"TML-sad02.exp","file":"live2d/chara/015_general_rip/TML-sad02.exp.exp.json"}, 
{"name":"TML-sad03.exp","file":"live2d/chara/015_general_rip/TML-sad03.exp.exp.json"}, 
{"name":"TML-sad04.exp","file":"live2d/chara/015_general_rip/TML-sad04.exp.exp.json"}, 
{"name":"TML-serious01.exp","file":"live2d/chara/015_general_rip/TML-serious01.exp.exp.json"}, 
{"name":"TML-serious02.exp","file":"live2d/chara/015_general_rip/TML-serious02.exp.exp.json"}, 
{"name":"TML-shame01.exp","file":"live2d/chara/015_general_rip/TML-shame01.exp.exp.json"}, 
{"name":"TML-shame02.exp","file":"live2d/chara/015_general_rip/TML-shame02.exp.exp.json"}, 
{"name":"TML-sing01.exp","file":"live2d/chara/015_general_rip/TML-sing01.exp.exp.json"}, 
{"name":"TML-sing02.exp","file":"live2d/chara/015_general_rip/TML-sing02.exp.exp.json"}, 
{"name":"TML-smile01.exp","file":"live2d/chara/015_general_rip/TML-smile01.exp.exp.json"}, 
{"name":"TML-smile02.exp","file":"live2d/chara/015_general_rip/TML-smile02.exp.exp.json"}, 
{"name":"TML-smile03.exp","file":"live2d/chara/015_general_rip/TML-smile03.exp.exp.json"}, 
{"name":"TML-smile04.exp","file":"live2d/chara/015_general_rip/TML-smile04.exp.exp.json"}, 
{"name":"TML-surprised01.exp","file":"live2d/chara/015_general_rip/TML-surprised01.exp.exp.json"}, 
{"name":"TML-thinking01.exp","file":"live2d/chara/015_general_rip/TML-thinking01.exp.exp.json"}, 
{"name":"TML-thinking02.exp","file":"live2d/chara/015_general_rip/TML-thinking02.exp.exp.json"}]}