{"version":"Sample 1.0.0","layout":{"center_x":0,"center_y":0,"width":2},"hit_areas_custom":{"head_x":[-0.25,1],"head_y":[0.25,0.2],"body_x":[-0.3,0.2],"body_y":[0.3,-1.9]},"model":"Taki_040_羽丘冬装_高二_v1.2/taki_school_winter-2023.moc","physics":"Taki_040_羽丘冬装_高二_v1.2/taki_school_winter-2023.physics.json","textures":["040_general_rip/texture_00.png","Taki_040_羽丘冬装_高二_v1.2/texture_01.png"],"motions":{"nnf04":[{"file":"040_general_rip/nnf04.mtn"}],"smile04":[{"file":"040_general_rip/smile04.mtn"}],"nf01":[{"file":"040_general_rip/nf01.mtn"}],"smile02":[{"file":"040_general_rip/smile02.mtn"}],"nnf_left01":[{"file":"040_general_rip/nnf_left01.mtn"}],"angry04":[{"file":"040_general_rip/angry04.mtn"}],"nnf05":[{"file":"040_general_rip/nnf05.mtn"}],"cry01":[{"file":"040_general_rip/cry01.mtn"}],"pui01":[{"file":"040_general_rip/pui01.mtn"}],"nnf01":[{"file":"040_general_rip/nnf01.mtn"}],"sad02":[{"file":"040_general_rip/sad02.mtn"}],"nf05":[{"file":"040_general_rip/nf05.mtn"}],"smile03":[{"file":"040_general_rip/smile03.mtn"}],"nf02":[{"file":"040_general_rip/nf02.mtn"}],"sigh02":[{"file":"040_general_rip/sigh02.mtn"}],"surprised01":[{"file":"040_general_rip/surprised01.mtn"}],"nf03":[{"file":"040_general_rip/nf03.mtn"}],"smile01":[{"file":"040_general_rip/smile01.mtn"}],"kandou01":[{"file":"040_general_rip/kandou01.mtn"}],"surprised02":[{"file":"040_general_rip/surprised02.mtn"}],"bye01":[{"file":"040_general_rip/bye01.mtn"}],"nf04":[{"file":"040_general_rip/nf04.mtn"}],"thinking01":[{"file":"040_general_rip/thinking01.mtn"}],"nnf03":[{"file":"040_general_rip/nnf03.mtn"}],"bye02":[{"file":"040_general_rip/bye02.mtn"}],"sigh01":[{"file":"040_general_rip/sigh01.mtn"}],"nnf_right01":[{"file":"040_general_rip/nnf_right01.mtn"}],"nnf02":[{"file":"040_general_rip/nnf02.mtn"}],"sad03":[{"file":"040_general_rip/sad03.mtn"}],"angry01":[{"file":"040_general_rip/angry01.mtn"}],"sad01":[{"file":"040_general_rip/sad01.mtn"}],"kime01":[{"file":"040_general_rip/kime01.mtn"}],"angry02":[{"file":"040_general_rip/angry02.mtn"}],"nf_left01":[{"file":"040_general_rip/nf_left01.mtn"}],"ando01":[{"file":"040_general_rip/ando01.mtn"}],"serious01":[{"file":"040_general_rip/serious01.mtn"}],"angry03":[{"file":"040_general_rip/angry03.mtn"}],"serious02":[{"file":"040_general_rip/serious02.mtn"}],"nf_right01":[{"file":"040_general_rip/nf_right01.mtn"}],"shame01":[{"file":"040_general_rip/shame01.mtn"}],"shame02":[{"file":"040_general_rip/shame02.mtn"}],"cry02":[{"file":"040_general_rip/cry02.mtn"}],"idle01":[{"file":"040_general_rip/idle01.mtn"}]},"expressions":[{"name":"shame01","file":"040_general_rip/shame01.exp.json"},{"name":"smile02","file":"040_general_rip/smile02.exp.json"},{"name":"bye01","file":"040_general_rip/bye01.exp.json"},{"name":"angry03","file":"040_general_rip/angry03.exp.json"},{"name":"idle01","file":"040_general_rip/idle01.exp.json"},{"name":"bye02","file":"040_general_rip/bye02.exp.json"},{"name":"cry02","file":"040_general_rip/cry02.exp.json"},{"name":"cry01","file":"040_general_rip/cry01.exp.json"},{"name":"kime01","file":"040_general_rip/kime01.exp.json"},{"name":"sad01","file":"040_general_rip/sad01.exp.json"},{"name":"sigh02","file":"040_general_rip/sigh02.exp.json"},{"name":"kandou01","file":"040_general_rip/kandou01.exp.json"},{"name":"thinking01","file":"040_general_rip/thinking01.exp.json"},{"name":"surprised01","file":"040_general_rip/surprised01.exp.json"},{"name":"ando01","file":"040_general_rip/ando01.exp.json"},{"name":"pui01","file":"040_general_rip/pui01.exp.json"},{"name":"smile03","file":"040_general_rip/smile03.exp.json"},{"name":"angry04","file":"040_general_rip/angry04.exp.json"},{"name":"angry02","file":"040_general_rip/angry02.exp.json"},{"name":"serious02","file":"040_general_rip/serious02.exp.json"},{"name":"surprised02","file":"040_general_rip/surprised02.exp.json"},{"name":"smile04","file":"040_general_rip/smile04.exp.json"},{"name":"娇羞","file":"040_general_rip/JiaoXiu.exp.json"},{"name":"左转身","file":"040_general_rip/L_Boby.exp.json"},{"name":"右转身","file":"040_general_rip/R_Boby.exp.json"},{"name":"sad02","file":"040_general_rip/sad02.exp.json"},{"name":"default","file":"040_general_rip/default.exp.json"},{"name":"serious01","file":"040_general_rip/serious01.exp.json"},{"name":"smile01","file":"040_general_rip/smile01.exp.json"},{"name":"angry01","file":"040_general_rip/angry01.exp.json"},{"name":"sad03","file":"040_general_rip/sad03.exp.json"},{"name":"shame02","file":"040_general_rip/shame02.exp.json"},{"name":"sigh01","file":"040_general_rip/sigh01.exp.json"}]}