{"version": "Sample 1.0.0", "layout": {"center_x": 0, "center_y": 0, "width": 2}, "hit_areas_custom": {"head_x": [-0.25, 1], "head_y": [0.25, 0.2], "body_x": [-0.3, 0.2], "body_y": [0.3, -1.9]}, "model": "live2d/chara/038_dream_festival_3_ur_rip/rana_fes-3.moc", "physics": "live2d/chara/038_dream_festival_3_ur_rip/rana_fes-3.physics.json", "textures": ["live2d/chara/038_general_rip/texture_00.png", "live2d/chara/038_dream_festival_3_ur_rip/texture_01.png"], "motions": {"tomori_nnf04":[{"file":"live2d/chara/036_general_rip/tomori_nnf04.mtn"}],"tomori_sing02":[{"file":"live2d/chara/036_general_rip/tomori_sing02.mtn"}],"tomori_smile02":[{"file":"live2d/chara/036_general_rip/tomori_smile02.mtn"}],"tomori_angry02":[{"file":"live2d/chara/036_general_rip/tomori_angry02.mtn"}],"tomori_nf03":[{"file":"live2d/chara/036_general_rip/tomori_nf03.mtn"}],"tomori_nf04":[{"file":"live2d/chara/036_general_rip/tomori_nf04.mtn"}],"tomori_nnf01":[{"file":"live2d/chara/036_general_rip/tomori_nnf01.mtn"}],"tomori_thinking02":[{"file":"live2d/chara/036_general_rip/tomori_thinking02.mtn"}],"tomori_nf02":[{"file":"live2d/chara/036_general_rip/tomori_nf02.mtn"}],"tomori_sad04":[{"file":"live2d/chara/036_general_rip/tomori_sad04.mtn"}],"tomori_sad02":[{"file":"live2d/chara/036_general_rip/tomori_sad02.mtn"}],"tomori_surprised01":[{"file":"live2d/chara/036_general_rip/tomori_surprised01.mtn"}],"tomori_nf05":[{"file":"live2d/chara/036_general_rip/tomori_nf05.mtn"}],"nf01":[{"file":"live2d/chara/036_general_rip/tomori_nf01.mtn"}],"tomori_nf_left01":[{"file":"live2d/chara/036_general_rip/tomori_nf_left01.mtn"}],"tomori_smile01":[{"file":"live2d/chara/036_general_rip/tomori_smile01.mtn"}],"tomori_smile04":[{"file":"live2d/chara/036_general_rip/tomori_smile04.mtn"}],"tomori_cry02":[{"file":"live2d/chara/036_general_rip/tomori_cry02.mtn"}],"tomori_shame02":[{"file":"live2d/chara/036_general_rip/tomori_shame02.mtn"}],"tomori_kandou03":[{"file":"live2d/chara/036_general_rip/tomori_kandou03.mtn"}],"tomori_nnf02":[{"file":"live2d/chara/036_general_rip/tomori_nnf02.mtn"}],"tomori_nnf_left01":[{"file":"live2d/chara/036_general_rip/tomori_nnf_left01.mtn"}],"tomori_nnf05":[{"file":"live2d/chara/036_general_rip/tomori_nnf05.mtn"}],"tomori_kandou02":[{"file":"live2d/chara/036_general_rip/tomori_kandou02.mtn"}],"tomori_kime01":[{"file":"live2d/chara/036_general_rip/tomori_kime01.mtn"}],"tomori_sing01":[{"file":"live2d/chara/036_general_rip/tomori_sing01.mtn"}],"tomori_sad01":[{"file":"live2d/chara/036_general_rip/tomori_sad01.mtn"}],"tomori_thinking01":[{"file":"live2d/chara/036_general_rip/tomori_thinking01.mtn"}],"tomori_shame01":[{"file":"live2d/chara/036_general_rip/tomori_shame01.mtn"}],"tomori_nnf_right01":[{"file":"live2d/chara/036_general_rip/tomori_nnf_right01.mtn"}],"tomori_bye01":[{"file":"live2d/chara/036_general_rip/tomori_bye01.mtn"}],"tomori_serious01":[{"file":"live2d/chara/036_general_rip/tomori_serious01.mtn"}],"tomori_nnf03":[{"file":"live2d/chara/036_general_rip/tomori_nnf03.mtn"}],"cry01":[{"file":"live2d/chara/036_general_rip/tomori_cry01.mtn"}],"tomori_serious02":[{"file":"live2d/chara/036_general_rip/tomori_serious02.mtn"}],"tomori_kime02":[{"file":"live2d/chara/036_general_rip/tomori_kime02.mtn"}],"tomori_angry01":[{"file":"live2d/chara/036_general_rip/tomori_angry01.mtn"}],"tomori_sad03":[{"file":"live2d/chara/036_general_rip/tomori_sad03.mtn"}],"tomori_kandou01":[{"file":"live2d/chara/036_general_rip/tomori_kandou01.mtn"}],"tomori_idle01":[{"file":"live2d/chara/036_general_rip/tomori_idle01.mtn"}],"tomori_nf_right01":[{"file":"live2d/chara/036_general_rip/tomori_nf_right01.mtn"}],"tomori_smile03":[{"file":"live2d/chara/036_general_rip/tomori_smile03.mtn"}],
"angry01": [{"file": "live2d/chara/038_general_rip/angry01.mtn"}], "angry03": [{"file": "live2d/chara/038_general_rip/angry03.mtn"}], "bye01": [{"file": "live2d/chara/038_general_rip/bye01.mtn"}], "cry01": [{"file": "live2d/chara/038_general_rip/cry01.mtn"}], "idle01": [{"file": "live2d/chara/038_general_rip/idle01.mtn"}], "kime01": [{"file": "live2d/chara/038_general_rip/kime01.mtn"}], "nf01": [{"file": "live2d/chara/038_general_rip/nf01.mtn"}], "nf02": [{"file": "live2d/chara/038_general_rip/nf02.mtn"}], "nf03": [{"file": "live2d/chara/038_general_rip/nf03.mtn"}], "nf04": [{"file": "live2d/chara/038_general_rip/nf04.mtn"}], "nf05": [{"file": "live2d/chara/038_general_rip/nf05.mtn"}], "nf_left01": [{"file": "live2d/chara/038_general_rip/nf_left01.mtn"}], "nf_right01": [{"file": "live2d/chara/038_general_rip/nf_right01.mtn"}], "niya01": [{"file": "live2d/chara/038_general_rip/niya01.mtn"}], "nnf01": [{"file": "live2d/chara/038_general_rip/nnf01.mtn"}], "nnf02": [{"file": "live2d/chara/038_general_rip/nnf02.mtn"}], "nnf03": [{"file": "live2d/chara/038_general_rip/nnf03.mtn"}], "nnf04": [{"file": "live2d/chara/038_general_rip/nnf04.mtn"}], "nnf05": [{"file": "live2d/chara/038_general_rip/nnf05.mtn"}], "nnf_left01": [{"file": "live2d/chara/038_general_rip/nnf_left01.mtn"}], "nnf_right01": [{"file": "live2d/chara/038_general_rip/nnf_right01.mtn"}], "sad01": [{"file": "live2d/chara/038_general_rip/sad01.mtn"}], "serious01": [{"file": "live2d/chara/038_general_rip/serious01.mtn"}], "serious02": [{"file": "live2d/chara/038_general_rip/serious02.mtn"}], "sigh01": [{"file": "live2d/chara/038_general_rip/sigh01.mtn"}], "smile01": [{"file": "live2d/chara/038_general_rip/smile01.mtn"}], "smile02": [{"file": "live2d/chara/038_general_rip/smile02.mtn"}], "smile04": [{"file": "live2d/chara/038_general_rip/smile04.mtn"}], "surprised01": [{"file": "live2d/chara/038_general_rip/surprised01.mtn"}], "thinking01": [{"file": "live2d/chara/038_general_rip/thinking01.mtn"}], "angry02": [{"file": "live2d/chara/038_dream_festival_3_ur_rip/angry02.mtn"}], "gacha01": [{"file": "live2d/chara/038_dream_festival_3_ur_rip/gacha01.mtn"}], "shame01": [{"file": "live2d/chara/038_dream_festival_3_ur_rip/shame01.mtn"}]}, "expressions": [{"name":"tomori_surprised01","file":"live2d/chara/036_general_rip/tomori_surprised01.exp.json"},{"name":"tomori_sad04","file":"live2d/chara/036_general_rip/tomori_sad04.exp.json"},{"name":"tomori_angry01","file":"live2d/chara/036_general_rip/tomori_angry01.exp.json"},{"name":"tomori_bye01","file":"live2d/chara/036_general_rip/tomori_bye01.exp.json"},{"name":"tomori_cry01","file":"live2d/chara/036_general_rip/tomori_cry01.exp.json"},{"name":"tomori_kime01","file":"live2d/chara/036_general_rip/tomori_kime01.exp.json"},{"name":"tomori_cry02","file":"live2d/chara/036_general_rip/tomori_cry02.exp.json"},{"name":"tomori_sad01","file":"live2d/chara/036_general_rip/tomori_sad01.exp.json"},{"name":"tomori_kandou02","file":"live2d/chara/036_general_rip/tomori_kandou02.exp.json"},{"name":"tomori_smile02","file":"live2d/chara/036_general_rip/tomori_smile02.exp.json"},{"name":"tomori_sad02","file":"live2d/chara/036_general_rip/tomori_sad02.exp.json"},{"name":"tomori_smile03","file":"live2d/chara/036_general_rip/tomori_smile03.exp.json"},{"name":"tomori_kandou01","file":"live2d/chara/036_general_rip/tomori_kandou01.exp.json"},{"name":"tomori_serious02","file":"live2d/chara/036_general_rip/tomori_serious02.exp.json"},{"name":"tomori_kime02","file":"live2d/chara/036_general_rip/tomori_kime02.exp.json"},{"name":"tomori_sing02","file":"live2d/chara/036_general_rip/tomori_sing02.exp.json"},{"name":"tomori_smile04","file":"live2d/chara/036_general_rip/tomori_smile04.exp.json"},{"name":"tomori_sad03","file":"live2d/chara/036_general_rip/tomori_sad03.exp.json"},{"name":"tomori_shame02","file":"live2d/chara/036_general_rip/tomori_shame02.exp.json"},{"name":"tomori_thinking01","file":"live2d/chara/036_general_rip/tomori_thinking01.exp.json"},{"name":"tomori_smile01","file":"live2d/chara/036_general_rip/tomori_smile01.exp.json"},{"name":"tomori_shame01","file":"live2d/chara/036_general_rip/tomori_shame01.exp.json"},{"name":"tomori_idle","file":"live2d/chara/036_general_rip/tomori_idle.exp.json"},{"name":"tomori_serious01","file":"live2d/chara/036_general_rip/tomori_serious01.exp.json"},{"name":"tomori_thinking02","file":"live2d/chara/036_general_rip/tomori_thinking02.exp.json"},{"name":"tomori_default","file":"live2d/chara/036_general_rip/tomori_default.exp.json"},{"name":"tomori_sing01","file":"live2d/chara/036_general_rip/tomori_sing01.exp.json"},{"name":"tomori_kandou03","file":"live2d/chara/036_general_rip/tomori_kandou03.exp.json"},{"name":"tomori_angry02","file":"live2d/chara/036_general_rip/tomori_angry02.exp.json"},
{"name": "angry01", "file": "live2d/chara/038_general_rip/angry01.exp.json"}, {"name": "angry02", "file": "live2d/chara/038_general_rip/angry02.exp.json"}, {"name": "angry03", "file": "live2d/chara/038_general_rip/angry03.exp.json"}, {"name": "bye01", "file": "live2d/chara/038_general_rip/bye01.exp.json"}, {"name": "cry01", "file": "live2d/chara/038_general_rip/cry01.exp.json"}, {"name": "default", "file": "live2d/chara/038_general_rip/default.exp.json"}, {"name": "idle01", "file": "live2d/chara/038_general_rip/idle01.exp.json"}, {"name": "kime01", "file": "live2d/chara/038_general_rip/kime01.exp.json"}, {"name": "niya01", "file": "live2d/chara/038_general_rip/niya01.exp.json"}, {"name": "sad01", "file": "live2d/chara/038_general_rip/sad01.exp.json"}, {"name": "serious01", "file": "live2d/chara/038_general_rip/serious01.exp.json"}, {"name": "serious02", "file": "live2d/chara/038_general_rip/serious02.exp.json"}, {"name": "shame01", "file": "live2d/chara/038_general_rip/shame01.exp.json"}, {"name": "sigh01", "file": "live2d/chara/038_general_rip/sigh01.exp.json"}, {"name": "smile01", "file": "live2d/chara/038_general_rip/smile01.exp.json"}, {"name": "smile02", "file": "live2d/chara/038_general_rip/smile02.exp.json"}, {"name": "smile04", "file": "live2d/chara/038_general_rip/smile04.exp.json"}, {"name": "surprised01", "file": "live2d/chara/038_general_rip/surprised01.exp.json"}, {"name": "thinking01", "file": "live2d/chara/038_general_rip/thinking01.exp.json"}]}