{
    "version": "Sample 1.0.0",
    "layout": {
        "center_x": 0,
        "center_y": 0,
        "width": 2
    },
    "hit_areas_custom": {
        "head_x": [
            -0.25,
            1
        ],
        "head_y": [
            0.25,
            0.2
        ],
        "body_x": [
            -0.3,
            0.2
        ],
        "body_y": [
            0.3,
            -1.9
        ]
    },
    "model": "live2d/chara/032_live_event_253_ssr_rip/lock_event253.moc",
    "physics": "live2d/chara/032_live_event_253_ssr_rip/lock_event253.physics.json",
    "textures": [
        "live2d/chara/032_live_event_253_ssr_rip/texture_00.png",
        "live2d/chara/032_live_event_253_ssr_rip/texture_01.png"
    ],
    "motions": {"angry01":[{"file":"live2d/chara/032_general_rip/angry01.mtn"}],
"angry02":[{"file":"live2d/chara/032_general_rip/angry02.mtn"}],
"angry03":[{"file":"live2d/chara/032_general_rip/angry03.mtn"}],
"angry04":[{"file":"live2d/chara/032_general_rip/angry04.mtn"}],
"angry05":[{"file":"live2d/chara/032_general_rip/angry05.mtn"}],
"angry06":[{"file":"live2d/chara/032_general_rip/angry06.mtn"}],
"angry07":[{"file":"live2d/chara/032_general_rip/angry07.mtn"}],
"bye01":[{"file":"live2d/chara/032_general_rip/bye01.mtn"}],
"bye02":[{"file":"live2d/chara/032_general_rip/bye02.mtn"}],
"cry01":[{"file":"live2d/chara/032_general_rip/cry01.mtn"}],
"cry02":[{"file":"live2d/chara/032_general_rip/cry02.mtn"}],
"cry03":[{"file":"live2d/chara/032_general_rip/cry03.mtn"}],
"cry04":[{"file":"live2d/chara/032_general_rip/cry04.mtn"}],
"cry05":[{"file":"live2d/chara/032_general_rip/cry05.mtn"}],
"idle01":[{"file":"live2d/chara/032_general_rip/idle01.mtn"}],
"kime01":[{"file":"live2d/chara/032_general_rip/kime01.mtn"}],
"nf01":[{"file":"live2d/chara/032_general_rip/nf01.mtn"}],
"nf02":[{"file":"live2d/chara/032_general_rip/nf02.mtn"}],
"nf03":[{"file":"live2d/chara/032_general_rip/nf03.mtn"}],
"nf04":[{"file":"live2d/chara/032_general_rip/nf04.mtn"}],
"nf05":[{"file":"live2d/chara/032_general_rip/nf05.mtn"}],
"nf_left01":[{"file":"live2d/chara/032_general_rip/nf_left01.mtn"}],
"nf_right01":[{"file":"live2d/chara/032_general_rip/nf_right01.mtn"}],
"nnf01":[{"file":"live2d/chara/032_general_rip/nnf01.mtn"}],
"nnf02":[{"file":"live2d/chara/032_general_rip/nnf02.mtn"}],
"nnf03":[{"file":"live2d/chara/032_general_rip/nnf03.mtn"}],
"nnf04":[{"file":"live2d/chara/032_general_rip/nnf04.mtn"}],
"nnf05":[{"file":"live2d/chara/032_general_rip/nnf05.mtn"}],
"nnf_left01":[{"file":"live2d/chara/032_general_rip/nnf_left01.mtn"}],
"nnf_right01":[{"file":"live2d/chara/032_general_rip/nnf_right01.mtn"}],
"nod01":[{"file":"live2d/chara/032_general_rip/nod01.mtn"}],
"odoodo01":[{"file":"live2d/chara/032_general_rip/odoodo01.mtn"}],
"sad01":[{"file":"live2d/chara/032_general_rip/sad01.mtn"}],
"sad02":[{"file":"live2d/chara/032_general_rip/sad02.mtn"}],
"serious01":[{"file":"live2d/chara/032_general_rip/serious01.mtn"}],
"serious02":[{"file":"live2d/chara/032_general_rip/serious02.mtn"}],
"shame01":[{"file":"live2d/chara/032_general_rip/shame01.mtn"}],
"shame02":[{"file":"live2d/chara/032_general_rip/shame02.mtn"}],
"sigh01":[{"file":"live2d/chara/032_general_rip/sigh01.mtn"}],
"sigh02":[{"file":"live2d/chara/032_general_rip/sigh02.mtn"}],
"smile01":[{"file":"live2d/chara/032_general_rip/smile01.mtn"}],
"smile02":[{"file":"live2d/chara/032_general_rip/smile02.mtn"}],
"smile03":[{"file":"live2d/chara/032_general_rip/smile03.mtn"}],
"smile04":[{"file":"live2d/chara/032_general_rip/smile04.mtn"}],
"smile05":[{"file":"live2d/chara/032_general_rip/smile05.mtn"}],
"smile06":[{"file":"live2d/chara/032_general_rip/smile06.mtn"}],
"surprised01":[{"file":"live2d/chara/032_general_rip/surprised01.mtn"}],
"surprised02":[{"file":"live2d/chara/032_general_rip/surprised02.mtn"}],
"thinking01":[{"file":"live2d/chara/032_general_rip/thinking01.mtn"}],
"thinking02":[{"file":"live2d/chara/032_general_rip/thinking02.mtn"}]},
    "expressions": [
            ]
}