{"version": "Sample 1.0.0", "layout": {"center_x": 0, "center_y": 0, "width": 2}, "hit_areas_custom": {"head_x": [-0.25, 1], "head_y": [0.25, 0.2], "body_x": [-0.3, 0.2], "body_y": [0.3, -1.9]}, "model": "live2d/chara/030_kirameki_festival_rip/rui_back-fes.moc", "physics": "live2d/chara/030_kirameki_festival_rip/rui_back-fes.physics.json", "textures": ["live2d/chara/030_general_rip/texture_00.png", "live2d/chara/030_kirameki_festival_rip/texture_01.png"], "motions": {"angry01": [{"file": "live2d/chara/030_kirameki_festival_rip/angry01.mtn"}], "bye01": [{"file": "live2d/chara/030_kirameki_festival_rip/bye01.mtn"}], "idle01": [{"file": "live2d/chara/030_kirameki_festival_rip/idle01.mtn"}], "kime01": [{"file": "live2d/chara/030_kirameki_festival_rip/kime01.mtn"}], "nf01": [{"file": "live2d/chara/030_kirameki_festival_rip/nf01.mtn"}], "nf02": [{"file": "live2d/chara/030_kirameki_festival_rip/nf02.mtn"}], "nf03": [{"file": "live2d/chara/030_kirameki_festival_rip/nf03.mtn"}], "nf04": [{"file": "live2d/chara/030_kirameki_festival_rip/nf04.mtn"}], "nf05": [{"file": "live2d/chara/030_kirameki_festival_rip/nf05.mtn"}], "nf_left01": [{"file": "live2d/chara/030_kirameki_festival_rip/nf_left01.mtn"}], "nf_right01": [{"file": "live2d/chara/030_kirameki_festival_rip/nf_right01.mtn"}], "nnf01": [{"file": "live2d/chara/030_kirameki_festival_rip/nnf01.mtn"}], "nnf02": [{"file": "live2d/chara/030_kirameki_festival_rip/nnf02.mtn"}], "nnf03": [{"file": "live2d/chara/030_kirameki_festival_rip/nnf03.mtn"}], "nnf04": [{"file": "live2d/chara/030_kirameki_festival_rip/nnf04.mtn"}], "nnf05": [{"file": "live2d/chara/030_kirameki_festival_rip/nnf05.mtn"}], "nnf_left01": [{"file": "live2d/chara/030_kirameki_festival_rip/nnf_left01.mtn"}], "nnf_right01": [{"file": "live2d/chara/030_kirameki_festival_rip/nnf_right01.mtn"}], "odoodo01": [{"file": "live2d/chara/030_kirameki_festival_rip/odoodo01.mtn"}], "sad01": [{"file": "live2d/chara/030_kirameki_festival_rip/sad01.mtn"}], "sad02": [{"file": "live2d/chara/030_kirameki_festival_rip/sad02.mtn"}], "serious01": [{"file": "live2d/chara/030_kirameki_festival_rip/serious01.mtn"}], "serious02": [{"file": "live2d/chara/030_kirameki_festival_rip/serious02.mtn"}], "sigh01": [{"file": "live2d/chara/030_kirameki_festival_rip/sigh01.mtn"}], "sigh02": [{"file": "live2d/chara/030_kirameki_festival_rip/sigh02.mtn"}], "smile01": [{"file": "live2d/chara/030_kirameki_festival_rip/smile01.mtn"}], "smile03": [{"file": "live2d/chara/030_kirameki_festival_rip/smile03.mtn"}], "surprised01": [{"file": "live2d/chara/030_kirameki_festival_rip/surprised01.mtn"}], "sys-urafes-RU-001": [{"file": "live2d/chara/030_kirameki_festival_rip/sys-urafes-RU-001.mtn"}], "sys-urafes-RU-002": [{"file": "live2d/chara/030_kirameki_festival_rip/sys-urafes-RU-002.mtn"}], "sys-urafes-RU-003": [{"file": "live2d/chara/030_kirameki_festival_rip/sys-urafes-RU-003.mtn"}], "sys-urafes-RU-004": [{"file": "live2d/chara/030_kirameki_festival_rip/sys-urafes-RU-004.mtn"}], "sys-urafes-RU-005": [{"file": "live2d/chara/030_kirameki_festival_rip/sys-urafes-RU-005.mtn"}], "sys-urafes-RU-006": [{"file": "live2d/chara/030_kirameki_festival_rip/sys-urafes-RU-006.mtn"}], "sys-urafes-RU-007": [{"file": "live2d/chara/030_kirameki_festival_rip/sys-urafes-RU-007.mtn"}], "sys-urafes-RU-008": [{"file": "live2d/chara/030_kirameki_festival_rip/sys-urafes-RU-008.mtn"}], "thinking01": [{"file": "live2d/chara/030_kirameki_festival_rip/thinking01.mtn"}]}, "expressions": [{"name": "angry01", "file": "live2d/chara/030_general_rip/angry01.exp.json"}, {"name": "default", "file": "live2d/chara/030_general_rip/default.exp.json"}, {"name": "idle01", "file": "live2d/chara/030_general_rip/idle01.exp.json"}, {"name": "kime01", "file": "live2d/chara/030_general_rip/kime01.exp.json"}, {"name": "sad01", "file": "live2d/chara/030_general_rip/sad01.exp.json"}, {"name": "serious01", "file": "live2d/chara/030_general_rip/serious01.exp.json"}, {"name": "smile01", "file": "live2d/chara/030_general_rip/smile01.exp.json"}, {"name": "smile03", "file": "live2d/chara/030_general_rip/smile03.exp.json"}, {"name": "surprised01", "file": "live2d/chara/030_general_rip/surprised01.exp.json"}]}