{"version":"Sample 1.0.0","layout":{"center_x":0,"center_y":0,"width":2},"hit_areas_custom":{"head_x":[-0.25,1],"head_y":[0.25,0.2],"body_x":[-0.3,0.2],"body_y":[0.3,-1.9]},"model":"337_Doloris_v1.22/uika_sumimi.moc","physics":"337_Doloris_v1.22/uika_sumimi.physics.json","textures":["337_general/texture_00D.png","337_Doloris_v1.22/texture_01.2.png"],"motions":{"nnf02":[{"file":"337_general/nnf02.mtn"}],
"serious01":[{"file":"337_general/serious01.mtn"}],
"nf02":[{"file":"337_general/nf02.mtn"}],
"nf_left01":[{"file":"337_general/nf_left01.mtn"}],
"nf05":[{"file":"337_general/nf05.mtn"}],
"smile02":[{"file":"337_general/smile02.mtn"}],
"nnf04":[{"file":"337_general/nnf04.mtn"}],
"nf_right01":[{"file":"337_general/nf_right01.mtn"}],
"smile01":[{"file":"337_general/smile01.mtn"}],
"nf04":[{"file":"337_general/nf04.mtn"}],
"nnf03":[{"file":"337_general/nnf03.mtn"}],
"nnf_right01":[{"file":"337_general/nnf_right01.mtn"}],
"smile03":[{"file":"337_general/smile03.mtn"}],
"nnf05":[{"file":"337_general/nnf05.mtn"}],
"mitore01":[{"file":"337_general/mitore01.mtn"}],
"shame01":[{"file":"337_general/shame01.mtn"}],
"nf03":[{"file":"337_general/nf03.mtn"}],
"idle01":[{"file":"337_general/idle01.mtn"}],
"nnf01":[{"file":"337_general/nnf01.mtn"}],
"angry01":[{"file":"337_general/angry01.mtn"}],
"sad01":[{"file":"337_general/sad01.mtn"}],
"kime01":[{"file":"337_general/kime01.mtn"}],
"surprised01":[{"file":"337_general/surprised01.mtn"}],
"nf01":[{"file":"337_general/nf01.mtn"}],
"cry01":[{"file":"337_general/cry01.mtn"}],
"nnf_left01":[{"file":"337_general/nnf_left01.mtn"}],"K_angry01": [{"file": "012_general/K_angry01.mtn"}],
 "K_bye01": [{"file": "012_general/K_bye01.mtn"}],
 "K_cry01": [{"file": "012_general/K_cry01.mtn"}],
 "K_idle01": [{"file": "012_general/K_idle01.mtn"}],
 "K_idle02": [{"file": "012_general/K_idle02.mtn"}],
 "K_kime01": [{"file": "012_general/K_kime01.mtn"}],
 "K_kime02": [{"file": "012_general/K_kime02.mtn"}],
 "K_kime03": [{"file": "012_general/K_kime03.mtn"}],
 "K_kime04": [{"file": "012_general/K_kime04.mtn"}],
 "K_kime05": [{"file": "012_general/K_kime05.mtn"}],
 "K_natural01": [{"file": "012_general/K_natural01.mtn"}],
 "K_nf01": [{"file": "012_general/K_nf01.mtn"}],
 "K_nf02": [{"file": "012_general/K_nf02.mtn"}],
 "K_nf03": [{"file": "012_general/K_nf03.mtn"}],
 "K_nf04": [{"file": "012_general/K_nf04.mtn"}],
 "K_nf05": [{"file": "012_general/K_nf05.mtn"}],
 "K_nf_left01": [{"file": "012_general/K_nf_left01.mtn"}],
 "K_nf_right01": [{"file": "012_general/K_nf_right01.mtn"}],
 "K_nnf01": [{"file": "012_general/K_nnf01.mtn"}],
 "K_nnf02": [{"file": "012_general/K_nnf02.mtn"}],
 "K_nnf03": [{"file": "012_general/K_nnf03.mtn"}],
 "K_nnf04": [{"file": "012_general/K_nnf04.mtn"}],
 "K_nnf05": [{"file": "012_general/K_nnf05.mtn"}],
 "K_nnf_left01": [{"file": "012_general/K_nnf_left01.mtn"}],
 "K_nnf_right01": [{"file": "012_general/K_nnf_right01.mtn"}],
 "K_sad01": [{"file": "012_general/K_sad01.mtn"}],
 "K_serious01": [{"file": "012_general/K_serious01.mtn"}],
 "K_serious02": [{"file": "012_general/K_serious02.mtn"}],
 "K_shame01": [{"file": "012_general/K_shame01.mtn"}],
 "K_smile01": [{"file": "012_general/K_smile01.mtn"}],
 "K_surprised01": [{"file": "012_general/K_surprised01.mtn"}],
 "K_wink01": [{"file": "012_general/K_wink01.mtn"}],
 "K_worry01": [{"file": "012_general/K_worry01.mtn"}],
 "K_worry02": [{"file": "012_general/K_worry02.mtn"}]},"expressions":[{"name":"idle01","file":"337_general/idle01.exp.json"},{"name":"serious01","file":"337_general/serious01.exp.json"},{"name":"default","file":"337_general/default.exp.json"},{"name":"smile02","file":"337_general/smile02.exp.json"},{"name":"angry01","file":"337_general/angry01.exp.json"},{"name":"shame01","file":"337_general/shame01.exp.json"},{"name":"smile01","file":"337_general/smile01.exp.json"},{"name":"cry01","file":"337_general/cry01.exp.json"},{"name":"surprised01","file":"337_general/surprised01.exp.json"},{"name":"sad01","file":"337_general/sad01.exp.json"},{"name":"kime01","file":"337_general/kime01.exp.json"},{"name": "K_angry01", "file": "012_general/K_angry01.exp.json"},
 {"name": "K_cry01", "file": "012_general/K_cry01.exp.json"},
 {"name": "K_default", "file": "012_general/K_default.exp.json"},
 {"name": "K_idle01", "file": "012_general/K_idle01.exp.json"},
 {"name": "K_kaoru_default", "file": "012_general/K_kaoru_default.exp.json"},
 {"name": "K_kaoru_sad", "file": "012_general/K_kaoru_sad.exp.json"},
 {"name": "K_kaoru_smile01", "file": "012_general/K_kaoru_smile01.exp.json"},
 {"name": "K_kaoru_special", "file": "012_general/K_kaoru_special.exp.json"},
 {"name": "K_kaoru_special02", "file": "012_general/K_kaoru_special02.exp.json"},
 {"name": "K_kaoru_surprised", "file": "012_general/K_kaoru_surprised.exp.json"},
 {"name": "K_kime01", "file": "012_general/K_kime01.exp.json"},
 {"name": "K_kime02", "file": "012_general/K_kime02.exp.json"},
 {"name": "K_kime04", "file": "012_general/K_kime04.exp.json"},
 {"name": "K_sad01", "file": "012_general/K_sad01.exp.json"},
 {"name": "K_serious01", "file": "012_general/K_serious01.exp.json"},
 {"name": "K_smile01", "file": "012_general/K_smile01.exp.json"},
 {"name": "K_surprised01", "file": "012_general/K_surprised01.exp.json"},
 {"name": "K_worry01", "file": "012_general/K_worry01.exp.json"}]}