{"version": "Sample 1.0.0", "layout": {"center_x": 0, "center_y": 0, "width": 2}, "hit_areas_custom": {"head_x": [-0.25, 1], "head_y": [0.25, 0.2], "body_x": [-0.3, 0.2], "body_y": [0.3, -1.9]}, "model": "live2d/chara/017_casual_winter-2023_rip/hina_casual_winter-2023.moc", "physics": "live2d/chara/017_casual_winter-2023_rip/hina_casual_winter-2023.physics.json", "textures": ["live2d/chara/017_general_rip/texture_00.png", "live2d/chara/017_casual_winter-2023_rip/texture_01.png"], "motions": {"angry01": [{"file": "live2d/chara/017_general_rip/angry01.mtn"}], "awate01": [{"file": "live2d/chara/017_general_rip/awate01.mtn"}], "awkward01": [{"file": "live2d/chara/017_general_rip/awkward01.mtn"}], "cry01": [{"file": "live2d/chara/017_general_rip/cry01.mtn"}], "eeto01": [{"file": "live2d/chara/017_general_rip/eeto01.mtn"}], "idle01": [{"file": "live2d/chara/017_general_rip/idle01.mtn"}], "kime01": [{"file": "live2d/chara/017_general_rip/kime01.mtn"}], "nf01": [{"file": "live2d/chara/017_general_rip/nf01.mtn"}], "nf02": [{"file": "live2d/chara/017_general_rip/nf02.mtn"}], "nf03": [{"file": "live2d/chara/017_general_rip/nf03.mtn"}], "nf04": [{"file": "live2d/chara/017_general_rip/nf04.mtn"}], "nf05": [{"file": "live2d/chara/017_general_rip/nf05.mtn"}], "nf_left01": [{"file": "live2d/chara/017_general_rip/nf_left01.mtn"}], "nf_right01": [{"file": "live2d/chara/017_general_rip/nf_right01.mtn"}], "nnf01": [{"file": "live2d/chara/017_general_rip/nnf01.mtn"}], "nnf02": [{"file": "live2d/chara/017_general_rip/nnf02.mtn"}], "nnf03": [{"file": "live2d/chara/017_general_rip/nnf03.mtn"}], "nnf04": [{"file": "live2d/chara/017_general_rip/nnf04.mtn"}], "nnf05": [{"file": "live2d/chara/017_general_rip/nnf05.mtn"}], "nnf_left01": [{"file": "live2d/chara/017_general_rip/nnf_left01.mtn"}], "nnf_right01": [{"file": "live2d/chara/017_general_rip/nnf_right01.mtn"}], "nod01": [{"file": "live2d/chara/017_general_rip/nod01.mtn"}], "sad01": [{"file": "live2d/chara/017_general_rip/sad01.mtn"}], "sad02": [{"file": "live2d/chara/017_general_rip/sad02.mtn"}], "serious01": [{"file": "live2d/chara/017_general_rip/serious01.mtn"}], "shame01": [{"file": "live2d/chara/017_general_rip/shame01.mtn"}], "shame02": [{"file": "live2d/chara/017_general_rip/shame02.mtn"}], "smile01": [{"file": "live2d/chara/017_general_rip/smile01.mtn"}], "smile02": [{"file": "live2d/chara/017_general_rip/smile02.mtn"}], "smile03": [{"file": "live2d/chara/017_general_rip/smile03.mtn"}], "smile04": [{"file": "live2d/chara/017_general_rip/smile04.mtn"}], "smile05": [{"file": "live2d/chara/017_general_rip/smile05.mtn"}], "smile06": [{"file": "live2d/chara/017_general_rip/smile06.mtn"}], "surprised01": [{"file": "live2d/chara/017_general_rip/surprised01.mtn"}], "thinking01": [{"file": "live2d/chara/017_general_rip/thinking01.mtn"}]}, "expressions": [{"name": "angry01", "file": "live2d/chara/017_general_rip/angry01.exp.json"}, {"name": "cry01", "file": "live2d/chara/017_general_rip/cry01.exp.json"}, {"name": "default", "file": "live2d/chara/017_general_rip/default.exp.json"}, {"name": "idle01", "file": "live2d/chara/017_general_rip/idle01.exp.json"}, {"name": "kime01", "file": "live2d/chara/017_general_rip/kime01.exp.json"}, {"name": "sad01", "file": "live2d/chara/017_general_rip/sad01.exp.json"}, {"name": "serious01", "file": "live2d/chara/017_general_rip/serious01.exp.json"}, {"name": "shame01", "file": "live2d/chara/017_general_rip/shame01.exp.json"}, {"name": "shame02", "file": "live2d/chara/017_general_rip/shame02.exp.json"}, {"name": "smile01", "file": "live2d/chara/017_general_rip/smile01.exp.json"}, {"name": "smile02", "file": "live2d/chara/017_general_rip/smile02.exp.json"}, {"name": "smile03", "file": "live2d/chara/017_general_rip/smile03.exp.json"}, {"name": "surprised01", "file": "live2d/chara/017_general_rip/surprised01.exp.json"}]}