{
    "type": "Live2D Physics",
    "physics_hair": [
        {
            "label": "clothes_a",
            "setup": {
                "length": 0.19,
                "regist": 0.46,
                "mass": 0.14
            },
            "src": [
                {
                    "id": "PARAM_BODY_ANGLE_Z",
                    "ptype": "angle",
                    "scale": 0.8,
                    "weight": 1
                },
                {
                    "id": "PARAM_BODY_ANGLE_X",
                    "ptype": "x",
                    "scale": 0.005,
                    "weight": 1
                }
            ],
            "targets": [
                {
                    "id": "PARAM_CLOTHES_A",
                    "ptype": "angle",
                    "scale": 0.03,
                    "weight": 1
                }
            ]
        },
        {
            "label": "clothes_b",
            "setup": {
                "length": 0.2,
                "regist": 0.53,
                "mass": 0.23
            },
            "src": [
                {
                    "id": "PARAM_BODY_ANGLE_Z",
                    "ptype": "angle",
                    "scale": 0.8,
                    "weight": 1
                },
                {
                    "id": "PARAM_BODY_ANGLE_X",
                    "ptype": "x",
                    "scale": 0.005,
                    "weight": 1
                }
            ],
            "targets": [
                {
                    "id": "PARAM_CLOTHES_B",
                    "ptype": "angle",
                    "scale": 0.027,
                    "weight": 1
                }
            ]
        },
        {
            "label": "clothes_c",
            "setup": {
                "length": 0.34,
                "regist": 0.55,
                "mass": 0.21
            },
            "src": [
                {
                    "id": "PARAM_BODY_ANGLE_Z",
                    "ptype": "angle",
                    "scale": 0.8,
                    "weight": 1
                },
                {
                    "id": "PARAM_BODY_ANGLE_X",
                    "ptype": "x",
                    "scale": 0.005,
                    "weight": 1
                }
            ],
            "targets": [
                {
                    "id": "PARAM_CLOTHES_C",
                    "ptype": "angle",
                    "scale": 0.04,
                    "weight": 1
                }
            ]
        }
    ]
}