{
	"Version": 3,
	"Parameters": [
		{
			"Id": "zuoyan1",
			"GroupId": "ParamGroup",
			"Name": "左眼1"
		},
		{
			"Id": "zuoyan2",
			"GroupId": "ParamGroup",
			"Name": "左眼2"
		},
		{
			"Id": "youyan1",
			"GroupId": "ParamGroup",
			"Name": "右眼1"
		},
		{
			"Id": "youyan2",
			"GroupId": "ParamGroup",
			"Name": "右眼2"
		},
		{
			"Id": "Param14",
			"GroupId": "ParamGroup3",
			"Name": "刘海"
		},
		{
			"Id": "Param18",
			"GroupId": "",
			"Name": "脸红"
		},
		{
			"Id": "Param15",
			"GroupId": "ParamGroup4",
			"Name": "左肢"
		},
		{
			"Id": "Param16",
			"GroupId": "ParamGroup4",
			"Name": "左手"
		},
		{
			"Id": "Param19",
			"GroupId": "ParamGroup4",
			"Name": "右肢"
		},
		{
			"Id": "youzhitop",
			"GroupId": "ParamGroup4",
			"Name": "右肢上"
		},
		{
			"Id": "Param20",
			"GroupId": "ParamGroup4",
			"Name": "右手"
		},
		{
			"Id": "Param6",
			"GroupId": "ParamGroup2",
			"Name": "嘴"
		},
		{
			"Id": "zui2",
			"GroupId": "ParamGroup2",
			"Name": "嘴2"
		},
		{
			"Id": "meimao1",
			"GroupId": "ParamGroup2",
			"Name": "眉毛1"
		},
		{
			"Id": "meimao2",
			"GroupId": "ParamGroup2",
			"Name": "眉毛2"
		},
		{
			"Id": "Param21",
			"GroupId": "ParamGroup5",
			"Name": "右腿"
		},
		{
			"Id": "Param22",
			"GroupId": "ParamGroup5",
			"Name": "右小腿"
		},
		{
			"Id": "Param23",
			"GroupId": "ParamGroup5",
			"Name": "左腿"
		},
		{
			"Id": "Param24",
			"GroupId": "ParamGroup5",
			"Name": "左小腿"
		},
		{
			"Id": "Param",
			"GroupId": "",
			"Name": "Z轴"
		},
		{
			"Id": "liuhai",
			"GroupId": "",
			"Name": "刘海飘动"
		}
	],
	"ParameterGroups": [
		{
			"Id": "ParamGroup",
			"GroupId": "",
			"Name": "眼睛"
		},
		{
			"Id": "ParamGroup3",
			"GroupId": "",
			"Name": "头发"
		},
		{
			"Id": "ParamGroup4",
			"GroupId": "",
			"Name": "手"
		},
		{
			"Id": "ParamGroup2",
			"GroupId": "",
			"Name": "脸部"
		},
		{
			"Id": "ParamGroup5",
			"GroupId": "",
			"Name": "腿"
		}
	],
	"Parts": [
		{
			"Id": "Part27",
			"Name": "anon_casual.psd(未找到对应图层)"
		},
		{
			"Id": "anon",
			"Name": "anon"
		},
		{
			"Id": "Part",
			"Name": "眉毛"
		},
		{
			"Id": "Part2",
			"Name": "头发前发"
		},
		{
			"Id": "Part16",
			"Name": "眼睛"
		},
		{
			"Id": "Part4",
			"Name": "脸"
		},
		{
			"Id": "Part6",
			"Name": "身体"
		},
		{
			"Id": "Part10",
			"Name": "腿"
		},
		{
			"Id": "Part13",
			"Name": "头发后发"
		},
		{
			"Id": "Part5",
			"Name": "嘴"
		},
		{
			"Id": "Part7",
			"Name": "身前发"
		},
		{
			"Id": "Part8",
			"Name": "左肢"
		},
		{
			"Id": "Part9",
			"Name": "右肢"
		},
		{
			"Id": "Part11",
			"Name": "右腿"
		},
		{
			"Id": "Part12",
			"Name": "左腿"
		}
	],
	"CombinedParameters": [
		[
			"zuoyan1",
			"zuoyan2"
		],
		[
			"youyan1",
			"youyan2"
		],
		[
			"Param19",
			"youzhitop"
		],
		[
			"Param6",
			"zui2"
		],
		[
			"meimao1",
			"meimao2"
		]
	]
}