{
  "Type": "Live2D Expression",
  "FadeInTime": 0.001,
  "FadeOutTime": 0.001,
  "Parameters": [
    {
      "Id": "Param14",
      "Value": -4.19,
      "Blend": "Add"
    },
    {
      "Id": "Param17",
      "Value": -1.93,
      "Blend": "Add"
    },
    {
      "Id": "Param18",
      "Value": -8.06,
      "Blend": "Add"
    },
    {
      "Id": "Param15",
      "Value": 1.29,
      "Blend": "Add"
    },
    {
      "Id": "Param16",
      "Value": -30.0,
      "Blend": "Add"
    },
    {
      "Id": "Param19",
      "Value": -5.48,
      "Blend": "Add"
    },
    {
      "Id": "Param20",
      "Value": -30.0,
      "Blend": "Add"
    },
    {
      "Id": "Param21",
      "Value": -10.63,
      "Blend": "Add"
    },
    {
      "Id": "Param22",
      "Value": 30.0,
      "Blend": "Add"
    },
    {
      "Id": "Param23",
      "Value": -5.8,
      "Blend": "Add"
    },
    {
      "Id": "Param24",
      "Value": 30.0,
      "Blend": "Add"
    }
  ]
}