{
  "Type": "Live2D Expression",
  "FadeInTime": 0.01,
  "FadeOutTime": 0.01,
  "Parameters": [
    {
      "Id": "Param17",
      "Value": -21.93,
      "Blend": "Add"
    },
    {
      "Id": "Param18",
      "Value": 1.29,
      "Blend": "Add"
    },
    {
      "Id": "Param15",
      "Value": -8.06,
      "Blend": "Add"
    },
    {
      "Id": "Param16",
      "Value": -22.58,
      "Blend": "Add"
    },
    {
      "Id": "Param19",
      "Value": -22.9,
      "Blend": "Add"
    },
    {
      "Id": "Param20",
      "Value": -26.45,
      "Blend": "Add"
    },
    {
      "Id": "Param21",
      "Value": -0.96,
      "Blend": "Add"
    }
  ]
}