{
  "type": "Live2D Expression",
  "fade_in": 500,
  "fade_out": 500,
  "params": [
    {
      "id": "PARAM_EYELID_R",
      "val": -0.56
    },
    {
      "id": "PARAM_EYELID_L",
      "val": -0.56
    },
    {
      "id": "PARAM_BROW_R_Y",
      "val": -0.63
    },
    {
      "id": "PARAM_BROW_R_X",
      "val": -0.2
    },
    {
      "id": "PARAM_BROW_R_ANGLE",
      "val": -0.52
    },
    {
      "id": "PARAM_BROW_R_FORM",
      "val": 0.01
    },
    {
      "id": "PARAM_BROW_L_Y",
      "val": -0.63
    },
    {
      "id": "PARAM_BROW_L_X",
      "val": -0.2
    },
    {
      "id": "PARAM_BROW_L_ANGLE",
      "val": -0.52
    },
    {
      "id": "PARAM_BROW_L_FORM",
      "val": 0.01
    }
  ]
}