{"version": "Sample 1.0.0", "layout": {"center_x": 0, "center_y": 0, "width": 2}, "hit_areas_custom": {"head_x": [-0.25, 1], "head_y": [0.25, 0.2], "body_x": [-0.3, 0.2], "body_y": [0.3, -1.9]}, "model": "live2d/chara/025_live_event_180_ssr_rip/rinko_event180.moc", "physics": "live2d/chara/025_live_event_180_ssr_rip/rinko_event180.physics.json", "textures": ["live2d/chara/025_live_event_180_ssr_rip/texture_00.png", "live2d/chara/025_live_event_180_ssr_rip/texture_01.png"], "motions": {"angry01": [{"file": "live2d/chara/025_live_event_180_ssr_rip/angry01.mtn"}], "bye01": [{"file": "live2d/chara/025_live_event_180_ssr_rip/bye01.mtn"}], "chuni02": [{"file": "live2d/chara/025_live_event_180_ssr_rip/chuni02.mtn"}], "chuni03": [{"file": "live2d/chara/025_live_event_180_ssr_rip/chuni03.mtn"}], "cry01": [{"file": "live2d/chara/025_live_event_180_ssr_rip/cry01.mtn"}], "gacha01": [{"file": "live2d/chara/025_live_event_180_ssr_rip/gacha01.mtn"}], "gattsu01": [{"file": "live2d/chara/025_live_event_180_ssr_rip/gattsu01.mtn"}], "idle01": [{"file": "live2d/chara/025_live_event_180_ssr_rip/idle01.mtn"}], "idle02": [{"file": "live2d/chara/025_live_event_180_ssr_rip/idle02.mtn"}], "kime01": [{"file": "live2d/chara/025_live_event_180_ssr_rip/kime01.mtn"}], "nf01": [{"file": "live2d/chara/025_live_event_180_ssr_rip/nf01.mtn"}], "nf01_openeye": [{"file": "live2d/chara/025_live_event_180_ssr_rip/nf01_openeye.mtn"}], "nf02": [{"file": "live2d/chara/025_live_event_180_ssr_rip/nf02.mtn"}], "nf03": [{"file": "live2d/chara/025_live_event_180_ssr_rip/nf03.mtn"}], "nf04": [{"file": "live2d/chara/025_live_event_180_ssr_rip/nf04.mtn"}], "nf05": [{"file": "live2d/chara/025_live_event_180_ssr_rip/nf05.mtn"}], "nf_left01": [{"file": "live2d/chara/025_live_event_180_ssr_rip/nf_left01.mtn"}], "nf_right01": [{"file": "live2d/chara/025_live_event_180_ssr_rip/nf_right01.mtn"}], "nnf01": [{"file": "live2d/chara/025_live_event_180_ssr_rip/nnf01.mtn"}], "nnf01_openeye": [{"file": "live2d/chara/025_live_event_180_ssr_rip/nnf01_openeye.mtn"}], "nnf02": [{"file": "live2d/chara/025_live_event_180_ssr_rip/nnf02.mtn"}], "nnf03": [{"file": "live2d/chara/025_live_event_180_ssr_rip/nnf03.mtn"}], "nnf04": [{"file": "live2d/chara/025_live_event_180_ssr_rip/nnf04.mtn"}], "nnf05": [{"file": "live2d/chara/025_live_event_180_ssr_rip/nnf05.mtn"}], "nnf_left01": [{"file": "live2d/chara/025_live_event_180_ssr_rip/nnf_left01.mtn"}], "nnf_right01": [{"file": "live2d/chara/025_live_event_180_ssr_rip/nnf_right01.mtn"}], "odoodo01": [{"file": "live2d/chara/025_live_event_180_ssr_rip/odoodo01.mtn"}], "odoodo02": [{"file": "live2d/chara/025_live_event_180_ssr_rip/odoodo02.mtn"}], "odoodo03": [{"file": "live2d/chara/025_live_event_180_ssr_rip/odoodo03.mtn"}], "sad01": [{"file": "live2d/chara/025_live_event_180_ssr_rip/sad01.mtn"}], "serious01": [{"file": "live2d/chara/025_live_event_180_ssr_rip/serious01.mtn"}], "shame01": [{"file": "live2d/chara/025_live_event_180_ssr_rip/shame01.mtn"}], "shame02": [{"file": "live2d/chara/025_live_event_180_ssr_rip/shame02.mtn"}], "shame03": [{"file": "live2d/chara/025_live_event_180_ssr_rip/shame03.mtn"}], "smile01": [{"file": "live2d/chara/025_live_event_180_ssr_rip/smile01.mtn"}], "smile02": [{"file": "live2d/chara/025_live_event_180_ssr_rip/smile02.mtn"}], "smile02_ingameV2": [{"file": "live2d/chara/025_live_event_180_ssr_rip/smile02_ingameV2.mtn"}], "smile03": [{"file": "live2d/chara/025_live_event_180_ssr_rip/smile03.mtn"}], "smile04": [{"file": "live2d/chara/025_live_event_180_ssr_rip/smile04.mtn"}], "smile05": [{"file": "live2d/chara/025_live_event_180_ssr_rip/smile05.mtn"}], "smile06": [{"file": "live2d/chara/025_live_event_180_ssr_rip/smile06.mtn"}], "surprised01": [{"file": "live2d/chara/025_live_event_180_ssr_rip/surprised01.mtn"}], "talking01": [{"file": "live2d/chara/025_live_event_180_ssr_rip/talking01.mtn"}], "thinking01": [{"file": "live2d/chara/025_live_event_180_ssr_rip/thinking01.mtn"}]}, "expressions": [{"name": "angry01", "file": "live2d/chara/025_general_rip/angry01.exp.json"}, {"name": "cry01", "file": "live2d/chara/025_general_rip/cry01.exp.json"}, {"name": "default", "file": "live2d/chara/025_general_rip/default.exp.json"}, {"name": "idle01", "file": "live2d/chara/025_general_rip/idle01.exp.json"}, {"name": "kime01", "file": "live2d/chara/025_general_rip/kime01.exp.json"}, {"name": "rinko_default", "file": "live2d/chara/025_general_rip/rinko_default.exp.json"}, {"name": "rinko_sad", "file": "live2d/chara/025_general_rip/rinko_sad.exp.json"}, {"name": "rinko_shame", "file": "live2d/chara/025_general_rip/rinko_shame.exp.json"}, {"name": "rinko_smile01", "file": "live2d/chara/025_general_rip/rinko_smile01.exp.json"}, {"name": "rinko_surprised", "file": "live2d/chara/025_general_rip/rinko_surprised.exp.json"}, {"name": "rinko_worry", "file": "live2d/chara/025_general_rip/rinko_worry.exp.json"}, {"name": "sad01", "file": "live2d/chara/025_general_rip/sad01.exp.json"}, {"name": "serious01", "file": "live2d/chara/025_general_rip/serious01.exp.json"}, {"name": "smile01", "file": "live2d/chara/025_general_rip/smile01.exp.json"}, {"name": "smile02", "file": "live2d/chara/025_general_rip/smile02.exp.json"}, {"name": "smile03", "file": "live2d/chara/025_general_rip/smile03.exp.json"}, {"name": "surprised01", "file": "live2d/chara/025_general_rip/surprised01.exp.json"}]}