{
  "type": "Live2D Expression",
  "fade_in": 500,
  "fade_out": 500,
  "params": [
    {
      "id": "PARAM_EYE_L_OPEN",
      "val": 0.68
    },
    {
      "id": "PARAM_EYE_L_DOUBLE",
      "val": -0.57
    },
    {
      "id": "PARAM_EYE_R_OPEN",
      "val": 0.68
    },
    {
      "id": "PARAM_EYE_R_DOUBLE",
      "val": -0.57
    },
    {
      "id": "PARAM_EYE_BALL_Y",
      "val": -1.0
    },
    {
      "id": "PARAM_EYE_FORM",
      "val": 0.2
    },
    {
      "id": "PARAM_EYE_HIGHLIGHT",
      "val": 1.0
    },
    {
      "id": "PARAM_TEAR",
      "val": 1.0
    },
    {
      "id": "PARAM_BROW_L_Y",
      "val": -0.5
    },
    {
      "id": "PARAM_BROW_R_Y",
      "val": -0.5
    },
    {
      "id": "PARAM_BROW_L_ANGLE",
      "val": 0.27
    },
    {
      "id": "PARAM_BROW_R_ANGLE",
      "val": 0.3
    },
    {
      "id": "PARAM_BROW_L_FORM",
      "val": -0.5
    },
    {
      "id": "PARAM_BROW_R_FORM",
      "val": -0.5
    },
    {
      "id": "PARAM_MOUTH_FORM_01",
      "val": 0.05807078
    },
    {
      "id": "PARAM_MOUTH_FORM_02",
      "val": 1.0
    },
    {
      "id": "PARAM_MOUTH_SCALE",
      "val": -0.608022451
    }
  ]
}