{"type":"Live2D Expression","fade_in":500,"fade_out":500,"params":[{"id":"PARAM_EYE_R_OPEN","val":0.5,"calc":"mult"},{"id":"PARAM_EYELID_R","val":-0.44},{"id":"PARAM_EYE_L_OPEN","val":0.5,"calc":"mult"},{"id":"PARAM_EYELID_L","val":-0.44},{"id":"PARAM_EYE_FORM","val":-1},{"id":"PARAM_TEAR","val":1},{"id":"PARAM_BROW_R_Y","val":-0.37},{"id":"PARAM_BROW_R_X","val":-0.11},{"id":"PARAM_BROW_R_ANGLE","val"-0.6},{"id":"PARAM_BROW_R_FORM","val":-0.5},{"id":"PARAM_BROW_L_Y","val":-0.37},{"id":"PARAM_BROW_L_X","val":-0.11},{"id":"PARAM_BROW_L_ANGLE","val":-0.6},{"id":"PARAM_BROW_L_FORM","val":-0.5},{"id":"PARAM_MOUTH_SCALE","val":1}]}