{
	"type":"Live2D Expression",
	"fade_in":500,
	"fade_out":500,
	"params":[
		{"id":"PARAM_BROW_L_Y","val":-0.38},
		{"id":"PARAM_BROW_R_Y","val":-0.32},
		{"id":"PARAM_BROW_L_X","val":0.2},
		{"id":"PARAM_BROW_R_X","val":-0.3},
		{"id":"PARAM_BROW_L_ANGLE","val":-0.78},
		{"id":"PARAM_BROW_R_ANGLE","val":-0.74},
		{"id":"PARAM_BROW_L_FORM","val":-1},
		{"id":"PARAM_BROW_R_FORM","val":-1},
		{"id":"PARAM_MOUTH_FORM_01","val":-1.5},
		{"id":"PARAM_MOUTH_SCALE","val":-0.35},
		{"id":"PARAM_CHEEK_SWITCH","val":0.75,"def":1}
	]
}