{"version": "Sample 1.0.0", "layout": {"center_x": 0, "center_y": 0, "width": 2}, "hit_areas_custom": {"head_x": [-0.25, 1], "head_y": [0.25, 0.2], "body_x": [-0.3, 0.2], "body_y": [0.3, -1.9]}, "model": "live2d/chara/024_precious_summer_rip/ako_marine_t08.moc", "physics": "live2d/chara/024_precious_summer_rip/ako_marine.physics.json", "textures": ["live2d/chara/024_precious_summer_rip/texture_00.png"], "motions": {"angry01": [{"file": "live2d/chara/024_general_rip/angry01.mtn"}], "bye01": [{"file": "live2d/chara/024_general_rip/bye01.mtn"}], "chuni01": [{"file": "live2d/chara/024_general_rip/chuni01.mtn"}], "chuni02": [{"file": "live2d/chara/024_general_rip/chuni02.mtn"}], "cry01": [{"file": "live2d/chara/024_general_rip/cry01.mtn"}], "eeto01": [{"file": "live2d/chara/024_general_rip/eeto01.mtn"}], "gattsu01": [{"file": "live2d/chara/024_general_rip/gattsu01.mtn"}], "idle01": [{"file": "live2d/chara/024_general_rip/idle01.mtn"}], "idle02": [{"file": "live2d/chara/024_general_rip/idle02.mtn"}], "jaan01": [{"file": "live2d/chara/024_general_rip/jaan01.mtn"}], "kime01": [{"file": "live2d/chara/024_general_rip/kime01.mtn"}], "nf01": [{"file": "live2d/chara/024_general_rip/nf01.mtn"}], "nf02": [{"file": "live2d/chara/024_general_rip/nf02.mtn"}], "nf03": [{"file": "live2d/chara/024_general_rip/nf03.mtn"}], "nf04": [{"file": "live2d/chara/024_general_rip/nf04.mtn"}], "nf05": [{"file": "live2d/chara/024_general_rip/nf05.mtn"}], "nf_left01": [{"file": "live2d/chara/024_general_rip/nf_left01.mtn"}], "nf_right01": [{"file": "live2d/chara/024_general_rip/nf_right01.mtn"}], "odoodo01": [{"file": "live2d/chara/024_general_rip/odoodo01.mtn"}], "sad01": [{"file": "live2d/chara/024_general_rip/sad01.mtn"}], "serious01": [{"file": "live2d/chara/024_general_rip/serious01.mtn"}], "shame01": [{"file": "live2d/chara/024_general_rip/shame01.mtn"}], "smile01": [{"file": "live2d/chara/024_general_rip/smile01.mtn"}], "smile02": [{"file": "live2d/chara/024_general_rip/smile02.mtn"}], "smile03": [{"file": "live2d/chara/024_general_rip/smile03.mtn"}], "surprised01": [{"file": "live2d/chara/024_general_rip/surprised01.mtn"}]}, "expressions": [{"name": "ako_default", "file": "live2d/chara/024_general_rip/ako_default.exp.json"}, {"name": "ako_sad", "file": "live2d/chara/024_general_rip/ako_sad.exp.json"}, {"name": "ako_serious", "file": "live2d/chara/024_general_rip/ako_serious.exp.json"}, {"name": "ako_smile02", "file": "live2d/chara/024_general_rip/ako_smile02.exp.json"}, {"name": "ako_special01", "file": "live2d/chara/024_general_rip/ako_special01.exp.json"}, {"name": "ako_special02", "file": "live2d/chara/024_general_rip/ako_special02.exp.json"}, {"name": "ako_surprised", "file": "live2d/chara/024_general_rip/ako_surprised.exp.json"}, {"name": "ako_worry", "file": "live2d/chara/024_general_rip/ako_worry.exp.json"}]}