{"type":"Live2D Physics","physics_hair":[{"label":"clothes_a","setup":{"length":0.22,"regist":0.5,"mass":0.18},"src":[{"id":"PARAM_BODY_ANGLE_Z","ptype":"angle","scale":1.5,"weight":0.5},{"id":"PARAM_BODY_ANGLE_X","ptype":"x","scale":0.015,"weight":0.5},{"id":"PARAM_ANGLE_Z","ptype":"angle","scale":0.8,"weight":2},{"id":"PARAM_ANGLE_X","ptype":"x","scale":0.005,"weight":2}],"targets":[{"id":"PARAM_CLOTHES_A","ptype":"angle","scale":0.03,"weight":0.3}]},{"label":"clothes_b","setup":{"length":0.18,"regist":0.49,"mass":0.14},"src":[{"id":"PARAM_BODY_ANGLE_Z","ptype":"angle","scale":0.8,"weight":0.5},{"id":"PARAM_BODY_ANGLE_X","ptype":"x","scale":0.015,"weight":0.5},{"id":"PARAM_ANGLE_Z","ptype":"angle","scale":0.1,"weight":2},{"id":"PARAM_ANGLE_X","ptype":"x","scale":0.005,"weight":2}],"targets":[{"id":"PARAM_CLOTHES_B","ptype":"angle","scale":0.017,"weight":1}]},{"label":"clothes_c","setup":{"length":0.22,"regist":0.45,"mass":0.29},"src":[{"id":"PARAM_BODY_ANGLE_Z","ptype":"angle","scale":0.8,"weight":0.5},{"id":"PARAM_BODY_ANGLE_X","ptype":"x","scale":0.015,"weight":0.5},{"id":"PARAM_ANGLE_Z","ptype":"angle","scale":0.1,"weight":2},{"id":"PARAM_ANGLE_X","ptype":"x","scale":0.005,"weight":2}],"targets":[{"id":"PARAM_CLOTHES_C","ptype":"angle","scale":0.01,"weight":1}]},{"label":"clothes_d","setup":{"length":0.13,"regist":0.45,"mass":0.12},"src":[{"id":"PARAM_BODY_ANGLE_Z","ptype":"angle","scale":0.8,"weight":1},{"id":"PARAM_BODY_ANGLE_X","ptype":"x","scale":0.006,"weight":1}],"targets":[{"id":"PARAM_CLOTHES_D","ptype":"angle","scale":0.03,"weight":1}]},{"label":"clothes_e","setup":{"length":0.17,"regist":0.54,"mass":0.13},"src":[{"id":"PARAM_BODY_ANGLE_Z","ptype":"angle","scale":0.8,"weight":1},{"id":"PARAM_BODY_ANGLE_X","ptype":"x","scale":0.005,"weight":1}],"targets":[{"id":"PARAM_CLOTHES_E","ptype":"angle","scale":0.045,"weight":1}]},{"label":"clothes_f","setup":{"length":0.18,"regist":0.5,"mass":0.24},"src":[{"id":"PARAM_BODY_ANGLE_Z","ptype":"angle","scale":0.8,"weight":1},{"id":"PARAM_BODY_ANGLE_X","ptype":"x","scale":0.005,"weight":1}],"targets":[{"id":"PARAM_CLOTHES_F","ptype":"angle","scale":0.045,"weight":1}]},{"label":"clothes_g","setup":{"length":0.18,"regist":0.5,"mass":0.16},"src":[{"id":"PARAM_BODY_ANGLE_Z","ptype":"angle","scale":0.8,"weight":1},{"id":"PARAM_BODY_ANGLE_Y","ptype":"x","scale":0.01,"weight":0.5},{"id":"PARAM_BODY_ANGLE_X","ptype":"x","scale":0.005,"weight":2}],"targets":[{"id":"PARAM_CLOTHES_G","ptype":"angle","scale":0.01,"weight":1}]},{"label":"clothes_h","setup":{"length":0.23,"regist":0.46,"mass":0.18},"src":[{"id":"PARAM_BODY_ANGLE_Z","ptype":"angle","scale":0.8,"weight":1},{"id":"PARAM_BODY_ANGLE_X","ptype":"x","scale":0.005,"weight":1}],"targets":[{"id":"PARAM_CLOTHES_H","ptype":"angle","scale":0.054,"weight":1}]},{"label":"clothes_i","setup":{"length":0.18,"regist":0.43,"mass":0.13},"src":[{"id":"PARAM_BODY_ANGLE_Z","ptype":"angle","scale":0.8,"weight":1},{"id":"PARAM_BODY_ANGLE_Y","ptype":"x","scale":0.01,"weight":0.5},{"id":"PARAM_BODY_ANGLE_X","ptype":"x","scale":0.005,"weight":2}],"targets":[{"id":"PARAM_CLOTHES_I","ptype":"angle","scale":0.04,"weight":1}]},{"label":"clothes_j","setup":{"length":0.2,"regist":0.36,"mass":0.14},"src":[{"id":"PARAM_BODY_ANGLE_Z","ptype":"angle","scale":0.8,"weight":1},{"id":"PARAM_BODY_ANGLE_X","ptype":"x","scale":0.005,"weight":1}],"targets":[{"id":"PARAM_CLOTHES_J","ptype":"angle","scale":0.028,"weight":1}]}]}