{"version":"Sample 1.0.0","layout":{"center_x":0,"center_y":0,"width":2},"hit_areas_custom":{"head_x":[-0.25,1],"head_y":[0.25,0.2],"body_x":[-0.3,0.2],"body_y":[0.3,-1.9]},"model":"Sakiko_女仆咖啡厅_v1.8/sakiko_school_summer-2023.moc","physics":"Sakiko_女仆咖啡厅_v1.8/sakiko_school_summer-2023.physics.json","textures":["341_general_rip/texture_00.png","Sakiko_女仆咖啡厅_v1.8/texture_01.png"],"motions":{"nf02":[{"file":"341_general_rip/nf02.mtn"}],"angry05":[{"file":"341_general_rip/angry05.mtn"}],"surprised01":[{"file":"341_general_rip/surprised01.mtn"}],"angry07":[{"file":"341_general_rip/angry07.mtn"}],"angry03":[{"file":"341_general_rip/angry03.mtn"}],"cry03":[{"file":"341_general_rip/cry03.mtn"}],"cry05":[{"file":"341_general_rip/cry05.mtn"}],"idle01":[{"file":"341_general_rip/idle01.mtn"}],"sad01":[{"file":"341_general_rip/sad01.mtn"}],"cry04":[{"file":"341_general_rip/cry04.mtn"}],"odoodo01":[{"file":"341_general_rip/odoodo01.mtn"}],"angry06":[{"file":"341_general_rip/angry06.mtn"}],"nod01":[{"file":"341_general_rip/nod01.mtn"}],"angry02":[{"file":"341_general_rip/angry02.mtn"}],"nf05":[{"file":"341_general_rip/nf05.mtn"}],"thinking02":[{"file":"341_general_rip/thinking02.mtn"}],"smile02":[{"file":"341_general_rip/smile02.mtn"}],"nnf01":[{"file":"341_general_rip/nnf01.mtn"}],"sad02":[{"file":"341_general_rip/sad02.mtn"}],"smile05":[{"file":"341_general_rip/smile05.mtn"}],"angry01":[{"file":"341_general_rip/angry01.mtn"}],"shame02":[{"file":"341_general_rip/shame02.mtn"}],"smile06":[{"file":"341_general_rip/smile06.mtn"}],"sigh02":[{"file":"341_general_rip/sigh02.mtn"}],"bye01":[{"file":"341_general_rip/bye01.mtn"}],"smile03":[{"file":"341_general_rip/smile03.mtn"}],"nnf05":[{"file":"341_general_rip/nnf05.mtn"}],"nnf02":[{"file":"341_general_rip/nnf02.mtn"}],"nnf04":[{"file":"341_general_rip/nnf04.mtn"}],"nnf03":[{"file":"341_general_rip/nnf03.mtn"}],"nnf_right01":[{"file":"341_general_rip/nnf_right01.mtn"}],"bye02":[{"file":"341_general_rip/bye02.mtn"}],"cry01":[{"file":"341_general_rip/cry01.mtn"}],"nf04":[{"file":"341_general_rip/nf04.mtn"}],"nf01":[{"file":"341_general_rip/nf01.mtn"}],"nf_left01":[{"file":"341_general_rip/nf_left01.mtn"}],"nnf_left01":[{"file":"341_general_rip/nnf_left01.mtn"}],"serious01":[{"file":"341_general_rip/serious01.mtn"}],"serious02":[{"file":"341_general_rip/serious02.mtn"}],"nf03":[{"file":"341_general_rip/nf03.mtn"}],"surprised02":[{"file":"341_general_rip/surprised02.mtn"}],"smile04":[{"file":"341_general_rip/smile04.mtn"}],"cry02":[{"file":"341_general_rip/cry02.mtn"}],"smile01":[{"file":"341_general_rip/smile01.mtn"}],"sleep01":[{"file":"341_general_rip/sleep01.mtn"}],"angry04":[{"file":"341_general_rip/angry04.mtn"}],"sigh01":[{"file":"341_general_rip/sigh01.mtn"}],"挺好颜01":[{"file":"341_general_rip/TingHao1.mtn"}],"挺好颜02":[{"file":"341_general_rip/TingHao2.mtn"}],"左看手机01":[{"file":"341_general_rip/L_phone.mtn"}],"右看手机01":[{"file":"341_general_rip/R_phone.mtn"}],"thinking01":[{"file":"341_general_rip/thinking01.mtn"}],"nf_right01":[{"file":"341_general_rip/nf_right01.mtn"}],"shame01":[{"file":"341_general_rip/shame01.mtn"}],"kime01":[{"file":"341_general_rip/kime01.mtn"}]},"expressions":[{"name":"odoodo01","file":"341_general_rip/odoodo01.exp.json"},{"name":"serious01","file":"341_general_rip/serious01.exp.json"},{"name":"angry07","file":"341_general_rip/angry07.exp.json"},{"name":"smile03","file":"341_general_rip/smile03.exp.json"},{"name":"thinking01","file":"341_general_rip/thinking01.exp.json"},{"name":"cry04","file":"341_general_rip/cry04.exp.json"},{"name":"idle01","file":"341_general_rip/idle01.exp.json"},{"name":"smile02","file":"341_general_rip/smile02.exp.json"},{"name":"smile05","file":"341_general_rip/smile05.exp.json"},{"name":"cry01","file":"341_general_rip/cry01.exp.json"},{"name":"shame02","file":"341_general_rip/shame02.exp.json"},{"name":"cry03","file":"341_general_rip/cry03.exp.json"},{"name":"angry01","file":"341_general_rip/angry01.exp.json"},{"name":"sad01","file":"341_general_rip/sad01.exp.json"},{"name":"default","file":"341_general_rip/default.exp.json"},{"name":"thinking02","file":"341_general_rip/thinking02.exp.json"},{"name":"sigh02","file":"341_general_rip/sigh02.exp.json"},{"name":"smile01","file":"341_general_rip/smile01.exp.json"},{"name":"kime01","file":"341_general_rip/kime01.exp.json"},{"name":"angry02","file":"341_general_rip/angry02.exp.json"},{"name":"surprised01","file":"341_general_rip/surprised01.exp.json"},{"name":"serious02","file":"341_general_rip/serious02.exp.json"},{"name":"sad02","file":"341_general_rip/sad02.exp.json"},
{"name":"左转身","file":"341_general_rip/L_Boby.exp.json"},
{"name":"右转身","file":"341_general_rip/R_boby.exp.json"},
{"name":"左抬头","file":"341_general_rip/L_Boby_UP.exp.json"},
{"name":"右抬头","file":"341_general_rip/R_boby_UP.exp.json"},
{"name":"左低头","file":"341_general_rip/L_Boby_Down.exp.json"},
{"name":"右低头","file":"341_general_rip/R_boby_Down.exp.json"},
{"name":"右转身娇羞","file":"341_general_rip/R_boby_JiaoXiu.exp.json"},
{"name":"左转身娇羞","file":"341_general_rip/L_boby_JiaoXiu.exp.json"},{"name":"右转身严肃2","file":"341_general_rip/R_boby_serious01.exp.json"},{"name":"surprised02","file":"341_general_rip/surprised02.exp.json"},{"name":"cry02","file":"341_general_rip/cry02.exp.json"},{"name":"sigh01","file":"341_general_rip/sigh01.exp.json"},{"name":"smile04","file":"341_general_rip/smile04.exp.json"},{"name":"shame01","file":"341_general_rip/shame01.exp.json"},{"name":"smile06","file":"341_general_rip/smile06.exp.json"}]}