{"version":"Sample 1.0.0","type":0,"model":"Sakiko_餐厅服务员_v1/sakiko_school_summer-2023.moc","textures":["341_general_rip/texture_00.png","Sakiko_餐厅服务员_v1/texture_01.png"],"controllers":{"param_hit":{},"param_loop":{},"key_trigger":{},"param_trigger":{},"area_trigger":{},"hand_trigger":{},"eye_blink":{"min_interval":500,"max_interval":6000,"enabled":true},"lip_sync":{"gain":5.0},"mouse_tracking":{"smooth_time":0.15,"enabled":true},"auto_breath":{"enabled":true},"extra_motion":{},"accelerometer":{"enabled":true},"microphone":{},"transform":{},"face_tracking":{"enabled":true},"hand_tracking":{},"param_value":{},"part_opacity":{},"artmesh_opacity":{},"artmesh_color":{},"artmesh_culling":{"default_mode":0},"intimacy_system":{}},"motions":{"nf_left01":[{"file":"341_general_rip/nf_left01.mtn"}],
"odoodo01":[{"file":"341_general_rip/odoodo01.mtn"}],
"surprised01":[{"file":"341_general_rip/surprised01.mtn"}],
"nf01":[{"file":"341_general_rip/nf01.mtn"}],
"nf11":[{"file":"341_general_rip/nf11.mtn"}],
"cry01":[{"file":"341_general_rip/cry01.mtn"}],
"cry11":[{"file":"341_general_rip/cry11.mtn"}],
"cry12":[{"file":"341_general_rip/cry12.mtn"}],
"cry13":[{"file":"341_general_rip/cry13.mtn"}],
"cry14":[{"file":"341_general_rip/cry14.mtn"}],
"nnf01":[{"file":"341_general_rip/nnf01.mtn"}],
"angry05":[{"file":"341_general_rip/angry05.mtn"}],
"angry07":[{"file":"341_general_rip/angry07.mtn"}],
"surprised02":[{"file":"341_general_rip/surprised02.mtn"}],
"surprised03":[{"file":"341_general_rip/surprised03.mtn"}],
"surprised11":[{"file":"341_general_rip/surprised11.mtn"}],
"surprised12":[{"file":"341_general_rip/surprised12.mtn"}],
"sad01":[{"file":"341_general_rip/sad01.mtn"}],
"sad11":[{"file":"341_general_rip/sad11.mtn"}],
"bye02":[{"file":"341_general_rip/bye02.mtn"}],
"nnf05":[{"file":"341_general_rip/nnf05.mtn"}],
"angry02":[{"file":"341_general_rip/angry02.mtn"}],
"smile03":[{"file":"341_general_rip/smile03.mtn"}],
"nnf03":[{"file":"341_general_rip/nnf03.mtn"}],
"nnf_right01":[{"file":"341_general_rip/nnf_right01.mtn"}],
"nnf02":[{"file":"341_general_rip/nnf02.mtn"}],
"angry01":[{"file":"341_general_rip/angry01.mtn"}],
"smile01":[{"file":"341_general_rip/smile01.mtn"}],
"idle01":[{"file":"341_general_rip/idle01.mtn"}],
"smile02":[{"file":"341_general_rip/smile02.mtn"}],
"nnf_left01":[{"file":"341_general_rip/nnf_left01.mtn"}],
"shame01":[{"file":"341_general_rip/shame01.mtn"}],
"nf05":[{"file":"341_general_rip/nf05.mtn"}],
"nf03":[{"file":"341_general_rip/nf03.mtn"}],
"cry02":[{"file":"341_general_rip/cry02.mtn"}],
"nnf04":[{"file":"341_general_rip/nnf04.mtn"}],
"nf_right01":[{"file":"341_general_rip/nf_right01.mtn"}],
"serious01":[{"file":"341_general_rip/serious01.mtn"}],
"smile05":[{"file":"341_general_rip/smile05.mtn"}],
"nf02":[{"file":"341_general_rip/nf02.mtn"}],
"thinking01":[{"file":"341_general_rip/thinking01.mtn"}],
"angry03":[{"file":"341_general_rip/angry03.mtn"}],
"cry03":[{"file":"341_general_rip/cry03.mtn"}],
"angry04":[{"file":"341_general_rip/angry04.mtn"}],
"bye01":[{"file":"341_general_rip/bye01.mtn"}],
"cry04":[{"file":"341_general_rip/cry04.mtn"}],
"angry06":[{"file":"341_general_rip/angry06.mtn"}],
"sad02":[{"file":"341_general_rip/sad02.mtn"}],
"shame02":[{"file":"341_general_rip/shame02.mtn"}],
"shame11":[{"file":"341_general_rip/shame11.mtn"}],
"thinking02":[{"file":"341_general_rip/thinking02.mtn"}],
"serious02":[{"file":"341_general_rip/serious02.mtn"}],
"sigh01":[{"file":"341_general_rip/sigh01.mtn"}],
"kime01":[{"file":"341_general_rip/kime01.mtn"}],
"kime02":[{"file":"341_general_rip/kime02.mtn"}],
"nod01":[{"file":"341_general_rip/nod01.mtn"}],
"sigh02":[{"file":"341_general_rip/sigh02.mtn"}],
"smile04":[{"file":"341_general_rip/smile04.mtn"}],
"nf04":[{"file":"341_general_rip/nf04.mtn"}],
"挺好颜01":[{"file":"341_general_rip/TingHao1.mtn"}],
"挺好颜02":[{"file":"341_general_rip/TingHao2.mtn"}],
"Kiss_L01U":[{"file":"341_general_rip/kiss_nnfL01_up_v4.mtn"}],
"Kiss_R01U":[{"file":"341_general_rip/kiss_nnfR01_up_v4.mtn"}],
"nnf10":[{"file":"341_general_rip/nnf10.mtn"}],
"nnf11":[{"file":"341_general_rip/nnf11.mtn"}],
"nnf12":[{"file":"341_general_rip/nnf12.mtn"}],
"smile10":[{"file":"341_general_rip/smile10.mtn"}],
"thinking03":[{"file":"341_general_rip/thinking03.mtn"}],
"serious10":[{"file":"341_general_rip/serious10.mtn"}],
"sigh10":[{"file":"341_general_rip/sigh10.mtn"}],
"cry05":[{"file":"341_general_rip/cry05.mtn"}]},"expressions":[{"name":"smile06","file":"341_general_rip/smile06.exp.json"},{"name":"serious02","file":"341_general_rip/serious02.exp.json"},{"name":"idle01","file":"341_general_rip/idle01.exp.json"},{"name":"thinking02","file":"341_general_rip/thinking02.exp.json"},{"name":"sad02","file":"341_general_rip/sad02.exp.json"},{"name":"cry02","file":"341_general_rip/cry02.exp.json"},{"name":"angry01","file":"341_general_rip/angry01.exp.json"},{"name":"shame01","file":"341_general_rip/shame01.exp.json"},{"name":"smile05","file":"341_general_rip/smile05.exp.json"},{"name":"smile03","file":"341_general_rip/smile03.exp.json"},{"name":"shame02","file":"341_general_rip/shame02.exp.json"},{"name":"sigh01","file":"341_general_rip/sigh01.exp.json"},{"name":"cry04","file":"341_general_rip/cry04.exp.json"},{"name":"smile02","file":"341_general_rip/smile02.exp.json"},{"name":"serious01","file":"341_general_rip/serious01.exp.json"},{"name":"default","file":"341_general_rip/default.exp.json"},{"name":"odoodo01","file":"341_general_rip/odoodo01.exp.json"},{"name":"cry03","file":"341_general_rip/cry03.exp.json"},{"name":"右转身","file":"341_general_rip/R_boby.exp.json"},{"name":"左转身","file":"341_general_rip/L_boby.exp.json"},{"name":"娇羞","file":"341_general_rip/JiaoXiu.exp.json"},{"name":"surprised02","file":"341_general_rip/surprised02.exp.json"},{"name":"sad01","file":"341_general_rip/sad01.exp.json"},{"name":"sigh02","file":"341_general_rip/sigh02.exp.json"},{"name":"smile01","file":"341_general_rip/smile01.exp.json"},{"name":"smile04","file":"341_general_rip/smile04.exp.json"},{"name":"surprised01","file":"341_general_rip/surprised01.exp.json"},{"name":"cry01","file":"341_general_rip/cry01.exp.json"},{"name":"thinking01","file":"341_general_rip/thinking01.exp.json"},{"name":"kime01","file":"341_general_rip/kime01.exp.json"},{"name":"angry07","file":"341_general_rip/angry07.exp.json"},{"name":"angry02","file":"341_general_rip/angry02.exp.json"}],
"physics":"Sakiko_餐厅服务员_v1/sakiko_school_summer-2023.physics.json","physics_v2":{"file":"Sakiko_餐厅服务员_v1/sakiko_school_summer-2023.physics.json"},"options":{}}