{"version":"Sample 1.0.0","layout":{"center_x":0,"center_y":0,"width":2},"hit_areas_custom":{"head_x":[-0.25,1],"head_y":[0.25,0.2],"body_x":[-0.3,0.2],"body_y":[0.3,-1.9]},"model":"live2d/chara/037_casual-2023_rip/anon_casual-2023.moc","physics":"live2d/chara/037_casual-2023_rip/anon_casual-2023.physics.json","textures":["live2d/chara/037_general_rip/texture_00.png","live2d/chara/037_casual-2023_rip/texture_01.png"],"motions":{"Aono-angry01":[{"file":"live2d/chara/037_general_rip/Aono-angry01.mtn"}],
"Aono-angry02":[{"file":"live2d/chara/037_general_rip/Aono-angry02.mtn"}],
"Aono-angry03":[{"file":"live2d/chara/037_general_rip/Aono-angry03.mtn"}],
"Aono-angry04":[{"file":"live2d/chara/037_general_rip/Aono-angry04.mtn"}],
"Aono-bye01":[{"file":"live2d/chara/037_general_rip/Aono-bye01.mtn"}],
"Aono-cry01":[{"file":"live2d/chara/037_general_rip/Aono-cry01.mtn"}],
"Aono-cry02":[{"file":"live2d/chara/037_general_rip/Aono-cry02.mtn"}],
"Aono-idle01":[{"file":"live2d/chara/037_general_rip/Aono-idle01.mtn"}],
"Aono-kandou01":[{"file":"live2d/chara/037_general_rip/Aono-kandou01.mtn"}],
"Aono-kandou02":[{"file":"live2d/chara/037_general_rip/Aono-kandou02.mtn"}],
"Aono-kime01":[{"file":"live2d/chara/037_general_rip/Aono-kime01.mtn"}],
"Aono-kime02":[{"file":"live2d/chara/037_general_rip/Aono-kime02.mtn"}],
"Aono-nf01":[{"file":"live2d/chara/037_general_rip/Aono-nf01.mtn"}],
"Aono-nf02":[{"file":"live2d/chara/037_general_rip/Aono-nf02.mtn"}],
"Aono-nf03":[{"file":"live2d/chara/037_general_rip/Aono-nf03.mtn"}],
"Aono-nf04":[{"file":"live2d/chara/037_general_rip/Aono-nf04.mtn"}],
"Aono-nf05":[{"file":"live2d/chara/037_general_rip/Aono-nf05.mtn"}],
"Aono-nf_left01":[{"file":"live2d/chara/037_general_rip/Aono-nf_left01.mtn"}],
"Aono-nf_right01":[{"file":"live2d/chara/037_general_rip/Aono-nf_right01.mtn"}],
"Aono-nnf01":[{"file":"live2d/chara/037_general_rip/Aono-nnf01.mtn"}],
"Aono-nnf02":[{"file":"live2d/chara/037_general_rip/Aono-nnf02.mtn"}],
"Aono-nnf03":[{"file":"live2d/chara/037_general_rip/Aono-nnf03.mtn"}],
"Aono-nnf04":[{"file":"live2d/chara/037_general_rip/Aono-nnf04.mtn"}],
"Aono-nnf05":[{"file":"live2d/chara/037_general_rip/Aono-nnf05.mtn"}],
"Aono-nnf_left01":[{"file":"live2d/chara/037_general_rip/Aono-nnf_left01.mtn"}],
"Aono-nnf_right01":[{"file":"live2d/chara/037_general_rip/Aono-nnf_right01.mtn"}],
"Aono-sad01":[{"file":"live2d/chara/037_general_rip/Aono-sad01.mtn"}],
"Aono-sad02":[{"file":"live2d/chara/037_general_rip/Aono-sad02.mtn"}],
"Aono-serious01":[{"file":"live2d/chara/037_general_rip/Aono-serious01.mtn"}],
"Aono-serious02":[{"file":"live2d/chara/037_general_rip/Aono-serious02.mtn"}],
"Aono-shame01":[{"file":"live2d/chara/037_general_rip/Aono-shame01.mtn"}],
"Aono-shame02":[{"file":"live2d/chara/037_general_rip/Aono-shame02.mtn"}],
"Aono-smile01":[{"file":"live2d/chara/037_general_rip/Aono-smile01.mtn"}],
"Aono-smile02":[{"file":"live2d/chara/037_general_rip/Aono-smile02.mtn"}],
"Aono-smile03":[{"file":"live2d/chara/037_general_rip/Aono-smile03.mtn"}],
"Aono-smile04":[{"file":"live2d/chara/037_general_rip/Aono-smile04.mtn"}],
"Aono-surprised01":[{"file":"live2d/chara/037_general_rip/Aono-surprised01.mtn"}],
"Aono-thinking01":[{"file":"live2d/chara/037_general_rip/Aono-thinking01.mtn"}],
"Aono-thinking02":[{"file":"live2d/chara/037_general_rip/Aono-thinking02.mtn"}],
"Aono-thinking03":[{"file":"live2d/chara/037_general_rip/Aono-thinking03.mtn"}],
"Aono-wink01":[{"file":"live2d/chara/037_general_rip/Aono-wink01.mtn"}],
"CH-angry01":[{"file":"live2d/chara/037_general_rip/CH-angry01.mtn"}],
"CH-cry01":[{"file":"live2d/chara/037_general_rip/CH-cry01.mtn"}],
"CH-idle01":[{"file":"live2d/chara/037_general_rip/CH-idle01.mtn"}],
"CH-kime01":[{"file":"live2d/chara/037_general_rip/CH-kime01.mtn"}],
"CH-mitore01":[{"file":"live2d/chara/037_general_rip/CH-mitore01.mtn"}],
"CH-nf01":[{"file":"live2d/chara/037_general_rip/CH-nf01.mtn"}],
"CH-nf02":[{"file":"live2d/chara/037_general_rip/CH-nf02.mtn"}],
"CH-nf03":[{"file":"live2d/chara/037_general_rip/CH-nf03.mtn"}],
"CH-nf04":[{"file":"live2d/chara/037_general_rip/CH-nf04.mtn"}],
"CH-nf05":[{"file":"live2d/chara/037_general_rip/CH-nf05.mtn"}],
"CH-nf_left01":[{"file":"live2d/chara/037_general_rip/CH-nf_left01.mtn"}],
"CH-nf_right01":[{"file":"live2d/chara/037_general_rip/CH-nf_right01.mtn"}],
"CH-nnf01":[{"file":"live2d/chara/037_general_rip/CH-nnf01.mtn"}],
"CH-nnf02":[{"file":"live2d/chara/037_general_rip/CH-nnf02.mtn"}],
"CH-nnf03":[{"file":"live2d/chara/037_general_rip/CH-nnf03.mtn"}],
"CH-nnf04":[{"file":"live2d/chara/037_general_rip/CH-nnf04.mtn"}],
"CH-nnf05":[{"file":"live2d/chara/037_general_rip/CH-nnf05.mtn"}],
"CH-nnf_left01":[{"file":"live2d/chara/037_general_rip/CH-nnf_left01.mtn"}],
"CH-nnf_right01":[{"file":"live2d/chara/037_general_rip/CH-nnf_right01.mtn"}],
"CH-sad01":[{"file":"live2d/chara/037_general_rip/CH-sad01.mtn"}],
"CH-serious01":[{"file":"live2d/chara/037_general_rip/CH-serious01.mtn"}],
"CH-shame01":[{"file":"live2d/chara/037_general_rip/CH-shame01.mtn"}],
"CH-smile01":[{"file":"live2d/chara/037_general_rip/CH-smile01.mtn"}],
"CH-smile02":[{"file":"live2d/chara/037_general_rip/CH-smile02.mtn"}],
"CH-smile03":[{"file":"live2d/chara/037_general_rip/CH-smile03.mtn"}],
"CH-surprised01":[{"file":"live2d/chara/037_general_rip/CH-surprised01.mtn"}],
"HL-angry02":[{"file":"live2d/chara/037_general_rip/HL-angry02.mtn"}],
"HL-bye01":[{"file":"live2d/chara/037_general_rip/HL-bye01.mtn"}],
"HL-HL-angry01":[{"file":"live2d/chara/037_general_rip/HL-HL-angry01.mtn"}],
"HL-idle01":[{"file":"live2d/chara/037_general_rip/HL-idle01.mtn"}],
"HL-kime01":[{"file":"live2d/chara/037_general_rip/HL-kime01.mtn"}],
"HL-nf01":[{"file":"live2d/chara/037_general_rip/HL-nf01.mtn"}],
"HL-nf02":[{"file":"live2d/chara/037_general_rip/HL-nf02.mtn"}],
"HL-nf03":[{"file":"live2d/chara/037_general_rip/HL-nf03.mtn"}],
"HL-nf04":[{"file":"live2d/chara/037_general_rip/HL-nf04.mtn"}],
"HL-nf05":[{"file":"live2d/chara/037_general_rip/HL-nf05.mtn"}],
"HL-nf_left01":[{"file":"live2d/chara/037_general_rip/HL-nf_left01.mtn"}],
"HL-nf_right01":[{"file":"live2d/chara/037_general_rip/HL-nf_right01.mtn"}],
"HL-nnf01":[{"file":"live2d/chara/037_general_rip/HL-nnf01.mtn"}],
"HL-nnf02":[{"file":"live2d/chara/037_general_rip/HL-nnf02.mtn"}],
"HL-nnf03":[{"file":"live2d/chara/037_general_rip/HL-nnf03.mtn"}],
"HL-nnf04":[{"file":"live2d/chara/037_general_rip/HL-nnf04.mtn"}],
"HL-nnf05":[{"file":"live2d/chara/037_general_rip/HL-nnf05.mtn"}],
"HL-nnf_left01":[{"file":"live2d/chara/037_general_rip/HL-nnf_left01.mtn"}],
"HL-nnf_right01":[{"file":"live2d/chara/037_general_rip/HL-nnf_right01.mtn"}],
"HL-sad01":[{"file":"live2d/chara/037_general_rip/HL-sad01.mtn"}],
"HL-serious01":[{"file":"live2d/chara/037_general_rip/HL-serious01.mtn"}],
"HL-sigh01":[{"file":"live2d/chara/037_general_rip/HL-sigh01.mtn"}],
"HL-smile01":[{"file":"live2d/chara/037_general_rip/HL-smile01.mtn"}],
"HL-smile02":[{"file":"live2d/chara/037_general_rip/HL-smile02.mtn"}],
"HL-smile03":[{"file":"live2d/chara/037_general_rip/HL-smile03.mtn"}],
"HL-smile04":[{"file":"live2d/chara/037_general_rip/HL-smile04.mtn"}],
"HL-smile05":[{"file":"live2d/chara/037_general_rip/HL-smile05.mtn"}],
"HL-surprised01":[{"file":"live2d/chara/037_general_rip/HL-surprised01.mtn"}],
"HL-thinking01":[{"file":"live2d/chara/037_general_rip/HL-thinking01.mtn"}],
"LN-angry01":[{"file":"live2d/chara/037_general_rip/LN-angry01.mtn"}],
"LN-angry02":[{"file":"live2d/chara/037_general_rip/LN-angry02.mtn"}],
"LN-angry03":[{"file":"live2d/chara/037_general_rip/LN-angry03.mtn"}],
"LN-bye01":[{"file":"live2d/chara/037_general_rip/LN-bye01.mtn"}],
"LN-cry01":[{"file":"live2d/chara/037_general_rip/LN-cry01.mtn"}],
"LN-idle01":[{"file":"live2d/chara/037_general_rip/LN-idle01.mtn"}],
"LN-kime01":[{"file":"live2d/chara/037_general_rip/LN-kime01.mtn"}],
"LN-nf01":[{"file":"live2d/chara/037_general_rip/LN-nf01.mtn"}],
"LN-nf02":[{"file":"live2d/chara/037_general_rip/LN-nf02.mtn"}],
"LN-nf03":[{"file":"live2d/chara/037_general_rip/LN-nf03.mtn"}],
"LN-nf04":[{"file":"live2d/chara/037_general_rip/LN-nf04.mtn"}],
"LN-nf05":[{"file":"live2d/chara/037_general_rip/LN-nf05.mtn"}],
"LN-nf_left01":[{"file":"live2d/chara/037_general_rip/LN-nf_left01.mtn"}],
"LN-nf_right01":[{"file":"live2d/chara/037_general_rip/LN-nf_right01.mtn"}],
"LN-niya01":[{"file":"live2d/chara/037_general_rip/LN-niya01.mtn"}],
"LN-nnf01":[{"file":"live2d/chara/037_general_rip/LN-nnf01.mtn"}],
"LN-nnf02":[{"file":"live2d/chara/037_general_rip/LN-nnf02.mtn"}],
"LN-nnf03":[{"file":"live2d/chara/037_general_rip/LN-nnf03.mtn"}],
"LN-nnf04":[{"file":"live2d/chara/037_general_rip/LN-nnf04.mtn"}],
"LN-nnf05":[{"file":"live2d/chara/037_general_rip/LN-nnf05.mtn"}],
"LN-nnf_left01":[{"file":"live2d/chara/037_general_rip/LN-nnf_left01.mtn"}],
"LN-nnf_right01":[{"file":"live2d/chara/037_general_rip/LN-nnf_right01.mtn"}],
"LN-sad01":[{"file":"live2d/chara/037_general_rip/LN-sad01.mtn"}],
"LN-serious01":[{"file":"live2d/chara/037_general_rip/LN-serious01.mtn"}],
"LN-serious02":[{"file":"live2d/chara/037_general_rip/LN-serious02.mtn"}],
"LN-shame01":[{"file":"live2d/chara/037_general_rip/LN-shame01.mtn"}],
"LN-sigh01":[{"file":"live2d/chara/037_general_rip/LN-sigh01.mtn"}],
"LN-smile01":[{"file":"live2d/chara/037_general_rip/LN-smile01.mtn"}],
"LN-smile02":[{"file":"live2d/chara/037_general_rip/LN-smile02.mtn"}],
"LN-smile04":[{"file":"live2d/chara/037_general_rip/LN-smile04.mtn"}],
"LN-surprised01":[{"file":"live2d/chara/037_general_rip/LN-surprised01.mtn"}],
"LN-thinking01":[{"file":"live2d/chara/037_general_rip/LN-thinking01.mtn"}],
"MZM-angry01":[{"file":"live2d/chara/037_general_rip/MZM-angry01.mtn"}],
"MZM-bye01":[{"file":"live2d/chara/037_general_rip/MZM-bye01.mtn"}],
"MZM-idle01":[{"file":"live2d/chara/037_general_rip/MZM-idle01.mtn"}],
"MZM-kime01":[{"file":"live2d/chara/037_general_rip/MZM-kime01.mtn"}],
"MZM-nf01":[{"file":"live2d/chara/037_general_rip/MZM-nf01.mtn"}],
"MZM-nf02":[{"file":"live2d/chara/037_general_rip/MZM-nf02.mtn"}],
"MZM-nf03":[{"file":"live2d/chara/037_general_rip/MZM-nf03.mtn"}],
"MZM-nf04":[{"file":"live2d/chara/037_general_rip/MZM-nf04.mtn"}],
"MZM-nf05":[{"file":"live2d/chara/037_general_rip/MZM-nf05.mtn"}],
"MZM-nf_left01":[{"file":"live2d/chara/037_general_rip/MZM-nf_left01.mtn"}],
"MZM-nf_right01":[{"file":"live2d/chara/037_general_rip/MZM-nf_right01.mtn"}],
"MZM-nnf01":[{"file":"live2d/chara/037_general_rip/MZM-nnf01.mtn"}],
"MZM-nnf02":[{"file":"live2d/chara/037_general_rip/MZM-nnf02.mtn"}],
"MZM-nnf03":[{"file":"live2d/chara/037_general_rip/MZM-nnf03.mtn"}],
"MZM-nnf04":[{"file":"live2d/chara/037_general_rip/MZM-nnf04.mtn"}],
"MZM-nnf05":[{"file":"live2d/chara/037_general_rip/MZM-nnf05.mtn"}],
"MZM-nnf_left01":[{"file":"live2d/chara/037_general_rip/MZM-nnf_left01.mtn"}],
"MZM-nnf_right01":[{"file":"live2d/chara/037_general_rip/MZM-nnf_right01.mtn"}],
"MZM-odoodo01":[{"file":"live2d/chara/037_general_rip/MZM-odoodo01.mtn"}],
"MZM-sad01":[{"file":"live2d/chara/037_general_rip/MZM-sad01.mtn"}],
"MZM-sad02":[{"file":"live2d/chara/037_general_rip/MZM-sad02.mtn"}],
"MZM-smile01":[{"file":"live2d/chara/037_general_rip/MZM-smile01.mtn"}],
"MZM-smile02":[{"file":"live2d/chara/037_general_rip/MZM-smile02.mtn"}],
"MZM-smile04":[{"file":"live2d/chara/037_general_rip/MZM-smile04.mtn"}],
"MZM-surprised01":[{"file":"live2d/chara/037_general_rip/MZM-surprised01.mtn"}],
"MZM-thinking01":[{"file":"live2d/chara/037_general_rip/MZM-thinking01.mtn"}],
"Nya-angry01":[{"file":"live2d/chara/037_general_rip/Nya-angry01.mtn"}],
"Nya-bye01":[{"file":"live2d/chara/037_general_rip/Nya-bye01.mtn"}],
"Nya-cry01":[{"file":"live2d/chara/037_general_rip/Nya-cry01.mtn"}],
"Nya-idle01":[{"file":"live2d/chara/037_general_rip/Nya-idle01.mtn"}],
"Nya-kime01":[{"file":"live2d/chara/037_general_rip/Nya-kime01.mtn"}],
"Nya-kime02":[{"file":"live2d/chara/037_general_rip/Nya-kime02.mtn"}],
"Nya-nf01":[{"file":"live2d/chara/037_general_rip/Nya-nf01.mtn"}],
"Nya-nf02":[{"file":"live2d/chara/037_general_rip/Nya-nf02.mtn"}],
"Nya-nf03":[{"file":"live2d/chara/037_general_rip/Nya-nf03.mtn"}],
"Nya-nf04":[{"file":"live2d/chara/037_general_rip/Nya-nf04.mtn"}],
"Nya-nf05":[{"file":"live2d/chara/037_general_rip/Nya-nf05.mtn"}],
"Nya-nf_left01":[{"file":"live2d/chara/037_general_rip/Nya-nf_left01.mtn"}],
"Nya-nf_right01":[{"file":"live2d/chara/037_general_rip/Nya-nf_right01.mtn"}],
"Nya-nnf01":[{"file":"live2d/chara/037_general_rip/Nya-nnf01.mtn"}],
"Nya-nnf02":[{"file":"live2d/chara/037_general_rip/Nya-nnf02.mtn"}],
"Nya-nnf03":[{"file":"live2d/chara/037_general_rip/Nya-nnf03.mtn"}],
"Nya-nnf04":[{"file":"live2d/chara/037_general_rip/Nya-nnf04.mtn"}],
"Nya-nnf05":[{"file":"live2d/chara/037_general_rip/Nya-nnf05.mtn"}],
"Nya-nnf_left01":[{"file":"live2d/chara/037_general_rip/Nya-nnf_left01.mtn"}],
"Nya-nnf_right01":[{"file":"live2d/chara/037_general_rip/Nya-nnf_right01.mtn"}],
"Nya-sad01":[{"file":"live2d/chara/037_general_rip/Nya-sad01.mtn"}],
"Nya-serious01":[{"file":"live2d/chara/037_general_rip/Nya-serious01.mtn"}],
"Nya-smile01":[{"file":"live2d/chara/037_general_rip/Nya-smile01.mtn"}],
"Nya-smile02":[{"file":"live2d/chara/037_general_rip/Nya-smile02.mtn"}],
"Nya-smile03":[{"file":"live2d/chara/037_general_rip/Nya-smile03.mtn"}],
"Nya-surprised01":[{"file":"live2d/chara/037_general_rip/Nya-surprised01.mtn"}],
"Nya-surprised02":[{"file":"live2d/chara/037_general_rip/Nya-surprised02.mtn"}],
"Saki_angry01":[{"file":"live2d/chara/037_general_rip/Saki_angry01.mtn"}],
"Saki_angry02":[{"file":"live2d/chara/037_general_rip/Saki_angry02.mtn"}],
"Saki_angry03":[{"file":"live2d/chara/037_general_rip/Saki_angry03.mtn"}],
"Saki_angry04":[{"file":"live2d/chara/037_general_rip/Saki_angry04.mtn"}],
"Saki_angry05":[{"file":"live2d/chara/037_general_rip/Saki_angry05.mtn"}],
"Saki_angry06":[{"file":"live2d/chara/037_general_rip/Saki_angry06.mtn"}],
"Saki_angry07":[{"file":"live2d/chara/037_general_rip/Saki_angry07.mtn"}],
"Saki_bye01":[{"file":"live2d/chara/037_general_rip/Saki_bye01.mtn"}],
"Saki_bye02":[{"file":"live2d/chara/037_general_rip/Saki_bye02.mtn"}],
"Saki_cry01":[{"file":"live2d/chara/037_general_rip/Saki_cry01.mtn"}],
"Saki_cry02":[{"file":"live2d/chara/037_general_rip/Saki_cry02.mtn"}],
"Saki_cry03":[{"file":"live2d/chara/037_general_rip/Saki_cry03.mtn"}],
"Saki_cry04":[{"file":"live2d/chara/037_general_rip/Saki_cry04.mtn"}],
"Saki_cry05":[{"file":"live2d/chara/037_general_rip/Saki_cry05.mtn"}],
"Saki_idle01":[{"file":"live2d/chara/037_general_rip/Saki_idle01.mtn"}],
"Saki_kime01":[{"file":"live2d/chara/037_general_rip/Saki_kime01.mtn"}],
"Saki_nf01":[{"file":"live2d/chara/037_general_rip/Saki_nf01.mtn"}],
"Saki_nf02":[{"file":"live2d/chara/037_general_rip/Saki_nf02.mtn"}],
"Saki_nf03":[{"file":"live2d/chara/037_general_rip/Saki_nf03.mtn"}],
"Saki_nf04":[{"file":"live2d/chara/037_general_rip/Saki_nf04.mtn"}],
"Saki_nf05":[{"file":"live2d/chara/037_general_rip/Saki_nf05.mtn"}],
"Saki_nf_left01":[{"file":"live2d/chara/037_general_rip/Saki_nf_left01.mtn"}],
"Saki_nf_right01":[{"file":"live2d/chara/037_general_rip/Saki_nf_right01.mtn"}],
"Saki_nod01":[{"file":"live2d/chara/037_general_rip/Saki_nod01.mtn"}],
"Saki_odoodo01":[{"file":"live2d/chara/037_general_rip/Saki_odoodo01.mtn"}],
"Saki_sad01":[{"file":"live2d/chara/037_general_rip/Saki_sad01.mtn"}],
"Saki_sad02":[{"file":"live2d/chara/037_general_rip/Saki_sad02.mtn"}],
"Saki_serious01":[{"file":"live2d/chara/037_general_rip/Saki_serious01.mtn"}],
"Saki_serious02":[{"file":"live2d/chara/037_general_rip/Saki_serious02.mtn"}],
"Saki_sigh01":[{"file":"live2d/chara/037_general_rip/Saki_sigh01.mtn"}],
"Saki_sigh02":[{"file":"live2d/chara/037_general_rip/Saki_sigh02.mtn"}],
"Saki_smile01":[{"file":"live2d/chara/037_general_rip/Saki_smile01.mtn"}],
"Saki_smile02":[{"file":"live2d/chara/037_general_rip/Saki_smile02.mtn"}],
"Saki_smile03":[{"file":"live2d/chara/037_general_rip/Saki_smile03.mtn"}],
"Saki_smile04":[{"file":"live2d/chara/037_general_rip/Saki_smile04.mtn"}],
"Saki_smile05":[{"file":"live2d/chara/037_general_rip/Saki_smile05.mtn"}],
"Saki_smile10":[{"file":"live2d/chara/037_general_rip/Saki_smile10.mtn"}],
"Saki_surprised01":[{"file":"live2d/chara/037_general_rip/Saki_surprised01.mtn"}],
"Saki_surprised02":[{"file":"live2d/chara/037_general_rip/Saki_surprised02.mtn"}],
"Saki_thinking01":[{"file":"live2d/chara/037_general_rip/Saki_thinking01.mtn"}],
"Saki_thinking02":[{"file":"live2d/chara/037_general_rip/Saki_thinking02.mtn"}],
"Soyo-ando01":[{"file":"live2d/chara/037_general_rip/Soyo-ando01.mtn"}],
"Soyo-angry01":[{"file":"live2d/chara/037_general_rip/Soyo-angry01.mtn"}],
"Soyo-angry02":[{"file":"live2d/chara/037_general_rip/Soyo-angry02.mtn"}],
"Soyo-angry03":[{"file":"live2d/chara/037_general_rip/Soyo-angry03.mtn"}],
"Soyo-bye01":[{"file":"live2d/chara/037_general_rip/Soyo-bye01.mtn"}],
"Soyo-bye02":[{"file":"live2d/chara/037_general_rip/Soyo-bye02.mtn"}],
"Soyo-cry01":[{"file":"live2d/chara/037_general_rip/Soyo-cry01.mtn"}],
"Soyo-cry02":[{"file":"live2d/chara/037_general_rip/Soyo-cry02.mtn"}],
"Soyo-idle01":[{"file":"live2d/chara/037_general_rip/Soyo-idle01.mtn"}],
"Soyo-kandou01":[{"file":"live2d/chara/037_general_rip/Soyo-kandou01.mtn"}],
"Soyo-kime01":[{"file":"live2d/chara/037_general_rip/Soyo-kime01.mtn"}],
"Soyo-nf01":[{"file":"live2d/chara/037_general_rip/Soyo-nf01.mtn"}],
"Soyo-nf02":[{"file":"live2d/chara/037_general_rip/Soyo-nf02.mtn"}],
"Soyo-nf03":[{"file":"live2d/chara/037_general_rip/Soyo-nf03.mtn"}],
"Soyo-nf04":[{"file":"live2d/chara/037_general_rip/Soyo-nf04.mtn"}],
"Soyo-nf05":[{"file":"live2d/chara/037_general_rip/Soyo-nf05.mtn"}],
"Soyo-nf_left01":[{"file":"live2d/chara/037_general_rip/Soyo-nf_left01.mtn"}],
"Soyo-nf_right01":[{"file":"live2d/chara/037_general_rip/Soyo-nf_right01.mtn"}],
"Soyo-nnf01":[{"file":"live2d/chara/037_general_rip/Soyo-nnf01.mtn"}],
"Soyo-nnf02":[{"file":"live2d/chara/037_general_rip/Soyo-nnf02.mtn"}],
"Soyo-nnf03":[{"file":"live2d/chara/037_general_rip/Soyo-nnf03.mtn"}],
"Soyo-nnf04":[{"file":"live2d/chara/037_general_rip/Soyo-nnf04.mtn"}],
"Soyo-nnf05":[{"file":"live2d/chara/037_general_rip/Soyo-nnf05.mtn"}],
"Soyo-nnf_left01":[{"file":"live2d/chara/037_general_rip/Soyo-nnf_left01.mtn"}],
"Soyo-nnf_right01":[{"file":"live2d/chara/037_general_rip/Soyo-nnf_right01.mtn"}],
"Soyo-odoodo01":[{"file":"live2d/chara/037_general_rip/Soyo-odoodo01.mtn"}],
"Soyo-sad01":[{"file":"live2d/chara/037_general_rip/Soyo-sad01.mtn"}],
"Soyo-sad02":[{"file":"live2d/chara/037_general_rip/Soyo-sad02.mtn"}],
"Soyo-sad03":[{"file":"live2d/chara/037_general_rip/Soyo-sad03.mtn"}],
"Soyo-serious01":[{"file":"live2d/chara/037_general_rip/Soyo-serious01.mtn"}],
"Soyo-serious02":[{"file":"live2d/chara/037_general_rip/Soyo-serious02.mtn"}],
"Soyo-serious03":[{"file":"live2d/chara/037_general_rip/Soyo-serious03.mtn"}],
"Soyo-serious04":[{"file":"live2d/chara/037_general_rip/Soyo-serious04.mtn"}],
"Soyo-shame01":[{"file":"live2d/chara/037_general_rip/Soyo-shame01.mtn"}],
"Soyo-shame02":[{"file":"live2d/chara/037_general_rip/Soyo-shame02.mtn"}],
"Soyo-smile01":[{"file":"live2d/chara/037_general_rip/Soyo-smile01.mtn"}],
"Soyo-smile02":[{"file":"live2d/chara/037_general_rip/Soyo-smile02.mtn"}],
"Soyo-smile03":[{"file":"live2d/chara/037_general_rip/Soyo-smile03.mtn"}],
"Soyo-smile04":[{"file":"live2d/chara/037_general_rip/Soyo-smile04.mtn"}],
"Soyo-smile05":[{"file":"live2d/chara/037_general_rip/Soyo-smile05.mtn"}],
"Soyo-surprised01":[{"file":"live2d/chara/037_general_rip/Soyo-surprised01.mtn"}],
"Soyo-thinking01":[{"file":"live2d/chara/037_general_rip/Soyo-thinking01.mtn"}],
"Soyo-thinking02":[{"file":"live2d/chara/037_general_rip/Soyo-thinking02.mtn"}],
"Soyo-wink01":[{"file":"live2d/chara/037_general_rip/Soyo-wink01.mtn"}],
"Taki-ando01":[{"file":"live2d/chara/037_general_rip/Taki-ando01.mtn"}],
"Taki-angry01":[{"file":"live2d/chara/037_general_rip/Taki-angry01.mtn"}],
"Taki-angry02":[{"file":"live2d/chara/037_general_rip/Taki-angry02.mtn"}],
"Taki-angry03":[{"file":"live2d/chara/037_general_rip/Taki-angry03.mtn"}],
"Taki-angry04":[{"file":"live2d/chara/037_general_rip/Taki-angry04.mtn"}],
"Taki-bye01":[{"file":"live2d/chara/037_general_rip/Taki-bye01.mtn"}],
"Taki-bye02":[{"file":"live2d/chara/037_general_rip/Taki-bye02.mtn"}],
"Taki-cry01":[{"file":"live2d/chara/037_general_rip/Taki-cry01.mtn"}],
"Taki-cry02":[{"file":"live2d/chara/037_general_rip/Taki-cry02.mtn"}],
"Taki-idle01":[{"file":"live2d/chara/037_general_rip/Taki-idle01.mtn"}],
"Taki-kandou01":[{"file":"live2d/chara/037_general_rip/Taki-kandou01.mtn"}],
"Taki-kime01":[{"file":"live2d/chara/037_general_rip/Taki-kime01.mtn"}],
"Taki-nf01":[{"file":"live2d/chara/037_general_rip/Taki-nf01.mtn"}],
"Taki-nf02":[{"file":"live2d/chara/037_general_rip/Taki-nf02.mtn"}],
"Taki-nf03":[{"file":"live2d/chara/037_general_rip/Taki-nf03.mtn"}],
"Taki-nf04":[{"file":"live2d/chara/037_general_rip/Taki-nf04.mtn"}],
"Taki-nf05":[{"file":"live2d/chara/037_general_rip/Taki-nf05.mtn"}],
"Taki-nf_left01":[{"file":"live2d/chara/037_general_rip/Taki-nf_left01.mtn"}],
"Taki-nf_right01":[{"file":"live2d/chara/037_general_rip/Taki-nf_right01.mtn"}],
"Taki-nnf01":[{"file":"live2d/chara/037_general_rip/Taki-nnf01.mtn"}],
"Taki-nnf02":[{"file":"live2d/chara/037_general_rip/Taki-nnf02.mtn"}],
"Taki-nnf03":[{"file":"live2d/chara/037_general_rip/Taki-nnf03.mtn"}],
"Taki-nnf04":[{"file":"live2d/chara/037_general_rip/Taki-nnf04.mtn"}],
"Taki-nnf05":[{"file":"live2d/chara/037_general_rip/Taki-nnf05.mtn"}],
"Taki-nnf_left01":[{"file":"live2d/chara/037_general_rip/Taki-nnf_left01.mtn"}],
"Taki-nnf_right01":[{"file":"live2d/chara/037_general_rip/Taki-nnf_right01.mtn"}],
"Taki-pui01":[{"file":"live2d/chara/037_general_rip/Taki-pui01.mtn"}],
"Taki-sad01":[{"file":"live2d/chara/037_general_rip/Taki-sad01.mtn"}],
"Taki-sad02":[{"file":"live2d/chara/037_general_rip/Taki-sad02.mtn"}],
"Taki-sad03":[{"file":"live2d/chara/037_general_rip/Taki-sad03.mtn"}],
"Taki-serious01":[{"file":"live2d/chara/037_general_rip/Taki-serious01.mtn"}],
"Taki-serious02":[{"file":"live2d/chara/037_general_rip/Taki-serious02.mtn"}],
"Taki-shame01":[{"file":"live2d/chara/037_general_rip/Taki-shame01.mtn"}],
"Taki-shame02":[{"file":"live2d/chara/037_general_rip/Taki-shame02.mtn"}],
"Taki-sigh01":[{"file":"live2d/chara/037_general_rip/Taki-sigh01.mtn"}],
"Taki-sigh02":[{"file":"live2d/chara/037_general_rip/Taki-sigh02.mtn"}],
"Taki-smile01":[{"file":"live2d/chara/037_general_rip/Taki-smile01.mtn"}],
"Taki-smile02":[{"file":"live2d/chara/037_general_rip/Taki-smile02.mtn"}],
"Taki-smile03":[{"file":"live2d/chara/037_general_rip/Taki-smile03.mtn"}],
"Taki-smile04":[{"file":"live2d/chara/037_general_rip/Taki-smile04.mtn"}],
"Taki-surprised01":[{"file":"live2d/chara/037_general_rip/Taki-surprised01.mtn"}],
"Taki-surprised02":[{"file":"live2d/chara/037_general_rip/Taki-surprised02.mtn"}],
"Taki-thinking01":[{"file":"live2d/chara/037_general_rip/Taki-thinking01.mtn"}],
"TML-angry01":[{"file":"live2d/chara/037_general_rip/TML-angry01.mtn"}],
"TML-angry02":[{"file":"live2d/chara/037_general_rip/TML-angry02.mtn"}],
"TML-bye01":[{"file":"live2d/chara/037_general_rip/TML-bye01.mtn"}],
"TML-cry01":[{"file":"live2d/chara/037_general_rip/TML-cry01.mtn"}],
"TML-cry02":[{"file":"live2d/chara/037_general_rip/TML-cry02.mtn"}],
"TML-idle01":[{"file":"live2d/chara/037_general_rip/TML-idle01.mtn"}],
"TML-kandou01":[{"file":"live2d/chara/037_general_rip/TML-kandou01.mtn"}],
"TML-kandou02":[{"file":"live2d/chara/037_general_rip/TML-kandou02.mtn"}],
"TML-kandou03":[{"file":"live2d/chara/037_general_rip/TML-kandou03.mtn"}],
"TML-kime01":[{"file":"live2d/chara/037_general_rip/TML-kime01.mtn"}],
"TML-kime02":[{"file":"live2d/chara/037_general_rip/TML-kime02.mtn"}],
"TML-nf01":[{"file":"live2d/chara/037_general_rip/TML-nf01.mtn"}],
"TML-nf02":[{"file":"live2d/chara/037_general_rip/TML-nf02.mtn"}],
"TML-nf03":[{"file":"live2d/chara/037_general_rip/TML-nf03.mtn"}],
"TML-nf04":[{"file":"live2d/chara/037_general_rip/TML-nf04.mtn"}],
"TML-nf05":[{"file":"live2d/chara/037_general_rip/TML-nf05.mtn"}],
"TML-nf_left01":[{"file":"live2d/chara/037_general_rip/TML-nf_left01.mtn"}],
"TML-nf_right01":[{"file":"live2d/chara/037_general_rip/TML-nf_right01.mtn"}],
"TML-nnf01":[{"file":"live2d/chara/037_general_rip/TML-nnf01.mtn"}],
"TML-nnf02":[{"file":"live2d/chara/037_general_rip/TML-nnf02.mtn"}],
"TML-nnf03":[{"file":"live2d/chara/037_general_rip/TML-nnf03.mtn"}],
"TML-nnf04":[{"file":"live2d/chara/037_general_rip/TML-nnf04.mtn"}],
"TML-nnf05":[{"file":"live2d/chara/037_general_rip/TML-nnf05.mtn"}],
"TML-nnf_left01":[{"file":"live2d/chara/037_general_rip/TML-nnf_left01.mtn"}],
"TML-nnf_right01":[{"file":"live2d/chara/037_general_rip/TML-nnf_right01.mtn"}],
"TML-sad01":[{"file":"live2d/chara/037_general_rip/TML-sad01.mtn"}],
"TML-sad02":[{"file":"live2d/chara/037_general_rip/TML-sad02.mtn"}],
"TML-sad03":[{"file":"live2d/chara/037_general_rip/TML-sad03.mtn"}],
"TML-sad04":[{"file":"live2d/chara/037_general_rip/TML-sad04.mtn"}],
"TML-serious01":[{"file":"live2d/chara/037_general_rip/TML-serious01.mtn"}],
"TML-serious02":[{"file":"live2d/chara/037_general_rip/TML-serious02.mtn"}],
"TML-shame01":[{"file":"live2d/chara/037_general_rip/TML-shame01.mtn"}],
"TML-shame02":[{"file":"live2d/chara/037_general_rip/TML-shame02.mtn"}],
"TML-sing01":[{"file":"live2d/chara/037_general_rip/TML-sing01.mtn"}],
"TML-sing02":[{"file":"live2d/chara/037_general_rip/TML-sing02.mtn"}],
"TML-smile01":[{"file":"live2d/chara/037_general_rip/TML-smile01.mtn"}],
"TML-smile02":[{"file":"live2d/chara/037_general_rip/TML-smile02.mtn"}],
"TML-smile03":[{"file":"live2d/chara/037_general_rip/TML-smile03.mtn"}],
"TML-smile04":[{"file":"live2d/chara/037_general_rip/TML-smile04.mtn"}],
"TML-surprised01":[{"file":"live2d/chara/037_general_rip/TML-surprised01.mtn"}],
"TML-thinking01":[{"file":"live2d/chara/037_general_rip/TML-thinking01.mtn"}],
"TML-thinking02":[{"file":"live2d/chara/037_general_rip/TML-thinking02.mtn"}],
"TTQ-angry01":[{"file":"live2d/chara/037_general_rip/TTQ-angry01.mtn"}],
"TTQ-bye01":[{"file":"live2d/chara/037_general_rip/TTQ-bye01.mtn"}],
"TTQ-cry01":[{"file":"live2d/chara/037_general_rip/TTQ-cry01.mtn"}],
"TTQ-eeto01":[{"file":"live2d/chara/037_general_rip/TTQ-eeto01.mtn"}],
"TTQ-gattsu01":[{"file":"live2d/chara/037_general_rip/TTQ-gattsu01.mtn"}],
"TTQ-idle01":[{"file":"live2d/chara/037_general_rip/TTQ-idle01.mtn"}],
"TTQ-jaan01":[{"file":"live2d/chara/037_general_rip/TTQ-jaan01.mtn"}],
"TTQ-nf01":[{"file":"live2d/chara/037_general_rip/TTQ-nf01.mtn"}],
"TTQ-nf02":[{"file":"live2d/chara/037_general_rip/TTQ-nf02.mtn"}],
"TTQ-nf03":[{"file":"live2d/chara/037_general_rip/TTQ-nf03.mtn"}],
"TTQ-nf04":[{"file":"live2d/chara/037_general_rip/TTQ-nf04.mtn"}],
"TTQ-nf05":[{"file":"live2d/chara/037_general_rip/TTQ-nf05.mtn"}],
"TTQ-nf_left01":[{"file":"live2d/chara/037_general_rip/TTQ-nf_left01.mtn"}],
"TTQ-nf_right01":[{"file":"live2d/chara/037_general_rip/TTQ-nf_right01.mtn"}],
"TTQ-nnf01":[{"file":"live2d/chara/037_general_rip/TTQ-nnf01.mtn"}],
"TTQ-nnf02":[{"file":"live2d/chara/037_general_rip/TTQ-nnf02.mtn"}],
"TTQ-nnf03":[{"file":"live2d/chara/037_general_rip/TTQ-nnf03.mtn"}],
"TTQ-nnf04":[{"file":"live2d/chara/037_general_rip/TTQ-nnf04.mtn"}],
"TTQ-nnf05":[{"file":"live2d/chara/037_general_rip/TTQ-nnf05.mtn"}],
"TTQ-nnf_left01":[{"file":"live2d/chara/037_general_rip/TTQ-nnf_left01.mtn"}],
"TTQ-nnf_right01":[{"file":"live2d/chara/037_general_rip/TTQ-nnf_right01.mtn"}],
"TTQ-sad01":[{"file":"live2d/chara/037_general_rip/TTQ-sad01.mtn"}],
"TTQ-shame01":[{"file":"live2d/chara/037_general_rip/TTQ-shame01.mtn"}],
"TTQ-smile01":[{"file":"live2d/chara/037_general_rip/TTQ-smile01.mtn"}],
"TTQ-smile02":[{"file":"live2d/chara/037_general_rip/TTQ-smile02.mtn"}],
"TTQ-smile03":[{"file":"live2d/chara/037_general_rip/TTQ-smile03.mtn"}],
"TTQ-surprised01":[{"file":"live2d/chara/037_general_rip/TTQ-surprised01.mtn"}]},"expressions":[{"name":"Aono-angry01.exp","file":"live2d/chara/037_general_rip/Aono-angry01.exp.exp.json"}, 
{"name":"Aono-angry02.exp","file":"live2d/chara/037_general_rip/Aono-angry02.exp.exp.json"}, 
{"name":"Aono-angry03.exp","file":"live2d/chara/037_general_rip/Aono-angry03.exp.exp.json"}, 
{"name":"Aono-angry04.exp","file":"live2d/chara/037_general_rip/Aono-angry04.exp.exp.json"}, 
{"name":"Aono-bye01.exp","file":"live2d/chara/037_general_rip/Aono-bye01.exp.exp.json"}, 
{"name":"Aono-cry01.exp","file":"live2d/chara/037_general_rip/Aono-cry01.exp.exp.json"}, 
{"name":"Aono-cry02.exp","file":"live2d/chara/037_general_rip/Aono-cry02.exp.exp.json"}, 
{"name":"Aono-default.exp","file":"live2d/chara/037_general_rip/Aono-default.exp.exp.json"}, 
{"name":"Aono-idle01.exp","file":"live2d/chara/037_general_rip/Aono-idle01.exp.exp.json"}, 
{"name":"Aono-kandou01.exp","file":"live2d/chara/037_general_rip/Aono-kandou01.exp.exp.json"}, 
{"name":"Aono-kandou02.exp","file":"live2d/chara/037_general_rip/Aono-kandou02.exp.exp.json"}, 
{"name":"Aono-kime01.exp","file":"live2d/chara/037_general_rip/Aono-kime01.exp.exp.json"}, 
{"name":"Aono-kime02.exp","file":"live2d/chara/037_general_rip/Aono-kime02.exp.exp.json"}, 
{"name":"Aono-sad01.exp","file":"live2d/chara/037_general_rip/Aono-sad01.exp.exp.json"}, 
{"name":"Aono-sad02.exp","file":"live2d/chara/037_general_rip/Aono-sad02.exp.exp.json"}, 
{"name":"Aono-serious01.exp","file":"live2d/chara/037_general_rip/Aono-serious01.exp.exp.json"}, 
{"name":"Aono-serious02.exp","file":"live2d/chara/037_general_rip/Aono-serious02.exp.exp.json"}, 
{"name":"Aono-shame01.exp","file":"live2d/chara/037_general_rip/Aono-shame01.exp.exp.json"}, 
{"name":"Aono-shame02.exp","file":"live2d/chara/037_general_rip/Aono-shame02.exp.exp.json"}, 
{"name":"Aono-smile01.exp","file":"live2d/chara/037_general_rip/Aono-smile01.exp.exp.json"}, 
{"name":"Aono-smile02.exp","file":"live2d/chara/037_general_rip/Aono-smile02.exp.exp.json"}, 
{"name":"Aono-smile03.exp","file":"live2d/chara/037_general_rip/Aono-smile03.exp.exp.json"}, 
{"name":"Aono-smile04.exp","file":"live2d/chara/037_general_rip/Aono-smile04.exp.exp.json"}, 
{"name":"Aono-surprised01.exp","file":"live2d/chara/037_general_rip/Aono-surprised01.exp.exp.json"}, 
{"name":"Aono-thinking01.exp","file":"live2d/chara/037_general_rip/Aono-thinking01.exp.exp.json"}, 
{"name":"Aono-thinking02.exp","file":"live2d/chara/037_general_rip/Aono-thinking02.exp.exp.json"}, 
{"name":"Aono-thinking03.exp","file":"live2d/chara/037_general_rip/Aono-thinking03.exp.exp.json"}, 
{"name":"Aono-wink01.exp","file":"live2d/chara/037_general_rip/Aono-wink01.exp.exp.json"}, 
{"name":"CH-angry01.exp","file":"live2d/chara/037_general_rip/CH-angry01.exp.exp.json"}, 
{"name":"CH-cry01.exp","file":"live2d/chara/037_general_rip/CH-cry01.exp.exp.json"}, 
{"name":"CH-default.exp","file":"live2d/chara/037_general_rip/CH-default.exp.exp.json"}, 
{"name":"CH-idle01.exp","file":"live2d/chara/037_general_rip/CH-idle01.exp.exp.json"}, 
{"name":"CH-kime01.exp","file":"live2d/chara/037_general_rip/CH-kime01.exp.exp.json"}, 
{"name":"CH-sad01.exp","file":"live2d/chara/037_general_rip/CH-sad01.exp.exp.json"}, 
{"name":"CH-serious01.exp","file":"live2d/chara/037_general_rip/CH-serious01.exp.exp.json"}, 
{"name":"CH-shame01.exp","file":"live2d/chara/037_general_rip/CH-shame01.exp.exp.json"}, 
{"name":"CH-smile01.exp","file":"live2d/chara/037_general_rip/CH-smile01.exp.exp.json"}, 
{"name":"CH-smile02.exp","file":"live2d/chara/037_general_rip/CH-smile02.exp.exp.json"}, 
{"name":"CH-surprised01.exp","file":"live2d/chara/037_general_rip/CH-surprised01.exp.exp.json"}, 
{"name":"HL-default.exp","file":"live2d/chara/037_general_rip/HL-default.exp.exp.json"}, 
{"name":"HL-HL-angry01.exp","file":"live2d/chara/037_general_rip/HL-HL-angry01.exp.exp.json"}, 
{"name":"HL-idle01.exp","file":"live2d/chara/037_general_rip/HL-idle01.exp.exp.json"}, 
{"name":"HL-sad01.exp","file":"live2d/chara/037_general_rip/HL-sad01.exp.exp.json"}, 
{"name":"HL-serious01.exp","file":"live2d/chara/037_general_rip/HL-serious01.exp.exp.json"}, 
{"name":"HL-sigh01.exp","file":"live2d/chara/037_general_rip/HL-sigh01.exp.exp.json"}, 
{"name":"HL-smile01.exp","file":"live2d/chara/037_general_rip/HL-smile01.exp.exp.json"}, 
{"name":"HL-smile02.exp","file":"live2d/chara/037_general_rip/HL-smile02.exp.exp.json"}, 
{"name":"HL-smile03.exp","file":"live2d/chara/037_general_rip/HL-smile03.exp.exp.json"}, 
{"name":"HL-smile04.exp","file":"live2d/chara/037_general_rip/HL-smile04.exp.exp.json"}, 
{"name":"HL-smile05.exp","file":"live2d/chara/037_general_rip/HL-smile05.exp.exp.json"}, 
{"name":"HL-surprised01.exp","file":"live2d/chara/037_general_rip/HL-surprised01.exp.exp.json"}, 
{"name":"LN-angry01.exp","file":"live2d/chara/037_general_rip/LN-angry01.exp.exp.json"}, 
{"name":"LN-angry02.exp","file":"live2d/chara/037_general_rip/LN-angry02.exp.exp.json"}, 
{"name":"LN-angry03.exp","file":"live2d/chara/037_general_rip/LN-angry03.exp.exp.json"}, 
{"name":"LN-bye01.exp","file":"live2d/chara/037_general_rip/LN-bye01.exp.exp.json"}, 
{"name":"LN-cry01.exp","file":"live2d/chara/037_general_rip/LN-cry01.exp.exp.json"}, 
{"name":"LN-default.exp","file":"live2d/chara/037_general_rip/LN-default.exp.exp.json"}, 
{"name":"LN-idle01.exp","file":"live2d/chara/037_general_rip/LN-idle01.exp.exp.json"}, 
{"name":"LN-kime01.exp","file":"live2d/chara/037_general_rip/LN-kime01.exp.exp.json"}, 
{"name":"LN-niya01.exp","file":"live2d/chara/037_general_rip/LN-niya01.exp.exp.json"}, 
{"name":"LN-sad01.exp","file":"live2d/chara/037_general_rip/LN-sad01.exp.exp.json"}, 
{"name":"LN-serious01.exp","file":"live2d/chara/037_general_rip/LN-serious01.exp.exp.json"}, 
{"name":"LN-serious02.exp","file":"live2d/chara/037_general_rip/LN-serious02.exp.exp.json"}, 
{"name":"LN-shame01.exp","file":"live2d/chara/037_general_rip/LN-shame01.exp.exp.json"}, 
{"name":"LN-sigh01.exp","file":"live2d/chara/037_general_rip/LN-sigh01.exp.exp.json"}, 
{"name":"LN-smile01.exp","file":"live2d/chara/037_general_rip/LN-smile01.exp.exp.json"}, 
{"name":"LN-smile02.exp","file":"live2d/chara/037_general_rip/LN-smile02.exp.exp.json"}, 
{"name":"LN-smile04.exp","file":"live2d/chara/037_general_rip/LN-smile04.exp.exp.json"}, 
{"name":"LN-surprised01.exp","file":"live2d/chara/037_general_rip/LN-surprised01.exp.exp.json"}, 
{"name":"LN-thinking01.exp","file":"live2d/chara/037_general_rip/LN-thinking01.exp.exp.json"}, 
{"name":"MZM-angry01.exp","file":"live2d/chara/037_general_rip/MZM-angry01.exp.exp.json"}, 
{"name":"MZM-default.exp","file":"live2d/chara/037_general_rip/MZM-default.exp.exp.json"}, 
{"name":"MZM-idle01.exp","file":"live2d/chara/037_general_rip/MZM-idle01.exp.exp.json"}, 
{"name":"MZM-sad01.exp","file":"live2d/chara/037_general_rip/MZM-sad01.exp.exp.json"}, 
{"name":"MZM-smile01.exp","file":"live2d/chara/037_general_rip/MZM-smile01.exp.exp.json"}, 
{"name":"MZM-smile02.exp","file":"live2d/chara/037_general_rip/MZM-smile02.exp.exp.json"}, 
{"name":"MZM-smile04.exp","file":"live2d/chara/037_general_rip/MZM-smile04.exp.exp.json"}, 
{"name":"MZM-surprised01.exp","file":"live2d/chara/037_general_rip/MZM-surprised01.exp.exp.json"}, 
{"name":"Nya-angry01.exp","file":"live2d/chara/037_general_rip/Nya-angry01.exp.exp.json"}, 
{"name":"Nya-cry01.exp","file":"live2d/chara/037_general_rip/Nya-cry01.exp.exp.json"}, 
{"name":"Nya-default.exp","file":"live2d/chara/037_general_rip/Nya-default.exp.exp.json"}, 
{"name":"Nya-idle01.exp","file":"live2d/chara/037_general_rip/Nya-idle01.exp.exp.json"}, 
{"name":"Nya-sad01.exp","file":"live2d/chara/037_general_rip/Nya-sad01.exp.exp.json"}, 
{"name":"Nya-serious01.exp","file":"live2d/chara/037_general_rip/Nya-serious01.exp.exp.json"}, 
{"name":"Nya-smile01.exp","file":"live2d/chara/037_general_rip/Nya-smile01.exp.exp.json"}, 
{"name":"Nya-smile02.exp","file":"live2d/chara/037_general_rip/Nya-smile02.exp.exp.json"}, 
{"name":"Nya-smile03.exp","file":"live2d/chara/037_general_rip/Nya-smile03.exp.exp.json"}, 
{"name":"Nya-surprised01.exp","file":"live2d/chara/037_general_rip/Nya-surprised01.exp.exp.json"}, 
{"name":"Saki_angry01.exp","file":"live2d/chara/037_general_rip/Saki_angry01.exp.exp.json"}, 
{"name":"Saki_angry02.exp","file":"live2d/chara/037_general_rip/Saki_angry02.exp.exp.json"}, 
{"name":"Saki_angry07.exp","file":"live2d/chara/037_general_rip/Saki_angry07.exp.exp.json"}, 
{"name":"Saki_cry01.exp","file":"live2d/chara/037_general_rip/Saki_cry01.exp.exp.json"}, 
{"name":"Saki_cry02.exp","file":"live2d/chara/037_general_rip/Saki_cry02.exp.exp.json"}, 
{"name":"Saki_cry03.exp","file":"live2d/chara/037_general_rip/Saki_cry03.exp.exp.json"}, 
{"name":"Saki_cry04.exp","file":"live2d/chara/037_general_rip/Saki_cry04.exp.exp.json"}, 
{"name":"Saki_default.exp","file":"live2d/chara/037_general_rip/Saki_default.exp.exp.json"}, 
{"name":"Saki_idle01.exp","file":"live2d/chara/037_general_rip/Saki_idle01.exp.exp.json"}, 
{"name":"Saki_kime01.exp","file":"live2d/chara/037_general_rip/Saki_kime01.exp.exp.json"}, 
{"name":"Saki_odoodo01.exp","file":"live2d/chara/037_general_rip/Saki_odoodo01.exp.exp.json"}, 
{"name":"Saki_sad01.exp","file":"live2d/chara/037_general_rip/Saki_sad01.exp.exp.json"}, 
{"name":"Saki_sad02.exp","file":"live2d/chara/037_general_rip/Saki_sad02.exp.exp.json"}, 
{"name":"Saki_serious01.exp","file":"live2d/chara/037_general_rip/Saki_serious01.exp.exp.json"}, 
{"name":"Saki_serious02.exp","file":"live2d/chara/037_general_rip/Saki_serious02.exp.exp.json"}, 
{"name":"Saki_shame01.exp","file":"live2d/chara/037_general_rip/Saki_shame01.exp.exp.json"}, 
{"name":"Saki_shame02.exp","file":"live2d/chara/037_general_rip/Saki_shame02.exp.exp.json"}, 
{"name":"Saki_sigh01.exp","file":"live2d/chara/037_general_rip/Saki_sigh01.exp.exp.json"}, 
{"name":"Saki_sigh02.exp","file":"live2d/chara/037_general_rip/Saki_sigh02.exp.exp.json"}, 
{"name":"Saki_smile01.exp","file":"live2d/chara/037_general_rip/Saki_smile01.exp.exp.json"}, 
{"name":"Saki_smile02.exp","file":"live2d/chara/037_general_rip/Saki_smile02.exp.exp.json"}, 
{"name":"Saki_smile03.exp","file":"live2d/chara/037_general_rip/Saki_smile03.exp.exp.json"}, 
{"name":"Saki_smile04.exp","file":"live2d/chara/037_general_rip/Saki_smile04.exp.exp.json"}, 
{"name":"Saki_smile05.exp","file":"live2d/chara/037_general_rip/Saki_smile05.exp.exp.json"}, 
{"name":"Saki_smile10.exp","file":"live2d/chara/037_general_rip/Saki_smile10.exp.exp.json"}, 
{"name":"Saki_surprised01.exp","file":"live2d/chara/037_general_rip/Saki_surprised01.exp.exp.json"}, 
{"name":"Saki_surprised02.exp","file":"live2d/chara/037_general_rip/Saki_surprised02.exp.exp.json"}, 
{"name":"Saki_thinking01.exp","file":"live2d/chara/037_general_rip/Saki_thinking01.exp.exp.json"}, 
{"name":"Saki_thinking02.exp","file":"live2d/chara/037_general_rip/Saki_thinking02.exp.exp.json"}, 
{"name":"Soyo-ando01.exp","file":"live2d/chara/037_general_rip/Soyo-ando01.exp.exp.json"}, 
{"name":"Soyo-angry01.exp","file":"live2d/chara/037_general_rip/Soyo-angry01.exp.exp.json"}, 
{"name":"Soyo-angry02.exp","file":"live2d/chara/037_general_rip/Soyo-angry02.exp.exp.json"}, 
{"name":"Soyo-angry03.exp","file":"live2d/chara/037_general_rip/Soyo-angry03.exp.exp.json"}, 
{"name":"Soyo-bye01.exp","file":"live2d/chara/037_general_rip/Soyo-bye01.exp.exp.json"}, 
{"name":"Soyo-bye02.exp","file":"live2d/chara/037_general_rip/Soyo-bye02.exp.exp.json"}, 
{"name":"Soyo-cry01.exp","file":"live2d/chara/037_general_rip/Soyo-cry01.exp.exp.json"}, 
{"name":"Soyo-cry02.exp","file":"live2d/chara/037_general_rip/Soyo-cry02.exp.exp.json"}, 
{"name":"Soyo-default.exp","file":"live2d/chara/037_general_rip/Soyo-default.exp.exp.json"}, 
{"name":"Soyo-idle01.exp","file":"live2d/chara/037_general_rip/Soyo-idle01.exp.exp.json"}, 
{"name":"Soyo-kandou01.exp","file":"live2d/chara/037_general_rip/Soyo-kandou01.exp.exp.json"}, 
{"name":"Soyo-kime01.exp","file":"live2d/chara/037_general_rip/Soyo-kime01.exp.exp.json"}, 
{"name":"Soyo-odoodo01.exp","file":"live2d/chara/037_general_rip/Soyo-odoodo01.exp.exp.json"}, 
{"name":"Soyo-sad01.exp","file":"live2d/chara/037_general_rip/Soyo-sad01.exp.exp.json"}, 
{"name":"Soyo-sad02.exp","file":"live2d/chara/037_general_rip/Soyo-sad02.exp.exp.json"}, 
{"name":"Soyo-sad03.exp","file":"live2d/chara/037_general_rip/Soyo-sad03.exp.exp.json"}, 
{"name":"Soyo-serious01.exp","file":"live2d/chara/037_general_rip/Soyo-serious01.exp.exp.json"}, 
{"name":"Soyo-serious02.exp","file":"live2d/chara/037_general_rip/Soyo-serious02.exp.exp.json"}, 
{"name":"Soyo-serious03.exp","file":"live2d/chara/037_general_rip/Soyo-serious03.exp.exp.json"}, 
{"name":"Soyo-serious04.exp","file":"live2d/chara/037_general_rip/Soyo-serious04.exp.exp.json"}, 
{"name":"Soyo-shame01.exp","file":"live2d/chara/037_general_rip/Soyo-shame01.exp.exp.json"}, 
{"name":"Soyo-shame02.exp","file":"live2d/chara/037_general_rip/Soyo-shame02.exp.exp.json"}, 
{"name":"Soyo-smile01.exp","file":"live2d/chara/037_general_rip/Soyo-smile01.exp.exp.json"}, 
{"name":"Soyo-smile02.exp","file":"live2d/chara/037_general_rip/Soyo-smile02.exp.exp.json"}, 
{"name":"Soyo-smile03.exp","file":"live2d/chara/037_general_rip/Soyo-smile03.exp.exp.json"}, 
{"name":"Soyo-smile04.exp","file":"live2d/chara/037_general_rip/Soyo-smile04.exp.exp.json"}, 
{"name":"Soyo-smile05.exp","file":"live2d/chara/037_general_rip/Soyo-smile05.exp.exp.json"}, 
{"name":"Soyo-surprised01.exp","file":"live2d/chara/037_general_rip/Soyo-surprised01.exp.exp.json"}, 
{"name":"Soyo-thinking01.exp","file":"live2d/chara/037_general_rip/Soyo-thinking01.exp.exp.json"}, 
{"name":"Soyo-thinking02.exp","file":"live2d/chara/037_general_rip/Soyo-thinking02.exp.exp.json"}, 
{"name":"Soyo-wink01.exp","file":"live2d/chara/037_general_rip/Soyo-wink01.exp.exp.json"}, 
{"name":"Taki-ando01.exp","file":"live2d/chara/037_general_rip/Taki-ando01.exp.exp.json"}, 
{"name":"Taki-angry01.exp","file":"live2d/chara/037_general_rip/Taki-angry01.exp.exp.json"}, 
{"name":"Taki-angry02.exp","file":"live2d/chara/037_general_rip/Taki-angry02.exp.exp.json"}, 
{"name":"Taki-angry03.exp","file":"live2d/chara/037_general_rip/Taki-angry03.exp.exp.json"}, 
{"name":"Taki-angry04.exp","file":"live2d/chara/037_general_rip/Taki-angry04.exp.exp.json"}, 
{"name":"Taki-bye01.exp","file":"live2d/chara/037_general_rip/Taki-bye01.exp.exp.json"}, 
{"name":"Taki-bye02.exp","file":"live2d/chara/037_general_rip/Taki-bye02.exp.exp.json"}, 
{"name":"Taki-cry01.exp","file":"live2d/chara/037_general_rip/Taki-cry01.exp.exp.json"}, 
{"name":"Taki-cry02.exp","file":"live2d/chara/037_general_rip/Taki-cry02.exp.exp.json"}, 
{"name":"Taki-default.exp","file":"live2d/chara/037_general_rip/Taki-default.exp.exp.json"}, 
{"name":"Taki-idle01.exp","file":"live2d/chara/037_general_rip/Taki-idle01.exp.exp.json"}, 
{"name":"Taki-kandou01.exp","file":"live2d/chara/037_general_rip/Taki-kandou01.exp.exp.json"}, 
{"name":"Taki-kime01.exp","file":"live2d/chara/037_general_rip/Taki-kime01.exp.exp.json"}, 
{"name":"Taki-pui01.exp","file":"live2d/chara/037_general_rip/Taki-pui01.exp.exp.json"}, 
{"name":"Taki-sad01.exp","file":"live2d/chara/037_general_rip/Taki-sad01.exp.exp.json"}, 
{"name":"Taki-sad02.exp","file":"live2d/chara/037_general_rip/Taki-sad02.exp.exp.json"}, 
{"name":"Taki-sad03.exp","file":"live2d/chara/037_general_rip/Taki-sad03.exp.exp.json"}, 
{"name":"Taki-serious01.exp","file":"live2d/chara/037_general_rip/Taki-serious01.exp.exp.json"}, 
{"name":"Taki-serious02.exp","file":"live2d/chara/037_general_rip/Taki-serious02.exp.exp.json"}, 
{"name":"Taki-shame01.exp","file":"live2d/chara/037_general_rip/Taki-shame01.exp.exp.json"}, 
{"name":"Taki-shame02.exp","file":"live2d/chara/037_general_rip/Taki-shame02.exp.exp.json"}, 
{"name":"Taki-sigh01.exp","file":"live2d/chara/037_general_rip/Taki-sigh01.exp.exp.json"}, 
{"name":"Taki-sigh02.exp","file":"live2d/chara/037_general_rip/Taki-sigh02.exp.exp.json"}, 
{"name":"Taki-smile01.exp","file":"live2d/chara/037_general_rip/Taki-smile01.exp.exp.json"}, 
{"name":"Taki-smile02.exp","file":"live2d/chara/037_general_rip/Taki-smile02.exp.exp.json"}, 
{"name":"Taki-smile03.exp","file":"live2d/chara/037_general_rip/Taki-smile03.exp.exp.json"}, 
{"name":"Taki-smile04.exp","file":"live2d/chara/037_general_rip/Taki-smile04.exp.exp.json"}, 
{"name":"Taki-surprised01.exp","file":"live2d/chara/037_general_rip/Taki-surprised01.exp.exp.json"}, 
{"name":"Taki-surprised02.exp","file":"live2d/chara/037_general_rip/Taki-surprised02.exp.exp.json"}, 
{"name":"Taki-thinking01.exp","file":"live2d/chara/037_general_rip/Taki-thinking01.exp.exp.json"}, 
{"name":"TML-angry02.exp","file":"live2d/chara/037_general_rip/TML-angry02.exp.exp.json"}, 
{"name":"TML-bye01.exp","file":"live2d/chara/037_general_rip/TML-bye01.exp.exp.json"}, 
{"name":"TML-cry01.exp","file":"live2d/chara/037_general_rip/TML-cry01.exp.exp.json"}, 
{"name":"TML-cry02.exp","file":"live2d/chara/037_general_rip/TML-cry02.exp.exp.json"}, 
{"name":"TML-default.exp","file":"live2d/chara/037_general_rip/TML-default.exp.exp.json"}, 
{"name":"TML-idle.exp","file":"live2d/chara/037_general_rip/TML-idle.exp.exp.json"}, 
{"name":"TML-kandou01.exp","file":"live2d/chara/037_general_rip/TML-kandou01.exp.exp.json"}, 
{"name":"TML-kandou02.exp","file":"live2d/chara/037_general_rip/TML-kandou02.exp.exp.json"}, 
{"name":"TML-kandou03.exp","file":"live2d/chara/037_general_rip/TML-kandou03.exp.exp.json"}, 
{"name":"TML-kime01.exp","file":"live2d/chara/037_general_rip/TML-kime01.exp.exp.json"}, 
{"name":"TML-kime02.exp","file":"live2d/chara/037_general_rip/TML-kime02.exp.exp.json"}, 
{"name":"TML-sad01.exp","file":"live2d/chara/037_general_rip/TML-sad01.exp.exp.json"}, 
{"name":"TML-sad02.exp","file":"live2d/chara/037_general_rip/TML-sad02.exp.exp.json"}, 
{"name":"TML-sad03.exp","file":"live2d/chara/037_general_rip/TML-sad03.exp.exp.json"}, 
{"name":"TML-sad04.exp","file":"live2d/chara/037_general_rip/TML-sad04.exp.exp.json"}, 
{"name":"TML-serious01.exp","file":"live2d/chara/037_general_rip/TML-serious01.exp.exp.json"}, 
{"name":"TML-serious02.exp","file":"live2d/chara/037_general_rip/TML-serious02.exp.exp.json"}, 
{"name":"TML-shame01.exp","file":"live2d/chara/037_general_rip/TML-shame01.exp.exp.json"}, 
{"name":"TML-shame02.exp","file":"live2d/chara/037_general_rip/TML-shame02.exp.exp.json"}, 
{"name":"TML-sing01.exp","file":"live2d/chara/037_general_rip/TML-sing01.exp.exp.json"}, 
{"name":"TML-sing02.exp","file":"live2d/chara/037_general_rip/TML-sing02.exp.exp.json"}, 
{"name":"TML-smile01.exp","file":"live2d/chara/037_general_rip/TML-smile01.exp.exp.json"}, 
{"name":"TML-smile02.exp","file":"live2d/chara/037_general_rip/TML-smile02.exp.exp.json"}, 
{"name":"TML-smile03.exp","file":"live2d/chara/037_general_rip/TML-smile03.exp.exp.json"}, 
{"name":"TML-smile04.exp","file":"live2d/chara/037_general_rip/TML-smile04.exp.exp.json"}, 
{"name":"TML-surprised01.exp","file":"live2d/chara/037_general_rip/TML-surprised01.exp.exp.json"}, 
{"name":"TML-thinking01.exp","file":"live2d/chara/037_general_rip/TML-thinking01.exp.exp.json"}, 
{"name":"TML-thinking02.exp","file":"live2d/chara/037_general_rip/TML-thinking02.exp.exp.json"}, 
{"name":"TTQ-mana_angry01.exp","file":"live2d/chara/037_general_rip/TTQ-mana_angry01.exp.exp.json"}, 
{"name":"TTQ-mana_cry01.exp","file":"live2d/chara/037_general_rip/TTQ-mana_cry01.exp.exp.json"}, 
{"name":"TTQ-mana_default.exp","file":"live2d/chara/037_general_rip/TTQ-mana_default.exp.exp.json"}, 
{"name":"TTQ-mana_idle01.exp","file":"live2d/chara/037_general_rip/TTQ-mana_idle01.exp.exp.json"}, 
{"name":"TTQ-mana_sad01.exp","file":"live2d/chara/037_general_rip/TTQ-mana_sad01.exp.exp.json"}, 
{"name":"TTQ-mana_smile01.exp","file":"live2d/chara/037_general_rip/TTQ-mana_smile01.exp.exp.json"}, 
{"name":"TTQ-mana_smile02.exp","file":"live2d/chara/037_general_rip/TTQ-mana_smile02.exp.exp.json"}, 
{"name":"TTQ-mana_smile03.exp","file":"live2d/chara/037_general_rip/TTQ-mana_smile03.exp.exp.json"}, 
{"name":"TTQ-mana_surprised01.exp","file":"live2d/chara/037_general_rip/TTQ-mana_surprised01.exp.exp.json"}]}