{
	"type":"Live2D Expression",
	"fade_in":500,
	"fade_out":500,
	"params":[
		{"id":"PARAM_EYE_L_OPEN","val":1,"calc":"mult"},
		{"id":"PARAM_EYE_L_SMILE","val":0},
		{"id":"PARAM_EYE_R_OPEN","val":1,"calc":"mult"},
		{"id":"PARAM_EYE_R_SMILE","val":0},
		{"id":"PARAM_EYE_R_DOUBLE","val":0},
		{"id":"PARAM_EYE_L_DOUBLE","val":0},
		{"id":"PARAM_EYE_BALL_X","val":0},
		{"id":"PARAM_EYE_BALL_Y","val":0},
		{"id":"PARAM_EYE_FORM","val":0},
		{"id":"PARAM_EYE_SCALE","val":0},
		{"id":"PARAM_EYE_HIGHLIGHT","val":0},
		{"id":"PARAM_TEAR","val":0},
		{"id":"PARAM_BROW_L_Y","val":0},
		{"id":"PARAM_BROW_L_X","val":0},
		{"id":"PARAM_BROW_R_Y","val":0},
		{"id":"PARAM_BROW_R_X","val":0},
		{"id":"PARAM_BROW_L_ANGLE","val":0},
		{"id":"PARAM_BROW_R_ANGLE","val":0},
		{"id":"PARAM_BROW_L_FORM","val":0},
		{"id":"PARAM_BROW_R_FORM","val":0},
		{"id":"PARAM_MOUTH_FORM_01","val":0},
		{"id":"PARAM_MOUTH_OPEN_Y","val":0},
		{"id":"PARAM_MOUTH_FORM_02","val":0},
		{"id":"PARAM_MOUTH_SCALE","val":0},
		{"id":"PARAM_CHEEK","val":0},
		{"id":"PARAM_CHEEK2","val":0}
	]
}