{
	"type":"Live2D Expression",
	"fade_in":500,
	"fade_out":500,
	"params":[
		{"id":"PARAM_EYE_L_OPEN","val":0.71,"calc":"mult"},
		{"id":"PARAM_EYE_R_OPEN","val":0.7,"calc":"mult"},
		{"id":"PARAM_BROW_L_Y","val":-1},
		{"id":"PARAM_BROW_R_Y","val":-1},
		{"id":"PARAM_BROW_L_ANGLE","val":-0.09},
		{"id":"PARAM_BROW_R_ANGLE","val":-0.1},
		{"id":"PARAM_BROW_L_FORM","val":-0.74},
		{"id":"PARAM_BROW_R_FORM","val":-0.74},
		{"id":"PARAM_MOUTH_FORM_01","val":1,"def":-0.5},
		{"id":"PARAM_MOUTH_FORM_02","val":1},
		{"id":"PARAM_SWEET","val":1}
	]
}