{
    "version": "Sample 1.0.0", 
    "layout": {"center_x": 0, "center_y": 0, "width": 2}, 
    "hit_areas_custom": {"head_x": [-0.25, 1], "head_y": [0.25, 0.2], "body_x": [-0.3, 0.2], "body_y": [0.3, -1.9]}, 
    "model": "live2d/chara/001_school_summer-2023_rip/kasumi_school_summer-2023.moc", 
    "physics": "live2d/chara/001_school_summer-2023_rip/kasumi_school_summer-2023.physics.json", 
    "textures": ["live2d/chara/001_general_rip/texture_00.png", "live2d/chara/001_school_summer-2023_rip/texture_01.png"], 
    "motions": {
        "angry01_anon":[{"file":"live2d/chara/001_general_rip/angry01_anon.mtn"}],
        "smile01_anon":[{"file":"live2d/chara/001_general_rip/smile01_anon.mtn"}],
        "thinking01_anon":[{"file":"live2d/chara/001_general_rip/thinking01_anon.mtn"}],
        "smile04_anon":[{"file":"live2d/chara/001_general_rip/smile04_anon.mtn"}],
        "serious02_anon":[{"file":"live2d/chara/001_general_rip/serious02_anon.mtn"}],
        "smile02_anon":[{"file":"live2d/chara/001_general_rip/smile02_anon.mtn"}],
        "angry04_anon":[{"file":"live2d/chara/001_general_rip/angry04_anon.mtn"}],
        "nf05_anon":[{"file":"live2d/chara/001_general_rip/nf05_anon.mtn"}],
        "angry02_anon":[{"file":"live2d/chara/001_general_rip/angry02_anon.mtn"}],
        "thinking03_anon":[{"file":"live2d/chara/001_general_rip/thinking03_anon.mtn"}],
        "angry03_anon":[{"file":"live2d/chara/001_general_rip/angry03_anon.mtn"}],
        "nf_right01_anon":[{"file":"live2d/chara/001_general_rip/nf_right01_anon.mtn"}],
        "sad01_anon":[{"file":"live2d/chara/001_general_rip/sad01_anon.mtn"}],
        "nf_left01_anon":[{"file":"live2d/chara/001_general_rip/nf_left01_anon.mtn"}],
        "kandou02_anon":[{"file":"live2d/chara/001_general_rip/kandou02_anon.mtn"}],
        "shame01_anon":[{"file":"live2d/chara/001_general_rip/shame01_anon.mtn"}],
        "cry01_anon":[{"file":"live2d/chara/001_general_rip/cry01_anon.mtn"}],
        "nf03_anon":[{"file":"live2d/chara/001_general_rip/nf03_anon.mtn"}],
        "cry02_anon":[{"file":"live2d/chara/001_general_rip/cry02_anon.mtn"}],
        "nf02_anon":[{"file":"live2d/chara/001_general_rip/nf02_anon.mtn"}],
        "bye01_anon":[{"file":"live2d/chara/001_general_rip/bye01_anon.mtn"}],
        "shame02_anon":[{"file":"live2d/chara/001_general_rip/shame02_anon.mtn"}],
        "smile03_anon":[{"file":"live2d/chara/001_general_rip/smile03_anon.mtn"}],
        "sad02_anon":[{"file":"live2d/chara/001_general_rip/sad02_anon.mtn"}],
        "wink01_anon":[{"file":"live2d/chara/001_general_rip/wink01_anon.mtn"}],
        "thinking02_anon":[{"file":"live2d/chara/001_general_rip/thinking02_anon.mtn"}],
        "kime02_anon":[{"file":"live2d/chara/001_general_rip/kime02_anon.mtn"}],
        "nf01_anon":[{"file":"live2d/chara/001_general_rip/nf01_anon.mtn"}],
        "kandou01_anon":[{"file":"live2d/chara/001_general_rip/kandou01_anon.mtn"}],
        "nf04_anon":[{"file":"live2d/chara/001_general_rip/nf04_anon.mtn"}],
        "surprised01_anon":[{"file":"live2d/chara/001_general_rip/surprised01_anon.mtn"}],
        "serious01_anon":[{"file":"live2d/chara/001_general_rip/serious01_anon.mtn"}],
        "idle01_anon":[{"file":"live2d/chara/001_general_rip/idle01_anon.mtn"}],
        "kime01_anon":[{"file":"live2d/chara/001_general_rip/kime01_anon.mtn"}],

        "angry01": [{"file": "live2d/chara/001_general_rip/angry01.mtn"}], "bye01": [{"file": "live2d/chara/001_general_rip/bye01.mtn"}], 
        "cry01": [{"file": "live2d/chara/001_general_rip/cry01.mtn"}], "cry02": [{"file": "live2d/chara/001_general_rip/cry02.mtn"}], 
        "cry03": [{"file": "live2d/chara/001_general_rip/cry03.mtn"}], "eeto01": [{"file": "live2d/chara/001_general_rip/eeto01.mtn"}], 
        "gattsu01": [{"file": "live2d/chara/001_general_rip/gattsu01.mtn"}], "hukumi01": [{"file": "live2d/chara/001_general_rip/hukumi01.mtn"}], 
        "idle01": [{"file": "live2d/chara/001_general_rip/idle01.mtn"}], "idle02": [{"file": "live2d/chara/001_general_rip/idle02.mtn"}], 
        "jaan01": [{"file": "live2d/chara/001_general_rip/jaan01.mtn"}], "kime01": [{"file": "live2d/chara/001_general_rip/kime01.mtn"}], 
        "nf01": [{"file": "live2d/chara/001_general_rip/nf01.mtn"}], "nf02": [{"file": "live2d/chara/001_general_rip/nf02.mtn"}], 
        "nf03": [{"file": "live2d/chara/001_general_rip/nf03.mtn"}], "nf04": [{"file": "live2d/chara/001_general_rip/nf04.mtn"}], 
        "nf05": [{"file": "live2d/chara/001_general_rip/nf05.mtn"}], "nf_left01": [{"file": "live2d/chara/001_general_rip/nf_left01.mtn"}],
        "nf_right01": [{"file": "live2d/chara/001_general_rip/nf_right01.mtn"}], "niyaniya01": [{"file": "live2d/chara/001_general_rip/niyaniya01.mtn"}], 
        "nnf01": [{"file": "live2d/chara/001_general_rip/nnf01.mtn"}], "nnf02": [{"file": "live2d/chara/001_general_rip/nnf02.mtn"}], 
        "nnf03": [{"file": "live2d/chara/001_general_rip/nnf03.mtn"}], "nnf04": [{"file": "live2d/chara/001_general_rip/nnf04.mtn"}], 
        "nnf05": [{"file": "live2d/chara/001_general_rip/nnf05.mtn"}], "nnf_left01": [{"file": "live2d/chara/001_general_rip/nnf_left01.mtn"}], 
        "nnf_right01": [{"file": "live2d/chara/001_general_rip/nnf_right01.mtn"}], "nod01": [{"file": "live2d/chara/001_general_rip/nod01.mtn"}], 
        "nod02": [{"file": "live2d/chara/001_general_rip/nod02.mtn"}], "oowarai01": [{"file": "live2d/chara/001_general_rip/oowarai01.mtn"}], 
        "sad01": [{"file": "live2d/chara/001_general_rip/sad01.mtn"}], "sad02": [{"file": "live2d/chara/001_general_rip/sad02.mtn"}], 
        "scared01": [{"file": "live2d/chara/001_general_rip/scared01.mtn"}], "serious01": [{"file": "live2d/chara/001_general_rip/serious01.mtn"}], 
        "serious02": [{"file": "live2d/chara/001_general_rip/serious02.mtn"}], "shame01": [{"file": "live2d/chara/001_general_rip/shame01.mtn"}], 
        "sing01": [{"file": "live2d/chara/001_general_rip/sing01.mtn"}], "sleep01": [{"file": "live2d/chara/001_general_rip/sleep01.mtn"}], 
        "sleep02": [{"file": "live2d/chara/001_general_rip/sleep02.mtn"}], "smile01": [{"file": "live2d/chara/001_general_rip/smile01.mtn"}], 
        "smile02": [{"file": "live2d/chara/001_general_rip/smile02.mtn"}], "smile03": [{"file": "live2d/chara/001_general_rip/smile03.mtn"}], 
        "smile04": [{"file": "live2d/chara/001_general_rip/smile04.mtn"}], "smile05": [{"file": "live2d/chara/001_general_rip/smile05.mtn"}], 
        "smile06": [{"file": "live2d/chara/001_general_rip/smile06.mtn"}], "sneeze01": [{"file": "live2d/chara/001_general_rip/sneeze01.mtn"}],
        "sneeze02": [{"file": "live2d/chara/001_general_rip/sneeze02.mtn"}], "surprised01": [{"file": "live2d/chara/001_general_rip/surprised01.mtn"}], 
        "surprised02": [{"file": "live2d/chara/001_general_rip/surprised02.mtn"}], "surprised03": [{"file": "live2d/chara/001_general_rip/surprised03.mtn"}], 
        "wink01": [{"file": "live2d/chara/001_general_rip/wink01.mtn"}]
    }, 
    "expressions": [
        
        {"name": "angry01", "file": "live2d/chara/001_general_rip/angry01.exp.json"}, 
        {"name": "cry01", "file": "live2d/chara/001_general_rip/cry01.exp.json"}, 
        {"name": "cry03", "file": "live2d/chara/001_general_rip/cry03.exp.json"}, 
        {"name": "default", "file": "live2d/chara/001_general_rip/default.exp.json"}, 
        {"name": "f01", "file": "live2d/chara/001_general_rip/f01.exp.json"}, 
        {"name": "f02", "file": "live2d/chara/001_general_rip/f02.exp.json"},
        {"name": "f03", "file": "live2d/chara/001_general_rip/f03.exp.json"}, 
        {"name": "f04", "file": "live2d/chara/001_general_rip/f04.exp.json"}, 
        {"name": "f05", "file": "live2d/chara/001_general_rip/f05.exp.json"}, 
        {"name": "f06", "file": "live2d/chara/001_general_rip/f06.exp.json"}, {"name": "f07", "file": "live2d/chara/001_general_rip/f07.exp.json"}, 
        {"name": "f08", "file": "live2d/chara/001_general_rip/f08.exp.json"}, {"name": "f09", "file": "live2d/chara/001_general_rip/f09.exp.json"}, 
        {"name": "f10", "file": "live2d/chara/001_general_rip/f10.exp.json"}, {"name": "f11", "file": "live2d/chara/001_general_rip/f11.exp.json"}, 
        {"name": "f12", "file": "live2d/chara/001_general_rip/f12.exp.json"}, {"name": "f13", "file": "live2d/chara/001_general_rip/f13.exp.json"}, 
        {"name": "f14", "file": "live2d/chara/001_general_rip/f14.exp.json"}, {"name": "f15", "file": "live2d/chara/001_general_rip/f15.exp.json"}, 
        {"name": "f16", "file": "live2d/chara/001_general_rip/f16.exp.json"}, {"name": "f17", "file": "live2d/chara/001_general_rip/f17.exp.json"}, 
        {"name": "f18", "file": "live2d/chara/001_general_rip/f18.exp.json"}, {"name": "idle01", "file": "live2d/chara/001_general_rip/idle01.exp.json"}, 
        {"name": "kime01", "file": "live2d/chara/001_general_rip/kime01.exp.json"}, {"name": "sad01", "file": "live2d/chara/001_general_rip/sad01.exp.json"}, 
        {"name": "serious01", "file": "live2d/chara/001_general_rip/serious01.exp.json"}, {"name": "serious02", "file": "live2d/chara/001_general_rip/serious02.exp.json"}, 
        {"name": "shame01", "file": "live2d/chara/001_general_rip/shame01.exp.json"}, 
        {"name": "smile01", "file": "live2d/chara/001_general_rip/smile01.exp.json"}, 
        {"name": "smile02", "file": "live2d/chara/001_general_rip/smile02.exp.json"}, 
        {"name": "smile03", "file": "live2d/chara/001_general_rip/smile03.exp.json"}, 
        {"name": "surprised01", "file": "live2d/chara/001_general_rip/surprised01.exp.json"},

        {"name":"turn_Down_look","file":"live2d/chara/001_general_rip/turn_Down_look.exp.json"},
        {"name":"turn_L_Body","file":"live2d/chara/001_general_rip/turn_L_Body.exp.json"},
        {"name":"turn_L_Body_UP","file":"live2d/chara/001_general_rip/turn_L_Body_UP.exp.json"},
        {"name":"turn_L_Body_Down","file":"live2d/chara/001_general_rip/turn_L_Body_Down.exp.json"},
        {"name":"turn_R_Body","file":"live2d/chara/001_general_rip/turn_R_Body.exp.json"},
        {"name":"turn_R_Body_UP","file":"live2d/chara/001_general_rip/turn_R_Body_UP.exp.json"},
        {"name":"turn_R_Body_Down","file":"live2d/chara/001_general_rip/turn_R_Body_Down.exp.json"},
        {"name":"turn_Up_look","file":"live2d/chara/001_general_rip/turn_Up_look.exp.json"}
    ]
}