{
	"type":"Live2D Physics",
	"physics_hair":[
		{
			"label":"clothes_a",
			"setup":{
				"length":0.12,
				"regist":0.61,
				"mass":0.13
			},
			"src":[
				{
					"id":"PARAM_BODY_ANGLE_Z",
					"ptype":"angle",
					"scale":2.4,
					"weight":0.5
				},
				{
					"id":"PARAM_BODY_ANGLE_X",
					"ptype":"x",
					"scale":0.015,
					"weight":0.5
				},
				{
					"id":"PARAM_ANGLE_Z",
					"ptype":"angle",
					"scale":0.8,
					"weight":2
				},
				{
					"id":"PARAM_ANGLE_X",
					"ptype":"x",
					"scale":0.005,
					"weight":2
				}
			],
			"targets":[
				{
					"id":"PARAM_CLOTHES_A",
					"ptype":"angle",
					"scale":0.012,
					"weight":1
				}
			]
		},
		{
			"label":"clothes_b",
			"setup":{
				"length":0.15,
				"regist":0.61,
				"mass":0.14
			},
			"src":[
				{
					"id":"PARAM_BODY_ANGLE_Z",
					"ptype":"angle",
					"scale":2.4,
					"weight":0.5
				},
				{
					"id":"PARAM_BODY_ANGLE_X",
					"ptype":"x",
					"scale":0.015,
					"weight":0.5
				},
				{
					"id":"PARAM_ANGLE_Z",
					"ptype":"angle",
					"scale":0.8,
					"weight":2
				},
				{
					"id":"PARAM_ANGLE_X",
					"ptype":"x",
					"scale":0.005,
					"weight":2
				}
			],
			"targets":[
				{
					"id":"PARAM_CLOTHES_B",
					"ptype":"angle",
					"scale":0.012,
					"weight":1
				}
			]
		},
		{
			"label":"clothes_c",
			"setup":{
				"length":0.15,
				"regist":0.57,
				"mass":0.14
			},
			"src":[
				{
					"id":"PARAM_BODY_ANGLE_Z",
					"ptype":"angle",
					"scale":2.4,
					"weight":0.5
				},
				{
					"id":"PARAM_BODY_ANGLE_X",
					"ptype":"x",
					"scale":0.015,
					"weight":0.5
				},
				{
					"id":"PARAM_ANGLE_Z",
					"ptype":"angle",
					"scale":0.8,
					"weight":2
				},
				{
					"id":"PARAM_ANGLE_X",
					"ptype":"x",
					"scale":0.005,
					"weight":2
				}
			],
			"targets":[
				{
					"id":"PARAM_CLOTHES_C",
					"ptype":"angle",
					"scale":0.018,
					"weight":1
				}
			]
		},
		{
			"label":"clothes_d",
			"setup":{
				"length":0.18,
				"regist":0.62,
				"mass":0.15
			},
			"src":[
				{
					"id":"PARAM_BODY_ANGLE_Z",
					"ptype":"angle",
					"scale":2.4,
					"weight":0.5
				},
				{
					"id":"PARAM_BODY_ANGLE_X",
					"ptype":"x",
					"scale":0.015,
					"weight":0.5
				},
				{
					"id":"PARAM_ANGLE_Z",
					"ptype":"angle",
					"scale":0.8,
					"weight":2
				},
				{
					"id":"PARAM_ANGLE_X",
					"ptype":"x",
					"scale":0.005,
					"weight":2
				}
			],
			"targets":[
				{
					"id":"PARAM_CLOTHES_D",
					"ptype":"angle",
					"scale":0.022,
					"weight":1
				}
			]
		},
		{
			"label":"clothes_e",
			"setup":{
				"length":0.12,
				"regist":0.55,
				"mass":0.11
			},
			"src":[
				{
					"id":"PARAM_BODY_ANGLE_Z",
					"ptype":"angle",
					"scale":0.8,
					"weight":1
				},
				{
					"id":"PARAM_BODY_ANGLE_X",
					"ptype":"x",
					"scale":0.015,
					"weight":0.5
				},
				{
					"id":"PARAM_BODY_ANGLE_Y",
					"ptype":"x",
					"scale":0.003,
					"weight":2
				}
			],
			"targets":[
				{
					"id":"PARAM_CLOTHES_E",
					"ptype":"angle",
					"scale":0.029,
					"weight":1
				}
			]
		},
		{
			"label":"clothes_f",
			"setup":{
				"length":0.18,
				"regist":0.6,
				"mass":0.17
			},
			"src":[
				{
					"id":"PARAM_BODY_ANGLE_Z",
					"ptype":"angle",
					"scale":0.8,
					"weight":1
				},
				{
					"id":"PARAM_BODY_ANGLE_X",
					"ptype":"x",
					"scale":0.015,
					"weight":0.5
				},
				{
					"id":"PARAM_BODY_ANGLE_Y",
					"ptype":"x",
					"scale":0.002,
					"weight":2
				}
			],
			"targets":[
				{
					"id":"PARAM_CLOTHES_F",
					"ptype":"angle",
					"scale":0.03,
					"weight":1
				}
			]
		},
		{
			"label":"clothes_g",
			"setup":{
				"length":0.14,
				"regist":0.6,
				"mass":0.12
			},
			"src":[
				{
					"id":"PARAM_BODY_ANGLE_Z",
					"ptype":"angle",
					"scale":0.8,
					"weight":1
				},
				{
					"id":"PARAM_BODY_ANGLE_X",
					"ptype":"x",
					"scale":0.015,
					"weight":0.5
				},
				{
					"id":"PARAM_BODY_ANGLE_Y",
					"ptype":"x",
					"scale":0.002,
					"weight":2
				}
			],
			"targets":[
				{
					"id":"PARAM_CLOTHES_G",
					"ptype":"angle",
					"scale":0.03,
					"weight":1
				}
			]
		},
		{
			"label":"clothes_h",
			"setup":{
				"length":0.14,
				"regist":0.59,
				"mass":0.13
			},
			"src":[
				{
					"id":"PARAM_BODY_ANGLE_Z",
					"ptype":"angle",
					"scale":0.8,
					"weight":1
				},
				{
					"id":"PARAM_BODY_ANGLE_X",
					"ptype":"x",
					"scale":0.015,
					"weight":0.5
				},
				{
					"id":"PARAM_BODY_ANGLE_Y",
					"ptype":"x",
					"scale":0.004,
					"weight":2
				}
			],
			"targets":[
				{
					"id":"PARAM_CLOTHES_H",
					"ptype":"angle",
					"scale":0.019,
					"weight":1
				}
			]
		},
		{
			"label":"clothes_i",
			"setup":{
				"length":0.17,
				"regist":0.61,
				"mass":0.15
			},
			"src":[
				{
					"id":"PARAM_BODY_ANGLE_Z",
					"ptype":"angle",
					"scale":0.8,
					"weight":1
				},
				{
					"id":"PARAM_BODY_ANGLE_X",
					"ptype":"x",
					"scale":0.015,
					"weight":0.5
				},
				{
					"id":"PARAM_BODY_ANGLE_Y",
					"ptype":"x",
					"scale":0.003,
					"weight":2
				}
			],
			"targets":[
				{
					"id":"PARAM_CLOTHES_I",
					"ptype":"angle",
					"scale":0.023,
					"weight":1
				}
			]
		},
		{
			"label":"clothes_j",
			"setup":{
				"length":0.18,
				"regist":0.58,
				"mass":0.16
			},
			"src":[
				{
					"id":"PARAM_BODY_ANGLE_Z",
					"ptype":"angle",
					"scale":0.8,
					"weight":1
				},
				{
					"id":"PARAM_BODY_ANGLE_X",
					"ptype":"x",
					"scale":0.015,
					"weight":0.5
				},
				{
					"id":"PARAM_BODY_ANGLE_Y",
					"ptype":"x",
					"scale":0.004,
					"weight":2
				}
			],
			"targets":[
				{
					"id":"PARAM_CLOTHES_J",
					"ptype":"angle",
					"scale":0.027,
					"weight":1
				}
			]
		},
		{
			"label":"clothes_k",
			"setup":{
				"length":0.19,
				"regist":0.58,
				"mass":0.18
			},
			"src":[
				{
					"id":"PARAM_BODY_ANGLE_Z",
					"ptype":"angle",
					"scale":0.8,
					"weight":1
				},
				{
					"id":"PARAM_BODY_ANGLE_X",
					"ptype":"x",
					"scale":0.015,
					"weight":0.5
				},
				{
					"id":"PARAM_BODY_ANGLE_Y",
					"ptype":"x",
					"scale":0.004,
					"weight":2
				}
			],
			"targets":[
				{
					"id":"PARAM_CLOTHES_K",
					"ptype":"angle",
					"scale":0.026,
					"weight":1
				}
			]
		},
		{
			"label":"clothes_l",
			"setup":{
				"length":0.18,
				"regist":0.58,
				"mass":0.17
			},
			"src":[
				{
					"id":"PARAM_BODY_ANGLE_Z",
					"ptype":"angle",
					"scale":0.8,
					"weight":1
				},
				{
					"id":"PARAM_BODY_ANGLE_X",
					"ptype":"x",
					"scale":0.015,
					"weight":0.5
				},
				{
					"id":"PARAM_BODY_ANGLE_Y",
					"ptype":"x",
					"scale":0.004,
					"weight":2
				}
			],
			"targets":[
				{
					"id":"PARAM_CLOTHES_L",
					"ptype":"angle",
					"scale":0.025,
					"weight":1
				}
			]
		},
		{
			"label":"clothes_m",
			"setup":{
				"length":0.18,
				"regist":0.58,
				"mass":0.17
			},
			"src":[
				{
					"id":"PARAM_BODY_ANGLE_Z",
					"ptype":"angle",
					"scale":0.8,
					"weight":1
				},
				{
					"id":"PARAM_BODY_ANGLE_X",
					"ptype":"x",
					"scale":0.015,
					"weight":0.5
				},
				{
					"id":"PARAM_BODY_ANGLE_Y",
					"ptype":"x",
					"scale":0.003,
					"weight":2
				}
			],
			"targets":[
				{
					"id":"PARAM_CLOTHES_M",
					"ptype":"angle",
					"scale":0.026,
					"weight":1
				}
			]
		},
		{
			"label":"clothes_n",
			"setup":{
				"length":0.16,
				"regist":0.55,
				"mass":0.15
			},
			"src":[
				{
					"id":"PARAM_BODY_ANGLE_Z",
					"ptype":"angle",
					"scale":0.8,
					"weight":1
				},
				{
					"id":"PARAM_BODY_ANGLE_X",
					"ptype":"x",
					"scale":0.005,
					"weight":1
				}
			],
			"targets":[
				{
					"id":"PARAM_CLOTHES_N",
					"ptype":"angle",
					"scale":0.023,
					"weight":1
				}
			]
		},
		{
			"label":"clothes_o",
			"setup":{
				"length":0.19,
				"regist":0.59,
				"mass":0.19
			},
			"src":[
				{
					"id":"PARAM_BODY_ANGLE_Z",
					"ptype":"angle",
					"scale":0.8,
					"weight":1
				},
				{
					"id":"PARAM_BODY_ANGLE_X",
					"ptype":"x",
					"scale":0.005,
					"weight":1
				}
			],
			"targets":[
				{
					"id":"PARAM_CLOTHES_O",
					"ptype":"angle",
					"scale":0.023,
					"weight":1
				}
			]
		},
		{
			"label":"clothes_p",
			"setup":{
				"length":0.19,
				"regist":0.58,
				"mass":0.17
			},
			"src":[
				{
					"id":"PARAM_BODY_ANGLE_Z",
					"ptype":"angle",
					"scale":0.8,
					"weight":1
				},
				{
					"id":"PARAM_BODY_ANGLE_X",
					"ptype":"x",
					"scale":0.005,
					"weight":1
				}
			],
			"targets":[
				{
					"id":"PARAM_CLOTHES_P",
					"ptype":"angle",
					"scale":0.023,
					"weight":1
				}
			]
		},
		{
			"label":"clothes_q",
			"setup":{
				"length":0.21,
				"regist":0.57,
				"mass":0.2
			},
			"src":[
				{
					"id":"PARAM_BODY_ANGLE_Z",
					"ptype":"angle",
					"scale":0.8,
					"weight":1
				},
				{
					"id":"PARAM_BODY_ANGLE_X",
					"ptype":"x",
					"scale":0.005,
					"weight":1
				}
			],
			"targets":[
				{
					"id":"PARAM_CLOTHES_Q",
					"ptype":"angle",
					"scale":0.026,
					"weight":1
				}
			]
		},
		{
			"label":"clothes_r",
			"setup":{
				"length":0.26,
				"regist":0.59,
				"mass":0.24
			},
			"src":[
				{
					"id":"PARAM_BODY_ANGLE_Z",
					"ptype":"angle",
					"scale":0.8,
					"weight":1
				},
				{
					"id":"PARAM_BODY_ANGLE_X",
					"ptype":"x",
					"scale":0.005,
					"weight":1
				}
			],
			"targets":[
				{
					"id":"PARAM_CLOTHES_R",
					"ptype":"angle",
					"scale":0.031,
					"weight":1
				}
			]
		},
		{
			"label":"clothes_s",
			"setup":{
				"length":0.32,
				"regist":0.59,
				"mass":0.3
			},
			"src":[
				{
					"id":"PARAM_BODY_ANGLE_Z",
					"ptype":"angle",
					"scale":0.8,
					"weight":1
				},
				{
					"id":"PARAM_BODY_ANGLE_X",
					"ptype":"x",
					"scale":0.005,
					"weight":1
				}
			],
			"targets":[
				{
					"id":"PARAM_CLOTHES_S",
					"ptype":"angle",
					"scale":0.032,
					"weight":1
				}
			]
		},
		{
			"label":"clothes_t",
			"setup":{
				"length":0.28,
				"regist":0.53,
				"mass":0.26
			},
			"src":[
				{
					"id":"PARAM_BODY_ANGLE_Z",
					"ptype":"angle",
					"scale":0.8,
					"weight":1
				},
				{
					"id":"PARAM_BODY_ANGLE_X",
					"ptype":"x",
					"scale":0.005,
					"weight":1
				}
			],
			"targets":[
				{
					"id":"PARAM_CLOTHES_T",
					"ptype":"angle",
					"scale":0.032,
					"weight":1
				}
			]
		},
		{
			"label":"clothes_u",
			"setup":{
				"length":0.31,
				"regist":0.6,
				"mass":0.28
			},
			"src":[
				{
					"id":"PARAM_BODY_ANGLE_Z",
					"ptype":"angle",
					"scale":0.8,
					"weight":1
				},
				{
					"id":"PARAM_BODY_ANGLE_X",
					"ptype":"x",
					"scale":0.005,
					"weight":1
				}
			],
			"targets":[
				{
					"id":"PARAM_CLOTHES_U",
					"ptype":"angle",
					"scale":0.027,
					"weight":1
				}
			]
		},
		{
			"label":"clothes_v",
			"setup":{
				"length":0.16,
				"regist":0.58,
				"mass":0.14
			},
			"src":[
				{
					"id":"PARAM_BODY_ANGLE_Z",
					"ptype":"angle",
					"scale":0.8,
					"weight":1
				},
				{
					"id":"PARAM_BODY_ANGLE_X",
					"ptype":"x",
					"scale":0.005,
					"weight":1
				}
			],
			"targets":[
				{
					"id":"PARAM_CLOTHES_V",
					"ptype":"angle",
					"scale":0.026,
					"weight":1
				}
			]
		},
		{
			"label":"clothes_w",
			"setup":{
				"length":0.35,
				"regist":0.58,
				"mass":0.3
			},
			"src":[
				{
					"id":"PARAM_BODY_ANGLE_Z",
					"ptype":"angle",
					"scale":0.8,
					"weight":1
				},
				{
					"id":"PARAM_BODY_ANGLE_X",
					"ptype":"x",
					"scale":0.005,
					"weight":1
				}
			],
			"targets":[
				{
					"id":"PARAM_CLOTHES_W",
					"ptype":"angle",
					"scale":0.033,
					"weight":1
				}
			]
		},
		{
			"label":"clothes_x",
			"setup":{
				"length":0.17,
				"regist":0.6,
				"mass":0.16
			},
			"src":[
				{
					"id":"PARAM_BODY_ANGLE_Z",
					"ptype":"angle",
					"scale":0.8,
					"weight":1
				},
				{
					"id":"PARAM_BODY_ANGLE_X",
					"ptype":"x",
					"scale":0.005,
					"weight":1
				}
			],
			"targets":[
				{
					"id":"PARAM_CLOTHES_X",
					"ptype":"angle",
					"scale":0.028,
					"weight":1
				}
			]
		},
		{
			"label":"clothes_y",
			"setup":{
				"length":0.33,
				"regist":0.6,
				"mass":0.3
			},
			"src":[
				{
					"id":"PARAM_BODY_ANGLE_Z",
					"ptype":"angle",
					"scale":0.8,
					"weight":1
				},
				{
					"id":"PARAM_BODY_ANGLE_X",
					"ptype":"x",
					"scale":0.005,
					"weight":1
				}
			],
			"targets":[
				{
					"id":"PARAM_CLOTHES_Y",
					"ptype":"angle",
					"scale":0.032,
					"weight":1
				}
			]
		},
		{
			"label":"clothes_z",
			"setup":{
				"length":0.27,
				"regist":0.57,
				"mass":0.25
			},
			"src":[
				{
					"id":"PARAM_BODY_ANGLE_Z",
					"ptype":"angle",
					"scale":0.8,
					"weight":1
				},
				{
					"id":"PARAM_BODY_ANGLE_X",
					"ptype":"x",
					"scale":0.005,
					"weight":1
				}
			],
			"targets":[
				{
					"id":"PARAM_CLOTHES_Z",
					"ptype":"angle",
					"scale":0.032,
					"weight":1
				}
			]
		},
		{
			"label":"clothes_aa",
			"setup":{
				"length":0.13,
				"regist":0.6,
				"mass":0.14
			},
			"src":[
				{
					"id":"PARAM_BODY_ANGLE_Z",
					"ptype":"angle",
					"scale":0.8,
					"weight":1
				},
				{
					"id":"PARAM_BODY_ANGLE_X",
					"ptype":"x",
					"scale":0.005,
					"weight":1
				}
			],
			"targets":[
				{
					"id":"PARAM_CLOTHES_AA",
					"ptype":"angle",
					"scale":0.025,
					"weight":1
				}
			]
		}
	]
}