{"type":"Live2D Physics","physics_hair":[{"label":"clothes_a","setup":{"length":0.12,"regist":0.5,"mass":0.1},"src":[{"id":"PARAM_BODY_ANGLE_Z","ptype":"angle","scale":0.8,"weight":1},{"id":"PARAM_BODY_ANGLE_Y","ptype":"x","scale":0.01,"weight":0.5},{"id":"PARAM_BODY_ANGLE_X","ptype":"x","scale":0.005,"weight":2}],"targets":[{"id":"PARAM_CLOTHES_A","ptype":"angle","scale":0.05,"weight":1}]},{"label":"clothes_b","setup":{"length":0.14,"regist":0.5,"mass":0.12},"src":[{"id":"PARAM_BODY_ANGLE_Z","ptype":"angle","scale":0.8,"weight":1},{"id":"PARAM_BODY_ANGLE_Y","ptype":"x","scale":0.01,"weight":0.5},{"id":"PARAM_BODY_ANGLE_X","ptype":"x","scale":0.005,"weight":2}],"targets":[{"id":"PARAM_CLOTHES_B","ptype":"angle","scale":0.05,"weight":1}]},{"label":"clothes_c","setup":{"length":0.17,"regist":0.52,"mass":0.14},"src":[{"id":"PARAM_BODY_ANGLE_Z","ptype":"angle","scale":0.8,"weight":1},{"id":"PARAM_BODY_ANGLE_X","ptype":"x","scale":0.005,"weight":1}],"targets":[{"id":"PARAM_CLOTHES_C","ptype":"angle","scale":0.04,"weight":1}]},{"label":"clothes_d","setup":{"length":0.15,"regist":0.48,"mass":0.12},"src":[{"id":"PARAM_BODY_ANGLE_Z","ptype":"angle","scale":0.8,"weight":1},{"id":"PARAM_BODY_ANGLE_X","ptype":"x","scale":0.005,"weight":1}],"targets":[{"id":"PARAM_CLOTHES_D","ptype":"angle","scale":0.06,"weight":1}]},{"label":"clothes_e","setup":{"length":0.1,"regist":0.2,"mass":0.1},"src":[{"id":"PARAM_BODY_ANGLE_Z","ptype":"angle","scale":0.8,"weight":1},{"id":"PARAM_BODY_ANGLE_Y","ptype":"x","scale":0.01,"weight":0.5},{"id":"PARAM_BODY_ANGLE_X","ptype":"x","scale":0.005,"weight":2}],"targets":[{"id":"PARAM_CLOTHES_E","ptype":"angle","scale":0.03,"weight":1}]},{"label":"clothes_f","setup":{"length":0.3,"regist":0.53,"mass":0.2},"src":[{"id":"PARAM_BODY_ANGLE_Z","ptype":"angle","scale":0.8,"weight":1},{"id":"PARAM_BODY_ANGLE_X","ptype":"x","scale":0.005,"weight":1}],"targets":[{"id":"PARAM_CLOTHES_F","ptype":"angle","scale":0.045,"weight":1}]},{"label":"clothes_g","setup":{"length":0.33,"regist":0.5,"mass":0.19},"src":[{"id":"PARAM_BODY_ANGLE_Z","ptype":"angle","scale":0.8,"weight":1},{"id":"PARAM_BODY_ANGLE_X","ptype":"x","scale":0.005,"weight":1}],"targets":[{"id":"PARAM_CLOTHES_G","ptype":"angle","scale":0.045,"weight":1}]}]}