{
	"type":"Live2D Expression",
	"fade_in":500,
	"fade_out":500,
	"params":[
		{"id":"PARAM_EYE_L_DOUBLE","val":-0.38},
		{"id":"PARAM_EYE_R_DOUBLE","val":-0.38},
		{"id":"PARAM_EYE_BALL_X","val":0.06},
		{"id":"PARAM_EYE_BALL_Y","val":0.21},
		{"id":"PARAM_BROW_L_Y","val":-0.18},
		{"id":"PARAM_BROW_R_Y","val":-0.18},
		{"id":"PARAM_BROW_L_X","val":-0.14},
		{"id":"PARAM_BROW_R_X","val":-0.14},
		{"id":"PARAM_BROW_L_ANGLE","val":-0.05},
		{"id":"PARAM_BROW_R_ANGLE","val":-0.05},
		{"id":"PARAM_BROW_L_FORM","val":-0.5},
		{"id":"PARAM_BROW_R_FORM","val":-0.5},
		{"id":"PARAM_MOUTH_FORM_01","val":-1}
	]
}