{"version":"Sample 1.0.0","layout":{"center_x":0,"center_y":0,"width":2},"hit_areas_custom":{"head_x":[-0.25,1],"head_y":[0.25,0.2],"body_x":[-0.3,0.2],"body_y":[0.3,-1.9]},"model":"Sakiko_黑西装_v1/sakiko_school_winter-2023.moc","physics":"Sakiko_黑西装_v1/sakiko_school_winter-2023.physics.json","textures":["341_general/texture_00_Mo2.png","Sakiko_黑西装_v1/texture_01.png"],"motions":{"nf_left01":[{"file":"341_general/nf_left01.mtn"}],
"odoodo01":[{"file":"341_general/odoodo01.mtn"}],
"surprised01":[{"file":"341_general/surprised01.mtn"}],
"nf01":[{"file":"341_general/nf01.mtn"}],"nf11":[{"file":"341_general/nf11.mtn"}],
"cry01":[{"file":"341_general/cry01.mtn"}],
"cry11":[{"file":"341_general/cry11.mtn"}],
"cry12":[{"file":"341_general/cry12.mtn"}],
"cry13":[{"file":"341_general/cry13.mtn"}],
"cry14":[{"file":"341_general/cry14.mtn"}],
"nnf01":[{"file":"341_general/nnf01.mtn"}],
"angry05":[{"file":"341_general/angry05.mtn"}],
"angry07":[{"file":"341_general/angry07.mtn"}],
"surprised02":[{"file":"341_general/surprised02.mtn"}],
"surprised03":[{"file":"341_general/surprised03.mtn"}],
"surprised11":[{"file":"341_general/surprised11.mtn"}],
"sad01":[{"file":"341_general/sad01.mtn"}],"sad11":[{"file":"341_general/sad11.mtn"}],
"bye02":[{"file":"341_general/bye02.mtn"}],
"nnf05":[{"file":"341_general/nnf05.mtn"}],
"angry02":[{"file":"341_general/angry02.mtn"}],
"smile03":[{"file":"341_general/smile03.mtn"}],
"nnf03":[{"file":"341_general/nnf03.mtn"}],
"nnf_right01":[{"file":"341_general/nnf_right01.mtn"}],
"nnf02":[{"file":"341_general/nnf02.mtn"}],
"angry01":[{"file":"341_general/angry01.mtn"}],
"smile01":[{"file":"341_general/smile01.mtn"}],
"idle01":[{"file":"341_general/idle01.mtn"}],
"idle11":[{"file":"341_general/idle11.mtn"}],
"idle21":[{"file":"341_general/idle21.mtn"}],
"smile02":[{"file":"341_general/smile02.mtn"}],
"nnf_left01":[{"file":"341_general/nnf_left01.mtn"}],
"shame01":[{"file":"341_general/shame01.mtn"}],
"nf05":[{"file":"341_general/nf05.mtn"}],
"nf03":[{"file":"341_general/nf03.mtn"}],
"cry02":[{"file":"341_general/cry02.mtn"}],
"nnf04":[{"file":"341_general/nnf04.mtn"}],
"nf_right01":[{"file":"341_general/nf_right01.mtn"}],
"serious01":[{"file":"341_general/serious01.mtn"}],
"smile05":[{"file":"341_general/smile05.mtn"}],
"nf02":[{"file":"341_general/nf02.mtn"}],
"thinking01":[{"file":"341_general/thinking01.mtn"}],
"angry03":[{"file":"341_general/angry03.mtn"}],
"cry03":[{"file":"341_general/cry03.mtn"}],
"angry04":[{"file":"341_general/angry04.mtn"}],
"bye01":[{"file":"341_general/bye01.mtn"}],
"cry04":[{"file":"341_general/cry04.mtn"}],
"angry06":[{"file":"341_general/angry06.mtn"}],
"sad02":[{"file":"341_general/sad02.mtn"}],
"shame02":[{"file":"341_general/shame02.mtn"}],
"shame11":[{"file":"341_general/shame11.mtn"}],
"thinking02":[{"file":"341_general/thinking02.mtn"}],
"serious02":[{"file":"341_general/serious02.mtn"}],
"sigh01":[{"file":"341_general/sigh01.mtn"}],
"kime01":[{"file":"341_general/kime01.mtn"}],
"kime02":[{"file":"341_general/kime02.mtn"}],
"nod01":[{"file":"341_general/nod01.mtn"}],
"sigh02":[{"file":"341_general/sigh02.mtn"}],
"smile04":[{"file":"341_general/smile04.mtn"}],
"nf04":[{"file":"341_general/nf04.mtn"}],
"挺好颜01":[{"file":"341_general/TingHao1.mtn"}],
"挺好颜02":[{"file":"341_general/TingHao2.mtn"}],
"Kiss_L01U":[{"file":"341_general/kiss_nnfL01_up_v4.mtn"}],
"Kiss_R01U":[{"file":"341_general/kiss_nnfR01_up_v4.mtn"}],
"nnf10":[{"file":"341_general/nnf10.mtn"}],
"nnf11":[{"file":"341_general/nnf11.mtn"}],
"nnf12":[{"file":"341_general/nnf12.mtn"}],
"smile10":[{"file":"341_general/smile10.mtn"}],
"thinking03":[{"file":"341_general/thinking03.mtn"}],
"serious10":[{"file":"341_general/serious10.mtn"}],
"sigh10":[{"file":"341_general/sigh10.mtn"}],
"cry05":[{"file":"341_general/cry05.mtn"}]},"expressions":[{"name":"odoodo01","file":"341_general/odoodo01.exp.json"},{"name":"serious01","file":"341_general/serious01.exp.json"},{"name":"angry07","file":"341_general/angry07.exp.json"},{"name":"smile03","file":"341_general/smile03.exp.json"},{"name":"thinking01","file":"341_general/thinking01.exp.json"},{"name":"cry04","file":"341_general/cry04.exp.json"},{"name":"idle01","file":"341_general/idle01.exp.json"},{"name":"smile02","file":"341_general/smile02.exp.json"},{"name":"smile05","file":"341_general/smile05.exp.json"},{"name":"cry01","file":"341_general/cry01.exp.json"},{"name":"shame02","file":"341_general/shame02.exp.json"},{"name":"cry03","file":"341_general/cry03.exp.json"},{"name":"angry01","file":"341_general/angry01.exp.json"},{"name":"sad01","file":"341_general/sad01.exp.json"},{"name":"default","file":"341_general/default.exp.json"},{"name":"thinking02","file":"341_general/thinking02.exp.json"},{"name":"sigh02","file":"341_general/sigh02.exp.json"},{"name":"smile01","file":"341_general/smile01.exp.json"},{"name":"kime01","file":"341_general/kime01.exp.json"},{"name":"angry02","file":"341_general/angry02.exp.json"},{"name":"surprised01","file":"341_general/surprised01.exp.json"},{"name":"serious02","file":"341_general/serious02.exp.json"},{"name":"sad02","file":"341_general/sad02.exp.json"},
{"name":"左转身","file":"341_general/L_Boby.exp.json"},
{"name":"右转身","file":"341_general/R_boby.exp.json"},
{"name":"左抬头","file":"341_general/L_Boby_UP.exp.json"},
{"name":"右抬头","file":"341_general/R_boby_UP.exp.json"},
{"name":"左低头","file":"341_general/L_Boby_Down.exp.json"},
{"name":"右低头","file":"341_general/R_boby_Down.exp.json"},
{"name":"右转身娇羞","file":"341_general/R_boby_JiaoXiu.exp.json"},
{"name":"左转身娇羞","file":"341_general/L_boby_JiaoXiu.exp.json"},{"name":"surprised02","file":"341_general/surprised02.exp.json"},{"name":"cry02","file":"341_general/cry02.exp.json"},{"name":"sigh01","file":"341_general/sigh01.exp.json"},{"name":"smile04","file":"341_general/smile04.exp.json"},{"name":"shame01","file":"341_general/shame01.exp.json"},{"name":"smile06","file":"341_general/smile06.exp.json"}]}