{
    "version": "Sample 1.0.0",
    "layout": {
        "center_x": 0,
        "center_y": 0,
        "width": 2
    },
    "hit_areas_custom": {
        "head_x": [
            -0.25,
            1
        ],
        "head_y": [
            0.25,
            0.2
        ],
        "body_x": [
            -0.3,
            0.2
        ],
        "body_y": [
            0.3,
            -1.9
        ]
    },
    "model": "live2d/model.moc",
    "physics": "live2d/physics.json",
    "textures": [
        "live2d/texture_00.png",
        "live2d/texture_01.png"
    ],
    "motions": {
        "anon_angry01": [
            {
                "file": "../_mtn_emp/anon/angry01.mtn"
            }
        ],
        "anon_smile01": [
            {
                "file": "../_mtn_emp/anon/smile01.mtn"
            }
        ],
        "anon_thinking01": [
            {
                "file": "../_mtn_emp/anon/thinking01.mtn"
            }
        ],
        "anon_nnf02": [
            {
                "file": "../_mtn_emp/anon/nnf02.mtn"
            }
        ],
        "anon_smile04": [
            {
                "file": "../_mtn_emp/anon/smile04.mtn"
            }
        ],
        "anon_serious02": [
            {
                "file": "../_mtn_emp/anon/serious02.mtn"
            }
        ],
        "anon_smile02": [
            {
                "file": "../_mtn_emp/anon/smile02.mtn"
            }
        ],
        "anon_angry04": [
            {
                "file": "../_mtn_emp/anon/angry04.mtn"
            }
        ],
        "anon_nnf_right01": [
            {
                "file": "../_mtn_emp/anon/nnf_right01.mtn"
            }
        ],
        "anon_nf05": [
            {
                "file": "../_mtn_emp/anon/nf05.mtn"
            }
        ],
        "anon_nnf05": [
            {
                "file": "../_mtn_emp/anon/nnf05.mtn"
            }
        ],
        "anon_angry02": [
            {
                "file": "../_mtn_emp/anon/angry02.mtn"
            }
        ],
        "anon_nnf04": [
            {
                "file": "../_mtn_emp/anon/nnf04.mtn"
            }
        ],
        "anon_thinking03": [
            {
                "file": "../_mtn_emp/anon/thinking03.mtn"
            }
        ],
        "anon_angry03": [
            {
                "file": "../_mtn_emp/anon/angry03.mtn"
            }
        ],
        "anon_nf_right01": [
            {
                "file": "../_mtn_emp/anon/nf_right01.mtn"
            }
        ],
        "anon_sad01": [
            {
                "file": "../_mtn_emp/anon/sad01.mtn"
            }
        ],
        "anon_nf_left01": [
            {
                "file": "../_mtn_emp/anon/nf_left01.mtn"
            }
        ],
        "anon_kandou02": [
            {
                "file": "../_mtn_emp/anon/kandou02.mtn"
            }
        ],
        "anon_shame01": [
            {
                "file": "../_mtn_emp/anon/shame01.mtn"
            }
        ],
        "anon_cry01": [
            {
                "file": "../_mtn_emp/anon/cry01.mtn"
            }
        ],
        "anon_nf03": [
            {
                "file": "../_mtn_emp/anon/nf03.mtn"
            }
        ],
        "anon_cry02": [
            {
                "file": "../_mtn_emp/anon/cry02.mtn"
            }
        ],
        "anon_nnf03": [
            {
                "file": "../_mtn_emp/anon/nnf03.mtn"
            }
        ],
        "anon_nf02": [
            {
                "file": "../_mtn_emp/anon/nf02.mtn"
            }
        ],
        "anon_bye01": [
            {
                "file": "../_mtn_emp/anon/bye01.mtn"
            }
        ],
        "anon_shame02": [
            {
                "file": "../_mtn_emp/anon/shame02.mtn"
            }
        ],
        "anon_smile03": [
            {
                "file": "../_mtn_emp/anon/smile03.mtn"
            }
        ],
        "anon_sad02": [
            {
                "file": "../_mtn_emp/anon/sad02.mtn"
            }
        ],
        "anon_wink01": [
            {
                "file": "../_mtn_emp/anon/wink01.mtn"
            }
        ],
        "anon_thinking02": [
            {
                "file": "../_mtn_emp/anon/thinking02.mtn"
            }
        ],
        "anon_kime02": [
            {
                "file": "../_mtn_emp/anon/kime02.mtn"
            }
        ],
        "anon_nnf01": [
            {
                "file": "../_mtn_emp/anon/nnf01.mtn"
            }
        ],
        "anon_nf01": [
            {
                "file": "../_mtn_emp/anon/nf01.mtn"
            }
        ],
        "anon_nnf_left01": [
            {
                "file": "../_mtn_emp/anon/nnf_left01.mtn"
            }
        ],
        "anon_kandou01": [
            {
                "file": "../_mtn_emp/anon/kandou01.mtn"
            }
        ],
        "anon_nf04": [
            {
                "file": "../_mtn_emp/anon/nf04.mtn"
            }
        ],
        "anon_surprised01": [
            {
                "file": "../_mtn_emp/anon/surprised01.mtn"
            }
        ],
        "anon_serious01": [
            {
                "file": "../_mtn_emp/anon/serious01.mtn"
            }
        ],
        "anon_idle01": [
            {
                "file": "../_mtn_emp/anon/idle01.mtn"
            }
        ],
        "anon_kime01": [
            {
                "file": "../_mtn_emp/anon/kime01.mtn"
            }
        ],
        "anon_e235_gacha01": [
            {
                "file": "../_mtn_emp/anon/live_event_235_ur/gacha01.mtn"
            }
        ],
        "anon_e253_gacha01": [
            {
                "file": "../_mtn_emp/anon/live_event_253_ur/gacha01.mtn"
            }
        ],
        "anon_e253_smile01": [
            {
                "file": "../_mtn_emp/anon/live_event_253_ur/smile01_ingameV2.mtn"
            }
        ],
        "mana_nnf04": [
            {
                "file": "../_mtn_emp/mana/nnf04.mtn"
            }
        ],
        "mana_angry01": [
            {
                "file": "../_mtn_emp/mana/angry01.mtn"
            }
        ],
        "mana_eeto01": [
            {
                "file": "../_mtn_emp/mana/eeto01.mtn"
            }
        ],
        "mana_nf_left01": [
            {
                "file": "../_mtn_emp/mana/nf_left01.mtn"
            }
        ],
        "mana_gattsu01": [
            {
                "file": "../_mtn_emp/mana/gattsu01.mtn"
            }
        ],
        "mana_jaan01": [
            {
                "file": "../_mtn_emp/mana/jaan01.mtn"
            }
        ],
        "mana_shame01": [
            {
                "file": "../_mtn_emp/mana/shame01.mtn"
            }
        ],
        "mana_nf01": [
            {
                "file": "../_mtn_emp/mana/nf01.mtn"
            }
        ],
        "mana_nnf01": [
            {
                "file": "../_mtn_emp/mana/nnf01.mtn"
            }
        ],
        "mana_nf03": [
            {
                "file": "../_mtn_emp/mana/nf03.mtn"
            }
        ],
        "mana_nf05": [
            {
                "file": "../_mtn_emp/mana/nf05.mtn"
            }
        ],
        "mana_surprised01": [
            {
                "file": "../_mtn_emp/mana/surprised01.mtn"
            }
        ],
        "mana_nnf03": [
            {
                "file": "../_mtn_emp/mana/nnf03.mtn"
            }
        ],
        "mana_sad01": [
            {
                "file": "../_mtn_emp/mana/sad01.mtn"
            }
        ],
        "mana_nf_right01": [
            {
                "file": "../_mtn_emp/mana/nf_right01.mtn"
            }
        ],
        "mana_nnf05": [
            {
                "file": "../_mtn_emp/mana/nnf05.mtn"
            }
        ],
        "mana_nnf_right01": [
            {
                "file": "../_mtn_emp/mana/nnf_right01.mtn"
            }
        ],
        "mana_idle01": [
            {
                "file": "../_mtn_emp/mana/idle01.mtn"
            }
        ],
        "mana_cry01": [
            {
                "file": "../_mtn_emp/mana/cry01.mtn"
            }
        ],
        "mana_nf04": [
            {
                "file": "../_mtn_emp/mana/nf04.mtn"
            }
        ],
        "mana_nf02": [
            {
                "file": "../_mtn_emp/mana/nf02.mtn"
            }
        ],
        "mana_smile03": [
            {
                "file": "../_mtn_emp/mana/smile03.mtn"
            }
        ],
        "mana_bye01": [
            {
                "file": "../_mtn_emp/mana/bye01.mtn"
            }
        ],
        "mana_smile01": [
            {
                "file": "../_mtn_emp/mana/smile01.mtn"
            }
        ],
        "mana_nnf02": [
            {
                "file": "../_mtn_emp/mana/nnf02.mtn"
            }
        ],
        "mana_smile02": [
            {
                "file": "../_mtn_emp/mana/smile02.mtn"
            }
        ],
        "mana_nnf_left01": [
            {
                "file": "../_mtn_emp/mana/nnf_left01.mtn"
            }
        ],
        "mutsumi_nf02": [
            {
                "file": "../_mtn_emp/mutsumi/nf02.mtn"
            }
        ],
        "mutsumi_nf_left01": [
            {
                "file": "../_mtn_emp/mutsumi/nf_left01.mtn"
            }
        ],
        "mutsumi_nf01": [
            {
                "file": "../_mtn_emp/mutsumi/nf01.mtn"
            }
        ],
        "mutsumi_bye01": [
            {
                "file": "../_mtn_emp/mutsumi/bye01.mtn"
            }
        ],
        "mutsumi_nf_right01": [
            {
                "file": "../_mtn_emp/mutsumi/nf_right01.mtn"
            }
        ],
        "mutsumi_nnf_left01": [
            {
                "file": "../_mtn_emp/mutsumi/nnf_left01.mtn"
            }
        ],
        "mutsumi_nnf02": [
            {
                "file": "../_mtn_emp/mutsumi/nnf02.mtn"
            }
        ],
        "mutsumi_smile02": [
            {
                "file": "../_mtn_emp/mutsumi/smile02.mtn"
            }
        ],
        "mutsumi_surprised01": [
            {
                "file": "../_mtn_emp/mutsumi/surprised01.mtn"
            }
        ],
        "mutsumi_angry01": [
            {
                "file": "../_mtn_emp/mutsumi/angry01.mtn"
            }
        ],
        "mutsumi_nf04": [
            {
                "file": "../_mtn_emp/mutsumi/nf04.mtn"
            }
        ],
        "mutsumi_idle01": [
            {
                "file": "../_mtn_emp/mutsumi/idle01.mtn"
            }
        ],
        "mutsumi_nnf01": [
            {
                "file": "../_mtn_emp/mutsumi/nnf01.mtn"
            }
        ],
        "mutsumi_kime01": [
            {
                "file": "../_mtn_emp/mutsumi/kime01.mtn"
            }
        ],
        "mutsumi_sad02": [
            {
                "file": "../_mtn_emp/mutsumi/sad02.mtn"
            }
        ],
        "mutsumi_nf03": [
            {
                "file": "../_mtn_emp/mutsumi/nf03.mtn"
            }
        ],
        "mutsumi_nf05": [
            {
                "file": "../_mtn_emp/mutsumi/nf05.mtn"
            }
        ],
        "mutsumi_nnf05": [
            {
                "file": "../_mtn_emp/mutsumi/nnf05.mtn"
            }
        ],
        "mutsumi_nnf04": [
            {
                "file": "../_mtn_emp/mutsumi/nnf04.mtn"
            }
        ],
        "mutsumi_nnf_right01": [
            {
                "file": "../_mtn_emp/mutsumi/nnf_right01.mtn"
            }
        ],
        "mutsumi_smile01": [
            {
                "file": "../_mtn_emp/mutsumi/smile01.mtn"
            }
        ],
        "mutsumi_odoodo01": [
            {
                "file": "../_mtn_emp/mutsumi/odoodo01.mtn"
            }
        ],
        "mutsumi_sad01": [
            {
                "file": "../_mtn_emp/mutsumi/sad01.mtn"
            }
        ],
        "mutsumi_nnf03": [
            {
                "file": "../_mtn_emp/mutsumi/nnf03.mtn"
            }
        ],
        "mutsumi_smile04": [
            {
                "file": "../_mtn_emp/mutsumi/smile04.mtn"
            }
        ],
        "mutsumi_thinking01": [
            {
                "file": "../_mtn_emp/mutsumi/thinking01.mtn"
            }
        ],
        "nyamu_angry01": [
            {
                "file": "../_mtn_emp/nyamu/angry01.mtn"
            }
        ],
        "nyamu_nf02": [
            {
                "file": "../_mtn_emp/nyamu/nf02.mtn"
            }
        ],
        "nyamu_serious01": [
            {
                "file": "../_mtn_emp/nyamu/serious01.mtn"
            }
        ],
        "nyamu_nnf05": [
            {
                "file": "../_mtn_emp/nyamu/nnf05.mtn"
            }
        ],
        "nyamu_nnf03": [
            {
                "file": "../_mtn_emp/nyamu/nnf03.mtn"
            }
        ],
        "nyamu_smile02": [
            {
                "file": "../_mtn_emp/nyamu/smile02.mtn"
            }
        ],
        "nyamu_smile01": [
            {
                "file": "../_mtn_emp/nyamu/smile01.mtn"
            }
        ],
        "nyamu_kime01": [
            {
                "file": "../_mtn_emp/nyamu/kime01.mtn"
            }
        ],
        "nyamu_nnf01": [
            {
                "file": "../_mtn_emp/nyamu/nnf01.mtn"
            }
        ],
        "nyamu_nf04": [
            {
                "file": "../_mtn_emp/nyamu/nf04.mtn"
            }
        ],
        "nyamu_nf05": [
            {
                "file": "../_mtn_emp/nyamu/nf05.mtn"
            }
        ],
        "nyamu_bye01": [
            {
                "file": "../_mtn_emp/nyamu/bye01.mtn"
            }
        ],
        "nyamu_nnf04": [
            {
                "file": "../_mtn_emp/nyamu/nnf04.mtn"
            }
        ],
        "nyamu_nf01": [
            {
                "file": "../_mtn_emp/nyamu/nf01.mtn"
            }
        ],
        "nyamu_nf03": [
            {
                "file": "../_mtn_emp/nyamu/nf03.mtn"
            }
        ],
        "nyamu_nnf02": [
            {
                "file": "../_mtn_emp/nyamu/nnf02.mtn"
            }
        ],
        "nyamu_nf_left01": [
            {
                "file": "../_mtn_emp/nyamu/nf_left01.mtn"
            }
        ],
        "nyamu_surprised02": [
            {
                "file": "../_mtn_emp/nyamu/surprised02.mtn"
            }
        ],
        "nyamu_kime02": [
            {
                "file": "../_mtn_emp/nyamu/kime02.mtn"
            }
        ],
        "nyamu_cry01": [
            {
                "file": "../_mtn_emp/nyamu/cry01.mtn"
            }
        ],
        "nyamu_nnf_left01": [
            {
                "file": "../_mtn_emp/nyamu/nnf_left01.mtn"
            }
        ],
        "nyamu_smile03": [
            {
                "file": "../_mtn_emp/nyamu/smile03.mtn"
            }
        ],
        "nyamu_nf_right01": [
            {
                "file": "../_mtn_emp/nyamu/nf_right01.mtn"
            }
        ],
        "nyamu_nnf_right01": [
            {
                "file": "../_mtn_emp/nyamu/nnf_right01.mtn"
            }
        ],
        "nyamu_idle01": [
            {
                "file": "../_mtn_emp/nyamu/idle01.mtn"
            }
        ],
        "nyamu_surprised01": [
            {
                "file": "../_mtn_emp/nyamu/surprised01.mtn"
            }
        ],
        "nyamu_sad01": [
            {
                "file": "../_mtn_emp/nyamu/sad01.mtn"
            }
        ],
        "rana_kime01": [
            {
                "file": "../_mtn_emp/rana/kime01.mtn"
            }
        ],
        "rana_angry03": [
            {
                "file": "../_mtn_emp/rana/angry03.mtn"
            }
        ],
        "rana_nnf_right01": [
            {
                "file": "../_mtn_emp/rana/nnf_right01.mtn"
            }
        ],
        "rana_serious01": [
            {
                "file": "../_mtn_emp/rana/serious01.mtn"
            }
        ],
        "rana_nf05": [
            {
                "file": "../_mtn_emp/rana/nf05.mtn"
            }
        ],
        "rana_smile04": [
            {
                "file": "../_mtn_emp/rana/smile04.mtn"
            }
        ],
        "rana_sad01": [
            {
                "file": "../_mtn_emp/rana/sad01.mtn"
            }
        ],
        "rana_smile01": [
            {
                "file": "../_mtn_emp/rana/smile01.mtn"
            }
        ],
        "rana_niya01": [
            {
                "file": "../_mtn_emp/rana/niya01.mtn"
            }
        ],
        "rana_bye01": [
            {
                "file": "../_mtn_emp/rana/bye01.mtn"
            }
        ],
        "rana_nnf01": [
            {
                "file": "../_mtn_emp/rana/nnf01.mtn"
            }
        ],
        "rana_nnf04": [
            {
                "file": "../_mtn_emp/rana/nnf04.mtn"
            }
        ],
        "rana_thinking01": [
            {
                "file": "../_mtn_emp/rana/thinking01.mtn"
            }
        ],
        "rana_nf_right01": [
            {
                "file": "../_mtn_emp/rana/nf_right01.mtn"
            }
        ],
        "rana_nf03": [
            {
                "file": "../_mtn_emp/rana/nf03.mtn"
            }
        ],
        "rana_nnf02": [
            {
                "file": "../_mtn_emp/rana/nnf02.mtn"
            }
        ],
        "rana_nf01": [
            {
                "file": "../_mtn_emp/rana/nf01.mtn"
            }
        ],
        "rana_shame01": [
            {
                "file": "../_mtn_emp/rana/shame01.mtn"
            }
        ],
        "rana_sigh01": [
            {
                "file": "../_mtn_emp/rana/sigh01.mtn"
            }
        ],
        "rana_nf02": [
            {
                "file": "../_mtn_emp/rana/nf02.mtn"
            }
        ],
        "rana_angry02": [
            {
                "file": "../_mtn_emp/rana/angry02.mtn"
            }
        ],
        "rana_idle01": [
            {
                "file": "../_mtn_emp/rana/idle01.mtn"
            }
        ],
        "rana_nnf03": [
            {
                "file": "../_mtn_emp/rana/nnf03.mtn"
            }
        ],
        "rana_smile02": [
            {
                "file": "../_mtn_emp/rana/smile02.mtn"
            }
        ],
        "rana_nf04": [
            {
                "file": "../_mtn_emp/rana/nf04.mtn"
            }
        ],
        "rana_nnf05": [
            {
                "file": "../_mtn_emp/rana/nnf05.mtn"
            }
        ],
        "rana_angry01": [
            {
                "file": "../_mtn_emp/rana/angry01.mtn"
            }
        ],
        "rana_nnf_left01": [
            {
                "file": "../_mtn_emp/rana/nnf_left01.mtn"
            }
        ],
        "rana_nf_left01": [
            {
                "file": "../_mtn_emp/rana/nf_left01.mtn"
            }
        ],
        "rana_surprised01": [
            {
                "file": "../_mtn_emp/rana/surprised01.mtn"
            }
        ],
        "rana_serious02": [
            {
                "file": "../_mtn_emp/rana/serious02.mtn"
            }
        ],
        "rana_cry01": [
            {
                "file": "../_mtn_emp/rana/cry01.mtn"
            }
        ],
        "rana_e240_gacha01": [
            {
                "file": "../_mtn_emp/rana/live_event_240_ur/gacha01.mtn"
            }
        ],
        "sakiko_nnf01": [
            {
                "file": "../_mtn_emp/sakiko/nnf01.mtn"
            }
        ],
        "sakiko_nf03": [
            {
                "file": "../_mtn_emp/sakiko/nf03.mtn"
            }
        ],
        "sakiko_nnf04": [
            {
                "file": "../_mtn_emp/sakiko/nnf04.mtn"
            }
        ],
        "sakiko_nnf_left01": [
            {
                "file": "../_mtn_emp/sakiko/nnf_left01.mtn"
            }
        ],
        "sakiko_bye02": [
            {
                "file": "../_mtn_emp/sakiko/bye02.mtn"
            }
        ],
        "sakiko_bye01": [
            {
                "file": "../_mtn_emp/sakiko/bye01.mtn"
            }
        ],
        "sakiko_nf02": [
            {
                "file": "../_mtn_emp/sakiko/nf02.mtn"
            }
        ],
        "sakiko_angry05": [
            {
                "file": "../_mtn_emp/sakiko/angry05.mtn"
            }
        ],
        "sakiko_surprised02": [
            {
                "file": "../_mtn_emp/sakiko/surprised02.mtn"
            }
        ],
        "sakiko_odoodo01": [
            {
                "file": "../_mtn_emp/sakiko/odoodo01.mtn"
            }
        ],
        "sakiko_surprised01": [
            {
                "file": "../_mtn_emp/sakiko/surprised01.mtn"
            }
        ],
        "sakiko_nf_left01": [
            {
                "file": "../_mtn_emp/sakiko/nf_left01.mtn"
            }
        ],
        "sakiko_nf04": [
            {
                "file": "../_mtn_emp/sakiko/nf04.mtn"
            }
        ],
        "sakiko_nnf02": [
            {
                "file": "../_mtn_emp/sakiko/nnf02.mtn"
            }
        ],
        "sakiko_angry02": [
            {
                "file": "../_mtn_emp/sakiko/angry02.mtn"
            }
        ],
        "sakiko_cry01": [
            {
                "file": "../_mtn_emp/sakiko/cry01.mtn"
            }
        ],
        "sakiko_angry04": [
            {
                "file": "../_mtn_emp/sakiko/angry04.mtn"
            }
        ],
        "sakiko_angry07": [
            {
                "file": "../_mtn_emp/sakiko/angry07.mtn"
            }
        ],
        "sakiko_nnf05": [
            {
                "file": "../_mtn_emp/sakiko/nnf05.mtn"
            }
        ],
        "sakiko_nf_right01": [
            {
                "file": "../_mtn_emp/sakiko/nf_right01.mtn"
            }
        ],
        "sakiko_angry03": [
            {
                "file": "../_mtn_emp/sakiko/angry03.mtn"
            }
        ],
        "sakiko_sigh02": [
            {
                "file": "../_mtn_emp/sakiko/sigh02.mtn"
            }
        ],
        "sakiko_angry06": [
            {
                "file": "../_mtn_emp/sakiko/angry06.mtn"
            }
        ],
        "sakiko_cry04": [
            {
                "file": "../_mtn_emp/sakiko/cry04.mtn"
            }
        ],
        "sakiko_nf01": [
            {
                "file": "../_mtn_emp/sakiko/nf01.mtn"
            }
        ],
        "sakiko_smile06": [
            {
                "file": "../_mtn_emp/sakiko/smile06.mtn"
            }
        ],
        "sakiko_nnf03": [
            {
                "file": "../_mtn_emp/sakiko/nnf03.mtn"
            }
        ],
        "sakiko_nnf_right01": [
            {
                "file": "../_mtn_emp/sakiko/nnf_right01.mtn"
            }
        ],
        "sakiko_kime01": [
            {
                "file": "../_mtn_emp/sakiko/kime01.mtn"
            }
        ],
        "sakiko_smile03": [
            {
                "file": "../_mtn_emp/sakiko/smile03.mtn"
            }
        ],
        "sakiko_sad01": [
            {
                "file": "../_mtn_emp/sakiko/sad01.mtn"
            }
        ],
        "sakiko_thinking02": [
            {
                "file": "../_mtn_emp/sakiko/thinking02.mtn"
            }
        ],
        "sakiko_serious01": [
            {
                "file": "../_mtn_emp/sakiko/serious01.mtn"
            }
        ],
        "sakiko_nod01": [
            {
                "file": "../_mtn_emp/sakiko/nod01.mtn"
            }
        ],
        "sakiko_smile01": [
            {
                "file": "../_mtn_emp/sakiko/smile01.mtn"
            }
        ],
        "sakiko_nf05": [
            {
                "file": "../_mtn_emp/sakiko/nf05.mtn"
            }
        ],
        "sakiko_cry03": [
            {
                "file": "../_mtn_emp/sakiko/cry03.mtn"
            }
        ],
        "sakiko_cry05": [
            {
                "file": "../_mtn_emp/sakiko/cry05.mtn"
            }
        ],
        "sakiko_serious02": [
            {
                "file": "../_mtn_emp/sakiko/serious02.mtn"
            }
        ],
        "sakiko_cry02": [
            {
                "file": "../_mtn_emp/sakiko/cry02.mtn"
            }
        ],
        "sakiko_angry01": [
            {
                "file": "../_mtn_emp/sakiko/angry01.mtn"
            }
        ],
        "sakiko_idle01": [
            {
                "file": "../_mtn_emp/sakiko/idle01.mtn"
            }
        ],
        "sakiko_smile05": [
            {
                "file": "../_mtn_emp/sakiko/smile05.mtn"
            }
        ],
        "sakiko_sigh01": [
            {
                "file": "../_mtn_emp/sakiko/sigh01.mtn"
            }
        ],
        "sakiko_smile02": [
            {
                "file": "../_mtn_emp/sakiko/smile02.mtn"
            }
        ],
        "sakiko_smile04": [
            {
                "file": "../_mtn_emp/sakiko/smile04.mtn"
            }
        ],
        "sakiko_thinking01": [
            {
                "file": "../_mtn_emp/sakiko/thinking01.mtn"
            }
        ],
        "sakiko_shame01": [
            {
                "file": "../_mtn_emp/sakiko/shame01.mtn"
            }
        ],
        "sakiko_sad02": [
            {
                "file": "../_mtn_emp/sakiko/sad02.mtn"
            }
        ],
        "sakiko_shame02": [
            {
                "file": "../_mtn_emp/sakiko/shame02.mtn"
            }
        ],
        "soyo_serious02": [
            {
                "file": "../_mtn_emp/soyo/serious02.mtn"
            }
        ],
        "soyo_nnf02": [
            {
                "file": "../_mtn_emp/soyo/nnf02.mtn"
            }
        ],
        "soyo_bye02": [
            {
                "file": "../_mtn_emp/soyo/bye02.mtn"
            }
        ],
        "soyo_bye01": [
            {
                "file": "../_mtn_emp/soyo/bye01.mtn"
            }
        ],
        "soyo_nf02": [
            {
                "file": "../_mtn_emp/soyo/nf02.mtn"
            }
        ],
        "soyo_nnf04": [
            {
                "file": "../_mtn_emp/soyo/nnf04.mtn"
            }
        ],
        "soyo_kime01": [
            {
                "file": "../_mtn_emp/soyo/kime01.mtn"
            }
        ],
        "soyo_nnf_left01": [
            {
                "file": "../_mtn_emp/soyo/nnf_left01.mtn"
            }
        ],
        "soyo_nnf03": [
            {
                "file": "../_mtn_emp/soyo/nnf03.mtn"
            }
        ],
        "soyo_serious04": [
            {
                "file": "../_mtn_emp/soyo/serious04.mtn"
            }
        ],
        "soyo_cry02": [
            {
                "file": "../_mtn_emp/soyo/cry02.mtn"
            }
        ],
        "soyo_shame01": [
            {
                "file": "../_mtn_emp/soyo/shame01.mtn"
            }
        ],
        "soyo_nnf01": [
            {
                "file": "../_mtn_emp/soyo/nnf01.mtn"
            }
        ],
        "soyo_nf04": [
            {
                "file": "../_mtn_emp/soyo/nf04.mtn"
            }
        ],
        "soyo_angry01": [
            {
                "file": "../_mtn_emp/soyo/angry01.mtn"
            }
        ],
        "soyo_thinking02": [
            {
                "file": "../_mtn_emp/soyo/thinking02.mtn"
            }
        ],
        "soyo_odoodo01": [
            {
                "file": "../_mtn_emp/soyo/odoodo01.mtn"
            }
        ],
        "soyo_nnf05": [
            {
                "file": "../_mtn_emp/soyo/nnf05.mtn"
            }
        ],
        "soyo_nnf_right01": [
            {
                "file": "../_mtn_emp/soyo/nnf_right01.mtn"
            }
        ],
        "soyo_ando01": [
            {
                "file": "../_mtn_emp/soyo/ando01.mtn"
            }
        ],
        "soyo_nf_left01": [
            {
                "file": "../_mtn_emp/soyo/nf_left01.mtn"
            }
        ],
        "soyo_idle01": [
            {
                "file": "../_mtn_emp/soyo/idle01.mtn"
            }
        ],
        "soyo_sad01": [
            {
                "file": "../_mtn_emp/soyo/sad01.mtn"
            }
        ],
        "soyo_nf05": [
            {
                "file": "../_mtn_emp/soyo/nf05.mtn"
            }
        ],
        "soyo_nf01": [
            {
                "file": "../_mtn_emp/soyo/nf01.mtn"
            }
        ],
        "soyo_sad02": [
            {
                "file": "../_mtn_emp/soyo/sad02.mtn"
            }
        ],
        "soyo_smile03": [
            {
                "file": "../_mtn_emp/soyo/smile03.mtn"
            }
        ],
        "soyo_smile01": [
            {
                "file": "../_mtn_emp/soyo/smile01.mtn"
            }
        ],
        "soyo_angry02": [
            {
                "file": "../_mtn_emp/soyo/angry02.mtn"
            }
        ],
        "soyo_nf_right01": [
            {
                "file": "../_mtn_emp/soyo/nf_right01.mtn"
            }
        ],
        "soyo_smile02": [
            {
                "file": "../_mtn_emp/soyo/smile02.mtn"
            }
        ],
        "soyo_serious01": [
            {
                "file": "../_mtn_emp/soyo/serious01.mtn"
            }
        ],
        "soyo_smile04": [
            {
                "file": "../_mtn_emp/soyo/smile04.mtn"
            }
        ],
        "soyo_smile05": [
            {
                "file": "../_mtn_emp/soyo/smile05.mtn"
            }
        ],
        "soyo_thinking01": [
            {
                "file": "../_mtn_emp/soyo/thinking01.mtn"
            }
        ],
        "soyo_serious03": [
            {
                "file": "../_mtn_emp/soyo/serious03.mtn"
            }
        ],
        "soyo_sad03": [
            {
                "file": "../_mtn_emp/soyo/sad03.mtn"
            }
        ],
        "soyo_shame02": [
            {
                "file": "../_mtn_emp/soyo/shame02.mtn"
            }
        ],
        "soyo_nf03": [
            {
                "file": "../_mtn_emp/soyo/nf03.mtn"
            }
        ],
        "soyo_angry03": [
            {
                "file": "../_mtn_emp/soyo/angry03.mtn"
            }
        ],
        "soyo_cry01": [
            {
                "file": "../_mtn_emp/soyo/cry01.mtn"
            }
        ],
        "soyo_wink01": [
            {
                "file": "../_mtn_emp/soyo/wink01.mtn"
            }
        ],
        "soyo_kandou01": [
            {
                "file": "../_mtn_emp/soyo/kandou01.mtn"
            }
        ],
        "soyo_surprised01": [
            {
                "file": "../_mtn_emp/soyo/surprised01.mtn"
            }
        ],
        "soyo_e235_gacha01": [
            {
                "file": "../_mtn_emp/soyo/live_event_235_ur/gacha01.mtn"
            }
        ],
        "soyo_e250_gacha01": [
            {
                "file": "../_mtn_emp/soyo/live_event_250_ur/gacha01.mtn"
            }
        ],
        "taki_angry03": [
            {
                "file": "../_mtn_emp/taki/angry03.mtn"
            }
        ],
        "taki_bye01": [
            {
                "file": "../_mtn_emp/taki/bye01.mtn"
            }
        ],
        "taki_nnf03": [
            {
                "file": "../_mtn_emp/taki/nnf03.mtn"
            }
        ],
        "taki_idle01": [
            {
                "file": "../_mtn_emp/taki/idle01.mtn"
            }
        ],
        "taki_nnf02": [
            {
                "file": "../_mtn_emp/taki/nnf02.mtn"
            }
        ],
        "taki_smile02": [
            {
                "file": "../_mtn_emp/taki/smile02.mtn"
            }
        ],
        "taki_smile01": [
            {
                "file": "../_mtn_emp/taki/smile01.mtn"
            }
        ],
        "taki_smile03": [
            {
                "file": "../_mtn_emp/taki/smile03.mtn"
            }
        ],
        "taki_shame01": [
            {
                "file": "../_mtn_emp/taki/shame01.mtn"
            }
        ],
        "taki_surprised02": [
            {
                "file": "../_mtn_emp/taki/surprised02.mtn"
            }
        ],
        "taki_sad02": [
            {
                "file": "../_mtn_emp/taki/sad02.mtn"
            }
        ],
        "taki_sigh01": [
            {
                "file": "../_mtn_emp/taki/sigh01.mtn"
            }
        ],
        "taki_surprised01": [
            {
                "file": "../_mtn_emp/taki/surprised01.mtn"
            }
        ],
        "taki_nf04": [
            {
                "file": "../_mtn_emp/taki/nf04.mtn"
            }
        ],
        "taki_nnf05": [
            {
                "file": "../_mtn_emp/taki/nnf05.mtn"
            }
        ],
        "taki_cry01": [
            {
                "file": "../_mtn_emp/taki/cry01.mtn"
            }
        ],
        "taki_nnf04": [
            {
                "file": "../_mtn_emp/taki/nnf04.mtn"
            }
        ],
        "taki_kime01": [
            {
                "file": "../_mtn_emp/taki/kime01.mtn"
            }
        ],
        "taki_nf_right01": [
            {
                "file": "../_mtn_emp/taki/nf_right01.mtn"
            }
        ],
        "taki_nf02": [
            {
                "file": "../_mtn_emp/taki/nf02.mtn"
            }
        ],
        "taki_shame02": [
            {
                "file": "../_mtn_emp/taki/shame02.mtn"
            }
        ],
        "taki_angry01": [
            {
                "file": "../_mtn_emp/taki/angry01.mtn"
            }
        ],
        "taki_ando01": [
            {
                "file": "../_mtn_emp/taki/ando01.mtn"
            }
        ],
        "taki_nf01": [
            {
                "file": "../_mtn_emp/taki/nf01.mtn"
            }
        ],
        "taki_nnf01": [
            {
                "file": "../_mtn_emp/taki/nnf01.mtn"
            }
        ],
        "taki_smile04": [
            {
                "file": "../_mtn_emp/taki/smile04.mtn"
            }
        ],
        "taki_kandou01": [
            {
                "file": "../_mtn_emp/taki/kandou01.mtn"
            }
        ],
        "taki_serious02": [
            {
                "file": "../_mtn_emp/taki/serious02.mtn"
            }
        ],
        "taki_nnf_right01": [
            {
                "file": "../_mtn_emp/taki/nnf_right01.mtn"
            }
        ],
        "taki_pui01": [
            {
                "file": "../_mtn_emp/taki/pui01.mtn"
            }
        ],
        "taki_angry02": [
            {
                "file": "../_mtn_emp/taki/angry02.mtn"
            }
        ],
        "taki_serious01": [
            {
                "file": "../_mtn_emp/taki/serious01.mtn"
            }
        ],
        "taki_sad03": [
            {
                "file": "../_mtn_emp/taki/sad03.mtn"
            }
        ],
        "taki_nf_left01": [
            {
                "file": "../_mtn_emp/taki/nf_left01.mtn"
            }
        ],
        "taki_sigh02": [
            {
                "file": "../_mtn_emp/taki/sigh02.mtn"
            }
        ],
        "taki_nnf_left01": [
            {
                "file": "../_mtn_emp/taki/nnf_left01.mtn"
            }
        ],
        "taki_sad01": [
            {
                "file": "../_mtn_emp/taki/sad01.mtn"
            }
        ],
        "taki_angry04": [
            {
                "file": "../_mtn_emp/taki/angry04.mtn"
            }
        ],
        "taki_cry02": [
            {
                "file": "../_mtn_emp/taki/cry02.mtn"
            }
        ],
        "taki_nf03": [
            {
                "file": "../_mtn_emp/taki/nf03.mtn"
            }
        ],
        "taki_bye02": [
            {
                "file": "../_mtn_emp/taki/bye02.mtn"
            }
        ],
        "taki_thinking01": [
            {
                "file": "../_mtn_emp/taki/thinking01.mtn"
            }
        ],
        "taki_nf05": [
            {
                "file": "../_mtn_emp/taki/nf05.mtn"
            }
        ],
        "taki_e240_gacha01": [
            {
                "file": "../_mtn_emp/taki/live_event_240_ur/gacha01.mtn"
            }
        ],
        "tomori_nnf04": [
            {
                "file": "../_mtn_emp/tomori/nnf04.mtn"
            }
        ],
        "tomori_sing02": [
            {
                "file": "../_mtn_emp/tomori/sing02.mtn"
            }
        ],
        "tomori_smile02": [
            {
                "file": "../_mtn_emp/tomori/smile02.mtn"
            }
        ],
        "tomori_angry02": [
            {
                "file": "../_mtn_emp/tomori/angry02.mtn"
            }
        ],
        "tomori_nf03": [
            {
                "file": "../_mtn_emp/tomori/nf03.mtn"
            }
        ],
        "tomori_nf04": [
            {
                "file": "../_mtn_emp/tomori/nf04.mtn"
            }
        ],
        "tomori_nnf01": [
            {
                "file": "../_mtn_emp/tomori/nnf01.mtn"
            }
        ],
        "tomori_thinking02": [
            {
                "file": "../_mtn_emp/tomori/thinking02.mtn"
            }
        ],
        "tomori_nf02": [
            {
                "file": "../_mtn_emp/tomori/nf02.mtn"
            }
        ],
        "tomori_sad04": [
            {
                "file": "../_mtn_emp/tomori/sad04.mtn"
            }
        ],
        "tomori_sad02": [
            {
                "file": "../_mtn_emp/tomori/sad02.mtn"
            }
        ],
        "tomori_surprised01": [
            {
                "file": "../_mtn_emp/tomori/surprised01.mtn"
            }
        ],
        "tomori_nf05": [
            {
                "file": "../_mtn_emp/tomori/nf05.mtn"
            }
        ],
        "tomori_nf01": [
            {
                "file": "../_mtn_emp/tomori/nf01.mtn"
            }
        ],
        "tomori_nf_left01": [
            {
                "file": "../_mtn_emp/tomori/nf_left01.mtn"
            }
        ],
        "tomori_smile01": [
            {
                "file": "../_mtn_emp/tomori/smile01.mtn"
            }
        ],
        "tomori_smile04": [
            {
                "file": "../_mtn_emp/tomori/smile04.mtn"
            }
        ],
        "tomori_cry02": [
            {
                "file": "../_mtn_emp/tomori/cry02.mtn"
            }
        ],
        "tomori_shame02": [
            {
                "file": "../_mtn_emp/tomori/shame02.mtn"
            }
        ],
        "tomori_kandou03": [
            {
                "file": "../_mtn_emp/tomori/kandou03.mtn"
            }
        ],
        "tomori_nnf02": [
            {
                "file": "../_mtn_emp/tomori/nnf02.mtn"
            }
        ],
        "tomori_nnf_left01": [
            {
                "file": "../_mtn_emp/tomori/nnf_left01.mtn"
            }
        ],
        "tomori_nnf05": [
            {
                "file": "../_mtn_emp/tomori/nnf05.mtn"
            }
        ],
        "tomori_kandou02": [
            {
                "file": "../_mtn_emp/tomori/kandou02.mtn"
            }
        ],
        "tomori_kime01": [
            {
                "file": "../_mtn_emp/tomori/kime01.mtn"
            }
        ],
        "tomori_sing01": [
            {
                "file": "../_mtn_emp/tomori/sing01.mtn"
            }
        ],
        "tomori_sad01": [
            {
                "file": "../_mtn_emp/tomori/sad01.mtn"
            }
        ],
        "tomori_thinking01": [
            {
                "file": "../_mtn_emp/tomori/thinking01.mtn"
            }
        ],
        "tomori_shame01": [
            {
                "file": "../_mtn_emp/tomori/shame01.mtn"
            }
        ],
        "tomori_nnf_right01": [
            {
                "file": "../_mtn_emp/tomori/nnf_right01.mtn"
            }
        ],
        "tomori_bye01": [
            {
                "file": "../_mtn_emp/tomori/bye01.mtn"
            }
        ],
        "tomori_serious01": [
            {
                "file": "../_mtn_emp/tomori/serious01.mtn"
            }
        ],
        "tomori_nnf03": [
            {
                "file": "../_mtn_emp/tomori/nnf03.mtn"
            }
        ],
        "tomori_cry01": [
            {
                "file": "../_mtn_emp/tomori/cry01.mtn"
            }
        ],
        "tomori_serious02": [
            {
                "file": "../_mtn_emp/tomori/serious02.mtn"
            }
        ],
        "tomori_kime02": [
            {
                "file": "../_mtn_emp/tomori/kime02.mtn"
            }
        ],
        "tomori_angry01": [
            {
                "file": "../_mtn_emp/tomori/angry01.mtn"
            }
        ],
        "tomori_sad03": [
            {
                "file": "../_mtn_emp/tomori/sad03.mtn"
            }
        ],
        "tomori_kandou01": [
            {
                "file": "../_mtn_emp/tomori/kandou01.mtn"
            }
        ],
        "tomori_idle01": [
            {
                "file": "../_mtn_emp/tomori/idle01.mtn"
            }
        ],
        "tomori_nf_right01": [
            {
                "file": "../_mtn_emp/tomori/nf_right01.mtn"
            }
        ],
        "tomori_smile03": [
            {
                "file": "../_mtn_emp/tomori/smile03.mtn"
            }
        ],
        "tomori_cd3_gacha01": [
            {
                "file": "../_mtn_emp/tomori/collabo_d_3_ur/gacha01.mtn"
            }
        ],
        "tomori_e235_gacha01": [
            {
                "file": "../_mtn_emp/tomori/live_event_235_ur/gacha01.mtn"
            }
        ],
        "tomori_e250_gacha01": [
            {
                "file": "../_mtn_emp/tomori/live_event_250_ur/gacha01.mtn"
            }
        ],
        "uika_nf_right01": [
            {
                "file": "../_mtn_emp/uika/nf_right01.mtn"
            }
        ],
        "uika_smile03": [
            {
                "file": "../_mtn_emp/uika/smile03.mtn"
            }
        ],
        "uika_serious01": [
            {
                "file": "../_mtn_emp/uika/serious01.mtn"
            }
        ],
        "uika_idle01": [
            {
                "file": "../_mtn_emp/uika/idle01.mtn"
            }
        ],
        "uika_sad01": [
            {
                "file": "../_mtn_emp/uika/sad01.mtn"
            }
        ],
        "uika_nnf02": [
            {
                "file": "../_mtn_emp/uika/nnf02.mtn"
            }
        ],
        "uika_nnf05": [
            {
                "file": "../_mtn_emp/uika/nnf05.mtn"
            }
        ],
        "uika_nf03": [
            {
                "file": "../_mtn_emp/uika/nf03.mtn"
            }
        ],
        "uika_smile01": [
            {
                "file": "../_mtn_emp/uika/smile01.mtn"
            }
        ],
        "uika_smile02": [
            {
                "file": "../_mtn_emp/uika/smile02.mtn"
            }
        ],
        "uika_kime01": [
            {
                "file": "../_mtn_emp/uika/kime01.mtn"
            }
        ],
        "uika_surprised01": [
            {
                "file": "../_mtn_emp/uika/surprised01.mtn"
            }
        ],
        "uika_nf05": [
            {
                "file": "../_mtn_emp/uika/nf05.mtn"
            }
        ],
        "uika_nf_left01": [
            {
                "file": "../_mtn_emp/uika/nf_left01.mtn"
            }
        ],
        "uika_cry01": [
            {
                "file": "../_mtn_emp/uika/cry01.mtn"
            }
        ],
        "uika_nf02": [
            {
                "file": "../_mtn_emp/uika/nf02.mtn"
            }
        ],
        "uika_nnf_right01": [
            {
                "file": "../_mtn_emp/uika/nnf_right01.mtn"
            }
        ],
        "uika_nnf04": [
            {
                "file": "../_mtn_emp/uika/nnf04.mtn"
            }
        ],
        "uika_mitore01": [
            {
                "file": "../_mtn_emp/uika/mitore01.mtn"
            }
        ],
        "uika_nf01": [
            {
                "file": "../_mtn_emp/uika/nf01.mtn"
            }
        ],
        "uika_angry01": [
            {
                "file": "../_mtn_emp/uika/angry01.mtn"
            }
        ],
        "uika_nnf_left01": [
            {
                "file": "../_mtn_emp/uika/nnf_left01.mtn"
            }
        ],
        "uika_nf04": [
            {
                "file": "../_mtn_emp/uika/nf04.mtn"
            }
        ],
        "uika_nnf01": [
            {
                "file": "../_mtn_emp/uika/nnf01.mtn"
            }
        ],
        "uika_nnf03": [
            {
                "file": "../_mtn_emp/uika/nnf03.mtn"
            }
        ],
        "uika_shame01": [
            {
                "file": "../_mtn_emp/uika/shame01.mtn"
            }
        ],
        "umiri_nf02": [
            {
                "file": "../_mtn_emp/umiri/nf02.mtn"
            }
        ],
        "umiri_nnf05": [
            {
                "file": "../_mtn_emp/umiri/nnf05.mtn"
            }
        ],
        "umiri_nf_left01": [
            {
                "file": "../_mtn_emp/umiri/nf_left01.mtn"
            }
        ],
        "umiri_nf05": [
            {
                "file": "../_mtn_emp/umiri/nf05.mtn"
            }
        ],
        "umiri_nf04": [
            {
                "file": "../_mtn_emp/umiri/nf04.mtn"
            }
        ],
        "umiri_nf01": [
            {
                "file": "../_mtn_emp/umiri/nf01.mtn"
            }
        ],
        "umiri_idle01": [
            {
                "file": "../_mtn_emp/umiri/idle01.mtn"
            }
        ],
        "umiri_nnf04": [
            {
                "file": "../_mtn_emp/umiri/nnf04.mtn"
            }
        ],
        "umiri_nnf01": [
            {
                "file": "../_mtn_emp/umiri/nnf01.mtn"
            }
        ],
        "umiri_smile01": [
            {
                "file": "../_mtn_emp/umiri/smile01.mtn"
            }
        ],
        "umiri_nnf02": [
            {
                "file": "../_mtn_emp/umiri/nnf02.mtn"
            }
        ],
        "umiri_bye01": [
            {
                "file": "../_mtn_emp/umiri/bye01.mtn"
            }
        ],
        "umiri_surprised01": [
            {
                "file": "../_mtn_emp/umiri/surprised01.mtn"
            }
        ],
        "umiri_kime01": [
            {
                "file": "../_mtn_emp/umiri/kime01.mtn"
            }
        ],
        "umiri_angry02": [
            {
                "file": "../_mtn_emp/umiri/angry02.mtn"
            }
        ],
        "umiri_nnf03": [
            {
                "file": "../_mtn_emp/umiri/nnf03.mtn"
            }
        ],
        "umiri_nf03": [
            {
                "file": "../_mtn_emp/umiri/nf03.mtn"
            }
        ],
        "umiri_smile02": [
            {
                "file": "../_mtn_emp/umiri/smile02.mtn"
            }
        ],
        "umiri_sigh01": [
            {
                "file": "../_mtn_emp/umiri/sigh01.mtn"
            }
        ],
        "umiri_nf_right01": [
            {
                "file": "../_mtn_emp/umiri/nf_right01.mtn"
            }
        ],
        "umiri_nnf_left01": [
            {
                "file": "../_mtn_emp/umiri/nnf_left01.mtn"
            }
        ],
        "umiri_smile03": [
            {
                "file": "../_mtn_emp/umiri/smile03.mtn"
            }
        ],
        "umiri_angry01": [
            {
                "file": "../_mtn_emp/umiri/angry01.mtn"
            }
        ],
        "umiri_thinking01": [
            {
                "file": "../_mtn_emp/umiri/thinking01.mtn"
            }
        ],
        "umiri_nnf_right01": [
            {
                "file": "../_mtn_emp/umiri/nnf_right01.mtn"
            }
        ],
        "umiri_serious01": [
            {
                "file": "../_mtn_emp/umiri/serious01.mtn"
            }
        ],
        "umiri_smile04": [
            {
                "file": "../_mtn_emp/umiri/smile04.mtn"
            }
        ],
        "umiri_smile05": [
            {
                "file": "../_mtn_emp/umiri/smile05.mtn"
            }
        ],
        "umiri_sad01": [
            {
                "file": "../_mtn_emp/umiri/sad01.mtn"
            }
        ]
    },
    "expressions": [
        {
            "name": "anon_default",
            "file": "../_mtn_emp/anon/default.exp.json"
        },
        {
            "name": "anon_angry02",
            "file": "../_mtn_emp/anon/angry02.exp.json"
        },
        {
            "name": "anon_kandou02",
            "file": "../_mtn_emp/anon/kandou02.exp.json"
        },
        {
            "name": "anon_thinking01",
            "file": "../_mtn_emp/anon/thinking01.exp.json"
        },
        {
            "name": "anon_idle01",
            "file": "../_mtn_emp/anon/idle01.exp.json"
        },
        {
            "name": "anon_shame02",
            "file": "../_mtn_emp/anon/shame02.exp.json"
        },
        {
            "name": "anon_surprised01",
            "file": "../_mtn_emp/anon/surprised01.exp.json"
        },
        {
            "name": "anon_kime01",
            "file": "../_mtn_emp/anon/kime01.exp.json"
        },
        {
            "name": "anon_shame01",
            "file": "../_mtn_emp/anon/shame01.exp.json"
        },
        {
            "name": "anon_bye01",
            "file": "../_mtn_emp/anon/bye01.exp.json"
        },
        {
            "name": "anon_cry01",
            "file": "../_mtn_emp/anon/cry01.exp.json"
        },
        {
            "name": "anon_cry02",
            "file": "../_mtn_emp/anon/cry02.exp.json"
        },
        {
            "name": "anon_serious02",
            "file": "../_mtn_emp/anon/serious02.exp.json"
        },
        {
            "name": "anon_angry04",
            "file": "../_mtn_emp/anon/angry04.exp.json"
        },
        {
            "name": "anon_thinking03",
            "file": "../_mtn_emp/anon/thinking03.exp.json"
        },
        {
            "name": "anon_kandou01",
            "file": "../_mtn_emp/anon/kandou01.exp.json"
        },
        {
            "name": "anon_smile03",
            "file": "../_mtn_emp/anon/smile03.exp.json"
        },
        {
            "name": "anon_kime02",
            "file": "../_mtn_emp/anon/kime02.exp.json"
        },
        {
            "name": "anon_smile01",
            "file": "../_mtn_emp/anon/smile01.exp.json"
        },
        {
            "name": "anon_wink01",
            "file": "../_mtn_emp/anon/wink01.exp.json"
        },
        {
            "name": "anon_thinking02",
            "file": "../_mtn_emp/anon/thinking02.exp.json"
        },
        {
            "name": "anon_sad01",
            "file": "../_mtn_emp/anon/sad01.exp.json"
        },
        {
            "name": "anon_angry01",
            "file": "../_mtn_emp/anon/angry01.exp.json"
        },
        {
            "name": "anon_angry03",
            "file": "../_mtn_emp/anon/angry03.exp.json"
        },
        {
            "name": "anon_smile02",
            "file": "../_mtn_emp/anon/smile02.exp.json"
        },
        {
            "name": "anon_serious01",
            "file": "../_mtn_emp/anon/serious01.exp.json"
        },
        {
            "name": "anon_smile04",
            "file": "../_mtn_emp/anon/smile04.exp.json"
        },
        {
            "name": "anon_sad02",
            "file": "../_mtn_emp/anon/sad02.exp.json"
        },
        {
            "name": "mana_smile03",
            "file": "../_mtn_emp/mana/mana_smile03.exp.json"
        },
        {
            "name": "mana_sad01",
            "file": "../_mtn_emp/mana/mana_sad01.exp.json"
        },
        {
            "name": "mana_smile02",
            "file": "../_mtn_emp/mana/mana_smile02.exp.json"
        },
        {
            "name": "mana_angry01",
            "file": "../_mtn_emp/mana/mana_angry01.exp.json"
        },
        {
            "name": "mana_default",
            "file": "../_mtn_emp/mana/mana_default.exp.json"
        },
        {
            "name": "mana_idle01",
            "file": "../_mtn_emp/mana/mana_idle01.exp.json"
        },
        {
            "name": "mana_surprised01",
            "file": "../_mtn_emp/mana/mana_surprised01.exp.json"
        },
        {
            "name": "mana_smile01",
            "file": "../_mtn_emp/mana/mana_smile01.exp.json"
        },
        {
            "name": "mana_cry01",
            "file": "../_mtn_emp/mana/mana_cry01.exp.json"
        },
        {
            "name": "mutsumi_angry01",
            "file": "../_mtn_emp/mutsumi/angry01.exp.json"
        },
        {
            "name": "mutsumi_sad01",
            "file": "../_mtn_emp/mutsumi/sad01.exp.json"
        },
        {
            "name": "mutsumi_smile02",
            "file": "../_mtn_emp/mutsumi/smile02.exp.json"
        },
        {
            "name": "mutsumi_default",
            "file": "../_mtn_emp/mutsumi/default.exp.json"
        },
        {
            "name": "mutsumi_idle01",
            "file": "../_mtn_emp/mutsumi/idle01.exp.json"
        },
        {
            "name": "mutsumi_smile01",
            "file": "../_mtn_emp/mutsumi/smile01.exp.json"
        },
        {
            "name": "mutsumi_smile04",
            "file": "../_mtn_emp/mutsumi/smile04.exp.json"
        },
        {
            "name": "mutsumi_surprised01",
            "file": "../_mtn_emp/mutsumi/surprised01.exp.json"
        },
        {
            "name": "nyamu_idle01",
            "file": "../_mtn_emp/nyamu/idle01.exp.json"
        },
        {
            "name": "nyamu_surprised01",
            "file": "../_mtn_emp/nyamu/surprised01.exp.json"
        },
        {
            "name": "nyamu_smile03",
            "file": "../_mtn_emp/nyamu/smile03.exp.json"
        },
        {
            "name": "nyamu_default",
            "file": "../_mtn_emp/nyamu/default.exp.json"
        },
        {
            "name": "nyamu_smile02",
            "file": "../_mtn_emp/nyamu/smile02.exp.json"
        },
        {
            "name": "nyamu_sad01",
            "file": "../_mtn_emp/nyamu/sad01.exp.json"
        },
        {
            "name": "nyamu_angry01",
            "file": "../_mtn_emp/nyamu/angry01.exp.json"
        },
        {
            "name": "nyamu_smile01",
            "file": "../_mtn_emp/nyamu/smile01.exp.json"
        },
        {
            "name": "nyamu_serious01",
            "file": "../_mtn_emp/nyamu/serious01.exp.json"
        },
        {
            "name": "nyamu_cry01",
            "file": "../_mtn_emp/nyamu/cry01.exp.json"
        },
        {
            "name": "rana_angry01",
            "file": "../_mtn_emp/rana/angry01.exp.json"
        },
        {
            "name": "rana_cry01",
            "file": "../_mtn_emp/rana/cry01.exp.json"
        },
        {
            "name": "rana_sigh01",
            "file": "../_mtn_emp/rana/sigh01.exp.json"
        },
        {
            "name": "rana_idle01",
            "file": "../_mtn_emp/rana/idle01.exp.json"
        },
        {
            "name": "rana_kime01",
            "file": "../_mtn_emp/rana/kime01.exp.json"
        },
        {
            "name": "rana_shame01",
            "file": "../_mtn_emp/rana/shame01.exp.json"
        },
        {
            "name": "rana_smile01",
            "file": "../_mtn_emp/rana/smile01.exp.json"
        },
        {
            "name": "rana_serious01",
            "file": "../_mtn_emp/rana/serious01.exp.json"
        },
        {
            "name": "rana_default",
            "file": "../_mtn_emp/rana/default.exp.json"
        },
        {
            "name": "rana_serious02",
            "file": "../_mtn_emp/rana/serious02.exp.json"
        },
        {
            "name": "rana_niya01",
            "file": "../_mtn_emp/rana/niya01.exp.json"
        },
        {
            "name": "rana_smile04",
            "file": "../_mtn_emp/rana/smile04.exp.json"
        },
        {
            "name": "rana_smile02",
            "file": "../_mtn_emp/rana/smile02.exp.json"
        },
        {
            "name": "rana_angry03",
            "file": "../_mtn_emp/rana/angry03.exp.json"
        },
        {
            "name": "rana_thinking01",
            "file": "../_mtn_emp/rana/thinking01.exp.json"
        },
        {
            "name": "rana_sad01",
            "file": "../_mtn_emp/rana/sad01.exp.json"
        },
        {
            "name": "rana_bye01",
            "file": "../_mtn_emp/rana/bye01.exp.json"
        },
        {
            "name": "rana_angry02",
            "file": "../_mtn_emp/rana/angry02.exp.json"
        },
        {
            "name": "rana_surprised01",
            "file": "../_mtn_emp/rana/surprised01.exp.json"
        },
        {
            "name": "sakiko_angry02",
            "file": "../_mtn_emp/sakiko/angry02.exp.json"
        },
        {
            "name": "sakiko_default",
            "file": "../_mtn_emp/sakiko/default.exp.json"
        },
        {
            "name": "sakiko_kime01",
            "file": "../_mtn_emp/sakiko/kime01.exp.json"
        },
        {
            "name": "sakiko_cry04",
            "file": "../_mtn_emp/sakiko/cry04.exp.json"
        },
        {
            "name": "sakiko_angry07",
            "file": "../_mtn_emp/sakiko/angry07.exp.json"
        },
        {
            "name": "sakiko_idle01",
            "file": "../_mtn_emp/sakiko/idle01.exp.json"
        },
        {
            "name": "sakiko_sad01",
            "file": "../_mtn_emp/sakiko/sad01.exp.json"
        },
        {
            "name": "sakiko_smile04",
            "file": "../_mtn_emp/sakiko/smile04.exp.json"
        },
        {
            "name": "sakiko_surprised02",
            "file": "../_mtn_emp/sakiko/surprised02.exp.json"
        },
        {
            "name": "sakiko_sigh01",
            "file": "../_mtn_emp/sakiko/sigh01.exp.json"
        },
        {
            "name": "sakiko_shame02",
            "file": "../_mtn_emp/sakiko/shame02.exp.json"
        },
        {
            "name": "sakiko_cry03",
            "file": "../_mtn_emp/sakiko/cry03.exp.json"
        },
        {
            "name": "sakiko_cry02",
            "file": "../_mtn_emp/sakiko/cry02.exp.json"
        },
        {
            "name": "sakiko_odoodo01",
            "file": "../_mtn_emp/sakiko/odoodo01.exp.json"
        },
        {
            "name": "sakiko_cry01",
            "file": "../_mtn_emp/sakiko/cry01.exp.json"
        },
        {
            "name": "sakiko_smile02",
            "file": "../_mtn_emp/sakiko/smile02.exp.json"
        },
        {
            "name": "sakiko_angry01",
            "file": "../_mtn_emp/sakiko/angry01.exp.json"
        },
        {
            "name": "sakiko_smile03",
            "file": "../_mtn_emp/sakiko/smile03.exp.json"
        },
        {
            "name": "sakiko_thinking02",
            "file": "../_mtn_emp/sakiko/thinking02.exp.json"
        },
        {
            "name": "sakiko_shame01",
            "file": "../_mtn_emp/sakiko/shame01.exp.json"
        },
        {
            "name": "sakiko_smile01",
            "file": "../_mtn_emp/sakiko/smile01.exp.json"
        },
        {
            "name": "sakiko_serious02",
            "file": "../_mtn_emp/sakiko/serious02.exp.json"
        },
        {
            "name": "sakiko_sigh02",
            "file": "../_mtn_emp/sakiko/sigh02.exp.json"
        },
        {
            "name": "sakiko_smile05",
            "file": "../_mtn_emp/sakiko/smile05.exp.json"
        },
        {
            "name": "sakiko_sad02",
            "file": "../_mtn_emp/sakiko/sad02.exp.json"
        },
        {
            "name": "sakiko_smile06",
            "file": "../_mtn_emp/sakiko/smile06.exp.json"
        },
        {
            "name": "sakiko_surprised01",
            "file": "../_mtn_emp/sakiko/surprised01.exp.json"
        },
        {
            "name": "sakiko_serious01",
            "file": "../_mtn_emp/sakiko/serious01.exp.json"
        },
        {
            "name": "sakiko_thinking01",
            "file": "../_mtn_emp/sakiko/thinking01.exp.json"
        },
        {
            "name": "soyo_angry01",
            "file": "../_mtn_emp/soyo/angry01.exp.json"
        },
        {
            "name": "soyo_ando01",
            "file": "../_mtn_emp/soyo/ando01.exp.json"
        },
        {
            "name": "soyo_thinking01",
            "file": "../_mtn_emp/soyo/thinking01.exp.json"
        },
        {
            "name": "soyo_odoodo01",
            "file": "../_mtn_emp/soyo/odoodo01.exp.json"
        },
        {
            "name": "soyo_serious04",
            "file": "../_mtn_emp/soyo/serious04.exp.json"
        },
        {
            "name": "soyo_sad03",
            "file": "../_mtn_emp/soyo/sad03.exp.json"
        },
        {
            "name": "soyo_cry01",
            "file": "../_mtn_emp/soyo/cry01.exp.json"
        },
        {
            "name": "soyo_surprised01",
            "file": "../_mtn_emp/soyo/surprised01.exp.json"
        },
        {
            "name": "soyo_wink01",
            "file": "../_mtn_emp/soyo/wink01.exp.json"
        },
        {
            "name": "soyo_kandou01",
            "file": "../_mtn_emp/soyo/kandou01.exp.json"
        },
        {
            "name": "soyo_smile03",
            "file": "../_mtn_emp/soyo/smile03.exp.json"
        },
        {
            "name": "soyo_sad02",
            "file": "../_mtn_emp/soyo/sad02.exp.json"
        },
        {
            "name": "soyo_angry03",
            "file": "../_mtn_emp/soyo/angry03.exp.json"
        },
        {
            "name": "soyo_cry02",
            "file": "../_mtn_emp/soyo/cry02.exp.json"
        },
        {
            "name": "soyo_smile02",
            "file": "../_mtn_emp/soyo/smile02.exp.json"
        },
        {
            "name": "soyo_smile05",
            "file": "../_mtn_emp/soyo/smile05.exp.json"
        },
        {
            "name": "soyo_smile04",
            "file": "../_mtn_emp/soyo/smile04.exp.json"
        },
        {
            "name": "soyo_shame02",
            "file": "../_mtn_emp/soyo/shame02.exp.json"
        },
        {
            "name": "soyo_thinking02",
            "file": "../_mtn_emp/soyo/thinking02.exp.json"
        },
        {
            "name": "soyo_idle01",
            "file": "../_mtn_emp/soyo/idle01.exp.json"
        },
        {
            "name": "soyo_smile01",
            "file": "../_mtn_emp/soyo/smile01.exp.json"
        },
        {
            "name": "soyo_bye01",
            "file": "../_mtn_emp/soyo/bye01.exp.json"
        },
        {
            "name": "soyo_kime01",
            "file": "../_mtn_emp/soyo/kime01.exp.json"
        },
        {
            "name": "soyo_sad01",
            "file": "../_mtn_emp/soyo/sad01.exp.json"
        },
        {
            "name": "soyo_serious01",
            "file": "../_mtn_emp/soyo/serious01.exp.json"
        },
        {
            "name": "soyo_default",
            "file": "../_mtn_emp/soyo/default.exp.json"
        },
        {
            "name": "soyo_shame01",
            "file": "../_mtn_emp/soyo/shame01.exp.json"
        },
        {
            "name": "soyo_serious02",
            "file": "../_mtn_emp/soyo/serious02.exp.json"
        },
        {
            "name": "soyo_serious03",
            "file": "../_mtn_emp/soyo/serious03.exp.json"
        },
        {
            "name": "soyo_bye02",
            "file": "../_mtn_emp/soyo/bye02.exp.json"
        },
        {
            "name": "soyo_angry02",
            "file": "../_mtn_emp/soyo/angry02.exp.json"
        },
        {
            "name": "taki_kime01",
            "file": "../_mtn_emp/taki/kime01.exp.json"
        },
        {
            "name": "taki_bye01",
            "file": "../_mtn_emp/taki/bye01.exp.json"
        },
        {
            "name": "taki_angry02",
            "file": "../_mtn_emp/taki/angry02.exp.json"
        },
        {
            "name": "taki_sad01",
            "file": "../_mtn_emp/taki/sad01.exp.json"
        },
        {
            "name": "taki_angry03",
            "file": "../_mtn_emp/taki/angry03.exp.json"
        },
        {
            "name": "taki_cry02",
            "file": "../_mtn_emp/taki/cry02.exp.json"
        },
        {
            "name": "taki_pui01",
            "file": "../_mtn_emp/taki/pui01.exp.json"
        },
        {
            "name": "taki_smile03",
            "file": "../_mtn_emp/taki/smile03.exp.json"
        },
        {
            "name": "taki_ando01",
            "file": "../_mtn_emp/taki/ando01.exp.json"
        },
        {
            "name": "taki_surprised02",
            "file": "../_mtn_emp/taki/surprised02.exp.json"
        },
        {
            "name": "taki_sad02",
            "file": "../_mtn_emp/taki/sad02.exp.json"
        },
        {
            "name": "taki_serious02",
            "file": "../_mtn_emp/taki/serious02.exp.json"
        },
        {
            "name": "taki_serious01",
            "file": "../_mtn_emp/taki/serious01.exp.json"
        },
        {
            "name": "taki_shame02",
            "file": "../_mtn_emp/taki/shame02.exp.json"
        },
        {
            "name": "taki_smile02",
            "file": "../_mtn_emp/taki/smile02.exp.json"
        },
        {
            "name": "taki_smile04",
            "file": "../_mtn_emp/taki/smile04.exp.json"
        },
        {
            "name": "taki_thinking01",
            "file": "../_mtn_emp/taki/thinking01.exp.json"
        },
        {
            "name": "taki_surprised01",
            "file": "../_mtn_emp/taki/surprised01.exp.json"
        },
        {
            "name": "taki_default",
            "file": "../_mtn_emp/taki/default.exp.json"
        },
        {
            "name": "taki_sigh02",
            "file": "../_mtn_emp/taki/sigh02.exp.json"
        },
        {
            "name": "taki_bye02",
            "file": "../_mtn_emp/taki/bye02.exp.json"
        },
        {
            "name": "taki_sad03",
            "file": "../_mtn_emp/taki/sad03.exp.json"
        },
        {
            "name": "taki_angry04",
            "file": "../_mtn_emp/taki/angry04.exp.json"
        },
        {
            "name": "taki_idle01",
            "file": "../_mtn_emp/taki/idle01.exp.json"
        },
        {
            "name": "taki_sigh01",
            "file": "../_mtn_emp/taki/sigh01.exp.json"
        },
        {
            "name": "taki_kandou01",
            "file": "../_mtn_emp/taki/kandou01.exp.json"
        },
        {
            "name": "taki_smile01",
            "file": "../_mtn_emp/taki/smile01.exp.json"
        },
        {
            "name": "taki_cry01",
            "file": "../_mtn_emp/taki/cry01.exp.json"
        },
        {
            "name": "taki_angry01",
            "file": "../_mtn_emp/taki/angry01.exp.json"
        },
        {
            "name": "taki_shame01",
            "file": "../_mtn_emp/taki/shame01.exp.json"
        },
        {
            "name": "tomori_surprised01",
            "file": "../_mtn_emp/tomori/surprised01.exp.json"
        },
        {
            "name": "tomori_sad04",
            "file": "../_mtn_emp/tomori/sad04.exp.json"
        },
        {
            "name": "tomori_angry01",
            "file": "../_mtn_emp/tomori/angry01.exp.json"
        },
        {
            "name": "tomori_bye01",
            "file": "../_mtn_emp/tomori/bye01.exp.json"
        },
        {
            "name": "tomori_cry01",
            "file": "../_mtn_emp/tomori/cry01.exp.json"
        },
        {
            "name": "tomori_kime01",
            "file": "../_mtn_emp/tomori/kime01.exp.json"
        },
        {
            "name": "tomori_cry02",
            "file": "../_mtn_emp/tomori/cry02.exp.json"
        },
        {
            "name": "tomori_sad01",
            "file": "../_mtn_emp/tomori/sad01.exp.json"
        },
        {
            "name": "tomori_kandou02",
            "file": "../_mtn_emp/tomori/kandou02.exp.json"
        },
        {
            "name": "tomori_smile02",
            "file": "../_mtn_emp/tomori/smile02.exp.json"
        },
        {
            "name": "tomori_sad02",
            "file": "../_mtn_emp/tomori/sad02.exp.json"
        },
        {
            "name": "tomori_smile03",
            "file": "../_mtn_emp/tomori/smile03.exp.json"
        },
        {
            "name": "tomori_kandou01",
            "file": "../_mtn_emp/tomori/kandou01.exp.json"
        },
        {
            "name": "tomori_serious02",
            "file": "../_mtn_emp/tomori/serious02.exp.json"
        },
        {
            "name": "tomori_kime02",
            "file": "../_mtn_emp/tomori/kime02.exp.json"
        },
        {
            "name": "tomori_sing02",
            "file": "../_mtn_emp/tomori/sing02.exp.json"
        },
        {
            "name": "tomori_smile04",
            "file": "../_mtn_emp/tomori/smile04.exp.json"
        },
        {
            "name": "tomori_sad03",
            "file": "../_mtn_emp/tomori/sad03.exp.json"
        },
        {
            "name": "tomori_shame02",
            "file": "../_mtn_emp/tomori/shame02.exp.json"
        },
        {
            "name": "tomori_thinking01",
            "file": "../_mtn_emp/tomori/thinking01.exp.json"
        },
        {
            "name": "tomori_smile01",
            "file": "../_mtn_emp/tomori/smile01.exp.json"
        },
        {
            "name": "tomori_shame01",
            "file": "../_mtn_emp/tomori/shame01.exp.json"
        },
        {
            "name": "tomori_idle",
            "file": "../_mtn_emp/tomori/idle.exp.json"
        },
        {
            "name": "tomori_serious01",
            "file": "../_mtn_emp/tomori/serious01.exp.json"
        },
        {
            "name": "tomori_thinking02",
            "file": "../_mtn_emp/tomori/thinking02.exp.json"
        },
        {
            "name": "tomori_default",
            "file": "../_mtn_emp/tomori/default.exp.json"
        },
        {
            "name": "tomori_sing01",
            "file": "../_mtn_emp/tomori/sing01.exp.json"
        },
        {
            "name": "tomori_kandou03",
            "file": "../_mtn_emp/tomori/kandou03.exp.json"
        },
        {
            "name": "tomori_angry02",
            "file": "../_mtn_emp/tomori/angry02.exp.json"
        },
        {
            "name": "uika_surprised01",
            "file": "../_mtn_emp/uika/surprised01.exp.json"
        },
        {
            "name": "uika_shame01",
            "file": "../_mtn_emp/uika/shame01.exp.json"
        },
        {
            "name": "uika_smile02",
            "file": "../_mtn_emp/uika/smile02.exp.json"
        },
        {
            "name": "uika_angry01",
            "file": "../_mtn_emp/uika/angry01.exp.json"
        },
        {
            "name": "uika_cry01",
            "file": "../_mtn_emp/uika/cry01.exp.json"
        },
        {
            "name": "uika_sad01",
            "file": "../_mtn_emp/uika/sad01.exp.json"
        },
        {
            "name": "uika_idle01",
            "file": "../_mtn_emp/uika/idle01.exp.json"
        },
        {
            "name": "uika_default",
            "file": "../_mtn_emp/uika/default.exp.json"
        },
        {
            "name": "uika_serious01",
            "file": "../_mtn_emp/uika/serious01.exp.json"
        },
        {
            "name": "uika_kime01",
            "file": "../_mtn_emp/uika/kime01.exp.json"
        },
        {
            "name": "uika_smile01",
            "file": "../_mtn_emp/uika/smile01.exp.json"
        },
        {
            "name": "umiri_angry01",
            "file": "../_mtn_emp/umiri/angry01.exp.json"
        },
        {
            "name": "umiri_smile04",
            "file": "../_mtn_emp/umiri/smile04.exp.json"
        },
        {
            "name": "umiri_sad01",
            "file": "../_mtn_emp/umiri/sad01.exp.json"
        },
        {
            "name": "umiri_serious01",
            "file": "../_mtn_emp/umiri/serious01.exp.json"
        },
        {
            "name": "umiri_smile05",
            "file": "../_mtn_emp/umiri/smile05.exp.json"
        },
        {
            "name": "umiri_surprised01",
            "file": "../_mtn_emp/umiri/surprised01.exp.json"
        },
        {
            "name": "umiri_default",
            "file": "../_mtn_emp/umiri/default.exp.json"
        },
        {
            "name": "umiri_idle01",
            "file": "../_mtn_emp/umiri/idle01.exp.json"
        },
        {
            "name": "umiri_smile01",
            "file": "../_mtn_emp/umiri/smile01.exp.json"
        },
        {
            "name": "umiri_sigh01",
            "file": "../_mtn_emp/umiri/sigh01.exp.json"
        },
        {
            "name": "umiri_smile02",
            "file": "../_mtn_emp/umiri/smile02.exp.json"
        },
        {
            "name": "umiri_smile03",
            "file": "../_mtn_emp/umiri/smile03.exp.json"
        }
    ]
}