{
    "version": "Sample 1.0.0", 
    "layout": {"center_x": 0, "center_y": 0, "width": 2}, 
    "hit_areas_custom": {"head_x": [-0.25, 1], "head_y": [0.25, 0.2], "body_x": [-0.3, 0.2], "body_y": [0.3, -1.9]}, 
    "model": "live2d/chara/024_school_winter-2023_rip/ako_school_winter-2023.moc", 
    "physics": "live2d/chara/024_school_winter-2023_rip/ako_school_winter-2023.physics.json", 
    "textures": ["live2d/chara/024_general_rip/texture_00.png", "live2d/chara/024_school_winter-2023_rip/texture_01.png"], 
    "motions": {
        "angry01_ako": [{"file": "live2d/chara/024_general_rip/angry01_ako.mtn"}], 
        "angry02_ako": [{"file": "live2d/chara/024_general_rip/angry02_ako.mtn"}],
        "angry03_ako": [{"file": "live2d/chara/024_general_rip/angry03_ako.mtn"}],
        "bye01_ako": [{"file": "live2d/chara/024_general_rip/bye01_ako.mtn"}],
        "chuni01_ako": [{"file": "live2d/chara/024_general_rip/chuni01_ako.mtn"}],
        "chuni02_ako": [{"file": "live2d/chara/024_general_rip/chuni02_ako.mtn"}],
        "chuni03_ako": [{"file": "live2d/chara/024_general_rip/chuni03_ako.mtn"}],
        "cry01_ako": [{"file": "live2d/chara/024_general_rip/cry01_ako.mtn"}],
        "cry02_ako": [{"file": "live2d/chara/024_general_rip/cry02_ako.mtn"}],
        "cry03_ako": [{"file": "live2d/chara/024_general_rip/cry03_ako.mtn"}],
        "eeto01_ako": [{"file": "live2d/chara/024_general_rip/eeto01_ako.mtn"}],
        "exciting01_ako": [{"file": "live2d/chara/024_general_rip/exciting01_ako.mtn"}],
        "gattsu01_ako": [{"file": "live2d/chara/024_general_rip/gattsu01_ako.mtn"}],
        "gattsu02_ako": [{"file": "live2d/chara/024_general_rip/gattsu02_ako.mtn"}],
        "idle01_ako": [{"file": "live2d/chara/024_general_rip/idle01_ako.mtn"}],
        "idle02_ako": [{"file": "live2d/chara/024_general_rip/idle02_ako.mtn"}],
        "jaan01_ako": [{"file": "live2d/chara/024_general_rip/jaan01_ako.mtn"}],
        "kime01_ako": [{"file": "live2d/chara/024_general_rip/kime01_ako.mtn"}],
        "nf01_ako": [{"file": "live2d/chara/024_general_rip/nf01_ako.mtn"}],
        "nf01_openeye_ako": [{"file": "live2d/chara/024_general_rip/nf01_openeye_ako.mtn"}],
        "nf02_ako": [{"file": "live2d/chara/024_general_rip/nf02_ako.mtn"}],
        "nf03_ako": [{"file": "live2d/chara/024_general_rip/nf03_ako.mtn"}],
        "nf04_ako": [{"file": "live2d/chara/024_general_rip/nf04_ako.mtn"}],
        "nf05_ako": [{"file": "live2d/chara/024_general_rip/nf05_ako.mtn"}],
        "nf_left01_ako": [{"file": "live2d/chara/024_general_rip/nf_left01_ako.mtn"}],
        "nf_right01_ako": [{"file": "live2d/chara/024_general_rip/nf_right01_ako.mtn"}],
        "odoodo01_ako": [{"file": "live2d/chara/024_general_rip/odoodo01_ako.mtn"}],
        "sad01_ako": [{"file": "live2d/chara/024_general_rip/sad01_ako.mtn"}],
        "sad02_ako": [{"file": "live2d/chara/024_general_rip/sad02_ako.mtn"}],
        "serious01_ako": [{"file": "live2d/chara/024_general_rip/serious01_ako.mtn"}],
        "shame01_ako": [{"file": "live2d/chara/024_general_rip/shame01_ako.mtn"}],
        "smile01_ako": [{"file": "live2d/chara/024_general_rip/smile01_ako.mtn"}],
        "smile02_ako": [{"file": "live2d/chara/024_general_rip/smile02_ako.mtn"}],
        "smile03_ako": [{"file": "live2d/chara/024_general_rip/smile03_ako.mtn"}],
        "smile04_ako": [{"file": "live2d/chara/024_general_rip/smile04_ako.mtn"}],
        "smile05_ako": [{"file": "live2d/chara/024_general_rip/smile05_ako.mtn"}],
        "smile06_ako": [{"file": "live2d/chara/024_general_rip/smile06_ako.mtn"}],
        "surprised01_ako": [{"file": "live2d/chara/024_general_rip/surprised01_ako.mtn"}]
    },
    "expressions": [
        {"name": "ako_default",        "file": "live2d/chara/024_general_rip/ako_default.exp.json"},
        {"name": "ako_sad",        "file": "live2d/chara/024_general_rip/ako_sad.exp.json"},
        {"name": "ako_serious",        "file": "live2d/chara/024_general_rip/ako_serious.exp.json"},
        {"name": "ako_smile02",        "file": "live2d/chara/024_general_rip/ako_smile02.exp.json"},
        {"name": "ako_special01",        "file": "live2d/chara/024_general_rip/ako_special01.exp.json"},
        {"name": "ako_special02",        "file": "live2d/chara/024_general_rip/ako_special02.exp.json"},
        {"name": "ako_surprised",        "file": "live2d/chara/024_general_rip/ako_surprised.exp.json"},
        {"name": "ako_worry",        "file": "live2d/chara/024_general_rip/ako_worry.exp.json"},
        {"name": "angry01",        "file": "live2d/chara/024_general_rip/angry01.exp.json"},
        {"name": "cry01",        "file": "live2d/chara/024_general_rip/cry01.exp.json"},
        {"name": "default",        "file": "live2d/chara/024_general_rip/default.exp.json"},
        {"name": "idle01",        "file": "live2d/chara/024_general_rip/idle01.exp.json"},
        {"name": "kime01",        "file": "live2d/chara/024_general_rip/kime01.exp.json"},
        {"name": "sad01",        "file": "live2d/chara/024_general_rip/sad01.exp.json"},
        {"name": "serious01",        "file": "live2d/chara/024_general_rip/serious01.exp.json"},
        {"name": "smile01",        "file": "live2d/chara/024_general_rip/smile01.exp.json"},
        {"name": "smile02",        "file": "live2d/chara/024_general_rip/smile02.exp.json"},
        {"name": "smile03",        "file": "live2d/chara/024_general_rip/smile03.exp.json"},
        {"name": "surprised01",        "file": "live2d/chara/024_general_rip/surprised01.exp.json"}
    ]
}