{"version": "Sample 1.0.0", "layout": {"center_x": 0, "center_y": 0, "width": 2}, "hit_areas_custom": {"head_x": [-0.25, 1], "head_y": [0.25, 0.2], "body_x": [-0.3, 0.2], "body_y": [0.3, -1.9]}, "model": "live2d/chara/305_casual_rip/penguin_t05.moc", "physics": "live2d/chara/305_casual_rip/penguin_t05.physics.json", "textures": ["live2d/chara/305_casual_rip/texture_00.png"], "motions": {"angry01": [{"file": "live2d/chara/305_general_rip/angry01.mtn"}], "angry02": [{"file": "live2d/chara/305_general_rip/angry02.mtn"}], "happy01": [{"file": "live2d/chara/305_general_rip/happy01.mtn"}], "idle01": [{"file": "live2d/chara/305_general_rip/idle01.mtn"}], "idle02": [{"file": "live2d/chara/305_general_rip/idle02.mtn"}], "impatience": [{"file": "live2d/chara/305_general_rip/impatience.mtn"}], "sad01": [{"file": "live2d/chara/305_general_rip/sad01.mtn"}], "sad02": [{"file": "live2d/chara/305_general_rip/sad02.mtn"}], "swaying01": [{"file": "live2d/chara/305_general_rip/swaying01.mtn"}], "swaying02": [{"file": "live2d/chara/305_general_rip/swaying02.mtn"}]}, "expressions": [{"name": "f01", "file": "live2d/chara/305_general_rip/f01.exp.json"}]}