{
	"type":"Live2D Expression",
	"fade_in":500,
	"fade_out":500,
	"params":[
		{"id":"PARAM_EYE_L_OPEN","val":1,"calc":"mult"},
		{"id":"PARAM_EYE_R_OPEN","val":1,"calc":"mult"},
		{"id":"PARAM_EYE_BALL_X","val":-0.17},
		{"id":"PARAM_EYE_BALL_Y","val":-0.03},
		{"id":"PARAM_BROW_L_Y","val":-0.23},
		{"id":"PARAM_BROW_R_Y","val":-0.26},
		{"id":"PARAM_BROW_L_X","val":-0.12},
		{"id":"PARAM_BROW_R_X","val":-0.12},
		{"id":"PARAM_BROW_L_ANGLE","val":-0.6},
		{"id":"PARAM_BROW_R_ANGLE","val":-0.62},
		{"id":"PARAM_BROW_L_FORM","val":-0.55},
		{"id":"PARAM_BROW_R_FORM","val":-0.5},
		{"id":"PARAM_MOUTH_FORM","val":-0.55,"def":1}
	]
}