{
	"type":"Live2D Expression",
	"fade_in":500,
	"fade_out":500,
	"params":[
		{"id":"PARAM_EYE_L_OPEN","val":0,"calc":"mult"},
		{"id":"PARAM_EYE_L_SMILE","val":1},
		{"id":"PARAM_EYE_R_OPEN","val":0,"calc":"mult"},
		{"id":"PARAM_EYE_R_SMILE","val":1},
		{"id":"PARAM_EYE_BALL_X","val":-0.25},
		{"id":"PARAM_EYE_BALL_Y","val":-0.46},
		{"id":"PARAM_BROW_L_ANGLE","val":0.36},
		{"id":"PARAM_BROW_R_ANGLE","val":0.37},
		{"id":"PARAM_BROW_L_FORM","val":-0.4},
		{"id":"PARAM_BROW_R_FORM","val":-0.4}
	]
}