{
	"type":"Live2D Expression",
	"fade_in":500,
	"fade_out":500,
	"params":[
		{"id":"PARAM_EYE_L_OPEN","val":1,"calc":"mult"},
		{"id":"PARAM_EYE_L_SMILE","val":1},
		{"id":"PARAM_EYE_R_OPEN","val":1,"calc":"mult"},
		{"id":"PARAM_EYE_R_SMILE","val":1},
		{"id":"PARAM_EYE_HIGHLIGHT","val":1},
		{"id":"PARAM_BROW_L_ANGLE","val":0.27},
		{"id":"PARAM_BROW_R_ANGLE","val":0.26},
		{"id":"PARAM_BROW_L_FORM","val":-0.24},
		{"id":"PARAM_BROW_R_FORM","val":-0.24},
		{"id":"PARAM_MOUTH_SCALE","val":-0.35},
		{"id":"PARAM_CHEEK","val":1}
	]
}