<?xml version="1.0" encoding="UTF-8" standalone="no"?>
<ExtensionManifest
Version="6.0"
ExtensionBundleId="me.anonyamufunc.letspsgo"
ExtensionBundleVersion="0.0.1"
ExtensionBundleName="Let's PsGO!!!!!"
xmlns:xsi="http://www.w3.org/2001/XMLSchema-instance"
>
<ExtensionList>
  <Extension Id="me.anonyamufunc.letspsgo.main" Version="0.0.1" />
</ExtensionList>
<ExecutionEnvironment>
  <HostList>
    <Host Name="PHXS" Version="[0.0,99.9]" />
  </HostList>
  <LocaleList>
    <Locale Code="All" />
  </LocaleList>
  <RequiredRuntimeList>
    <RequiredRuntime Name="CSXS" Version="9.0" />
  </RequiredRuntimeList>
</ExecutionEnvironment>
<DispatchInfoList>
  <Extension Id="me.anonyamufunc.letspsgo.main">
    <DispatchInfo>
      <Resources>
        <MainPath>./main/index.html</MainPath>
        <CEFCommandLine>
          <Parameter>--v=0</Parameter>
          <Parameter>--enable-nodejs</Parameter>
          <Parameter>--mixed-context</Parameter>
        </CEFCommandLine>
      </Resources>
      <Lifecycle>
        <AutoVisible>true</AutoVisible>
      </Lifecycle>
      <UI>
        <Type>Panel</Type>
        <Menu>Let's PsGO!!!!!</Menu>
        <Geometry>
          <Size>
            <Width>500</Width>
            <Height>900</Height>
          </Size>
        </Geometry>
        <Icons>
          <Icon Type="Normal">./src/assets/dark-icon.png</Icon>
          <Icon Type="DarkNormal">./src/assets/light-icon.png</Icon>
          <Icon Type="RollOver">./src/assets/dark-icon.png</Icon>
          <Icon Type="DarkRollOver">./src/assets/light-icon.png</Icon>
        </Icons>
      </UI>
    </DispatchInfo>
  </Extension>
</DispatchInfoList>
</ExtensionManifest>