{
  "type": 0,
  "model": "live2d/chara/011_live_event_228_sr/011_live_event_228_sr_rip/mana_sumimi.moc",
  "textures": [
    "live2d/chara/011_live_event_228_sr/011_228_general_rip/texture_00.png",
    "live2d/chara/011_live_event_228_sr/011_live_event_228_sr_rip/texture_01.png"
  ],
  "controllers": {
    "param_hit": {},
    "param_loop": {},
    "key_trigger": {},
    "param_trigger": {},
    "area_trigger": {},
    "hand_trigger": {},
    "eye_blink": {
      "min_interval": 500,
      "max_interval": 6000,
      "enabled": true
    },
    "lip_sync": {
      "gain": 5.0,
      "enabled": true
    },
    "mouse_tracking": {
      "smooth_time": 0.15,
      "enabled": true
    },
    "auto_breath": {
      "enabled": true
    },
    "extra_motion": {
      "enabled": true
    },
    "accelerometer": {
      "enabled": true
    },
    "microphone": {},
    "transform": {},
    "face_tracking": {
      "enabled": true
    },
    "hand_tracking": {},
    "param_value": {},
    "part_opacity": {},
    "artmesh_opacity": {},
    "artmesh_color": {},
    "artmesh_culling": {
      "default_mode": 0
    },
    "intimacy_system": {}
  },
  "motions": {
    "angry01": [
      {
        "file": "live2d/chara/011_live_event_228_sr/011_228_general_rip/angry01.mtn"
      }
    ],
    "bye01": [
      {
        "file": "live2d/chara/011_live_event_228_sr/011_228_general_rip/bye01.mtn"
      }
    ],
    "cry01": [
      {
        "file": "live2d/chara/011_live_event_228_sr/011_228_general_rip/cry01.mtn"
      }
    ],
    "gattsu01": [
      {
        "file": "live2d/chara/011_live_event_228_sr/011_228_general_rip/gattsu01.mtn"
      }
    ],
    "idle01": [
      {
        "file": "live2d/chara/011_live_event_228_sr/011_228_general_rip/idle01.mtn"
      }
    ],
    "jaan01": [
      {
        "file": "live2d/chara/011_live_event_228_sr/011_228_general_rip/jaan01.mtn"
      }
    ],
    "nf_left01": [
      {
        "file": "live2d/chara/011_live_event_228_sr/011_228_general_rip/nf_left01.mtn"
      }
    ],
    "nf_right01": [
      {
        "file": "live2d/chara/011_live_event_228_sr/011_228_general_rip/nf_right01.mtn"
      }
    ],
    "nf01": [
      {
        "file": "live2d/chara/011_live_event_228_sr/011_228_general_rip/nf01.mtn"
      }
    ],
    "nf02": [
      {
        "file": "live2d/chara/011_live_event_228_sr/011_228_general_rip/nf02.mtn"
      }
    ],
    "nf03": [
      {
        "file": "live2d/chara/011_live_event_228_sr/011_228_general_rip/nf03.mtn"
      }
    ],
    "nf04": [
      {
        "file": "live2d/chara/011_live_event_228_sr/011_228_general_rip/nf04.mtn"
      }
    ],
    "nf05": [
      {
        "file": "live2d/chara/011_live_event_228_sr/011_228_general_rip/nf05.mtn"
      }
    ],
    "nnf_left01": [
      {
        "file": "live2d/chara/011_live_event_228_sr/011_228_general_rip/nnf_left01.mtn"
      }
    ],
    "nnf_right01": [
      {
        "file": "live2d/chara/011_live_event_228_sr/011_228_general_rip/nnf_right01.mtn"
      }
    ],
    "nnf01": [
      {
        "file": "live2d/chara/011_live_event_228_sr/011_228_general_rip/nnf01.mtn"
      }
    ],
    "nnf02": [
      {
        "file": "live2d/chara/011_live_event_228_sr/011_228_general_rip/nnf02.mtn"
      }
    ],
    "nnf03": [
      {
        "file": "live2d/chara/011_live_event_228_sr/011_228_general_rip/nnf03.mtn"
      }
    ],
    "nnf04": [
      {
        "file": "live2d/chara/011_live_event_228_sr/011_228_general_rip/nnf04.mtn"
      }
    ],
    "nnf05": [
      {
        "file": "live2d/chara/011_live_event_228_sr/011_228_general_rip/nnf05.mtn"
      }
    ],
    "sad01": [
      {
        "file": "live2d/chara/011_live_event_228_sr/011_228_general_rip/sad01.mtn"
      }
    ],
    "serious01": [
      {
        "file": "live2d/chara/011_live_event_228_sr/011_228_general_rip/serious01.mtn"
      }
    ],
    "shame01": [
      {
        "file": "live2d/chara/011_live_event_228_sr/011_228_general_rip/shame01.mtn"
      }
    ],
    "smile01": [
      {
        "file": "live2d/chara/011_live_event_228_sr/011_228_general_rip/smile01.mtn"
      }
    ],
    "smile02": [
      {
        "file": "live2d/chara/011_live_event_228_sr/011_228_general_rip/smile02.mtn"
      }
    ],
    "surprised01": [
      {
        "file": "live2d/chara/011_live_event_228_sr/011_228_general_rip/surprised01.mtn"
      }
    ],
    "eeto01": [
      {
        "file": "live2d/chara/011_live_event_228_sr/011_228_general_rip/eeto01.mtn"
      }
    ],
    "smile03": [
      {
        "file": "live2d/chara/011_live_event_228_sr/011_228_general_rip/smile03.mtn"
      }
    ]
  },
  "expressions": [
    {
      "name": "angry",
      "file": "live2d/chara/011_live_event_228_sr/011_228_general_rip/mana_angry01.exp.json"
    },
    {
      "name": "cry01",
      "file": "live2d/chara/011_live_event_228_sr/011_228_general_rip/mana_cry01.exp.json"
    },
    {
      "name": "default",
      "file": "live2d/chara/011_live_event_228_sr/011_228_general_rip/mana_default.exp.json"
    },
    {
      "name": "idle",
      "file": "live2d/chara/011_live_event_228_sr/011_228_general_rip/mana_idle01.exp.json"
    },
    {
      "name": "sad01",
      "file": "live2d/chara/011_live_event_228_sr/011_228_general_rip/mana_sad01.exp.json"
    },
    {
      "name": "smile01",
      "file": "live2d/chara/011_live_event_228_sr/011_228_general_rip/mana_smile01.exp.json"
    },
    {
      "name": "smile02",
      "file": "live2d/chara/011_live_event_228_sr/011_228_general_rip/mana_smile02.exp.json"
    },
    {
      "name": "smile03",
      "file": "live2d/chara/011_live_event_228_sr/011_228_general_rip/mana_smile03.exp.json"
    },
    {
      "name": "surprised",
      "file": "live2d/chara/011_live_event_228_sr/011_228_general_rip/mana_surprised01.exp.json"
    }
  ],
  "physics": "live2d/chara/011_live_event_228_sr/011_live_event_228_sr_rip/mana_sumimi.physics.json",
  "physics_v2": {
    "file": "live2d/chara/011_live_event_228_sr/011_live_event_228_sr_rip/mana_sumimi.physics.json"
  },
  "options": {}
}