{
  "type": "Live2D Expression",
  "fade_in": 500,
  "fade_out": 500,
  "params": [
    {
      "id": "PARAM_EYE_R_OPEN",
      "val": 0.5753012
    },
    {
      "id": "PARAM_EYE_R_SMILE",
      "val": 1.0
    },
    {
      "id": "PARAM_EYE_L_OPEN",
      "val": 0.5778443
    },
    {
      "id": "PARAM_EYE_L_SMILE",
      "val": 1.0
    },
    {
      "id": "PARAM_EYE_BALL_Y",
      "val": -1.0
    },
    {
      "id": "PARAM_EYE_SCALE",
      "val": -1.0
    },
    {
      "id": "PARAM_EYE_HIGHLIGHT",
      "val": 1.0
    },
    {
      "id": "PARAM_BROW_L_ANGLE",
      "val": 0.0
    },
    {
      "id": "PARAM_MOUTH_OPEN_Y",
      "val": 0.2628205
    },
    {
      "id": "PARAM_CHEEK",
      "val": 1.0
    },
    {
      "id": "PARAM_CHEEK2",
      "val": 1.0
    },
    {
      "id": "PARAM_ARM_R_01_001",
      "val": -17.037035
    },
    {
      "id": "PARAM_ARM_R_01_002",
      "val": 46.17284
    },
    {
      "id": "PARAM_ARM_R_01_003",
      "val": 5.802469
    },
    {
      "id": "PARAM_HAND_R_01_001",
      "val": 0.0
    },
    {
      "id": "PARAM_HAND_R_04_001",
      "val": 1.0
    },
    {
      "id": "PARAM_ARM_L_01_002",
      "val": 45.2439041
    },
    {
      "id": "PARAM_ARM_L_01_003",
      "val": 4.512195
    },
    {
      "id": "PARAM_HAND_L_01_001",
      "val": 0.0
    },
    {
      "id": "PARAM_HAND_L_04_001",
      "val": 1.0
    }
  ]
}