{"type":"Live2D Physics","physics_hair":[{"label":"clothes_a","setup":{"length":0.28,"regist":0.4,"mass":0.16},"src":[{"id":"PARAM_BODY_ANGLE_Z","ptype":"angle","scale":0.8,"weight":1},{"id":"PARAM_BODY_ANGLE_Y","ptype":"x","scale":0.005,"weight":0.5},{"id":"PARAM_BODY_ANGLE_X","ptype":"x","scale":0.005,"weight":2}],"targets":[{"id":"PARAM_CLOTHES_A","ptype":"angle","scale":0.045,"weight":1}]},{"label":"clothes_b","setup":{"length":0.3,"regist":0.5,"mass":0.17},"src":[{"id":"PARAM_BODY_ANGLE_Z","ptype":"angle","scale":0.8,"weight":1},{"id":"PARAM_BODY_ANGLE_Y","ptype":"x","scale":0.005,"weight":0.5},{"id":"PARAM_BODY_ANGLE_X","ptype":"x","scale":0.006,"weight":2}],"targets":[{"id":"PARAM_CLOTHES_B","ptype":"angle","scale":0.05,"weight":1}]},{"label":"clothes_c","setup":{"length":0.19,"regist":0.3,"mass":0.13},"src":[{"id":"PARAM_BODY_ANGLE_Z","ptype":"angle","scale":0.8,"weight":1},{"id":"PARAM_BODY_ANGLE_X","ptype":"x","scale":0.01,"weight":1}],"targets":[{"id":"PARAM_CLOTHES_C","ptype":"angle","scale":0.04,"weight":1}]}]}