{
  "version": "Sample 1.0.0",
  "type": 0,
  "bounds": {
    "width": 11.19883,
    "height": 20.60121,
    "center_x": 0.01218492,
    "center_y": -3.404421
  },
  "model": "live2d/chara/036_casual-2023_rip/tomori_casual-2023.moc",
  "textures": [
    "live2d/chara/036_general_rip/texture_00.png",
    "live2d/chara/036_casual-2023_rip/texture_01.png"
  ],
  "controllers": {
    "param_hit": {},
    "param_loop": {
      "enabled": true
    },
    "key_trigger": {},
    "param_trigger": {},
    "area_trigger": {},
    "hand_trigger": {},
    "eye_blink": {
      "min_interval": 500,
      "max_interval": 6000,
      "enabled": true
    },
    "lip_sync": {
      "gain": 5.0
    },
    "mouse_tracking": {
      "smooth_time": 0.15,
      "enabled": true
    },
    "auto_breath": {
      "enabled": true
    },
    "extra_motion": {
      "enabled": true
    },
    "accelerometer": {
      "enabled": true
    },
    "microphone": {},
    "transform": {},
    "face_tracking": {
      "enabled": true
    },
    "hand_tracking": {},
    "param_value": {
      "enabled": true
    },
    "part_opacity": {},
    "artmesh_opacity": {},
    "artmesh_color": {},
    "artmesh_culling": {
      "default_mode": 0
    },
    "intimacy_system": {}
  },
  "motions": {
    "nnf05": [
      {
        "file": "live2d/chara/036_general_rip/nnf05.mtn"
      }
    ],
    "nf03": [
      {
        "file": "live2d/chara/036_general_rip/nf03.mtn"
      }
    ],
    "nnf01": [
      {
        "file": "live2d/chara/036_general_rip/nnf01.mtn"
      }
    ],
    "nf_right01": [
      {
        "file": "live2d/chara/036_general_rip/nf_right01.mtn"
      }
    ],
    "nf04": [
      {
        "file": "live2d/chara/036_general_rip/nf04.mtn"
      }
    ],
    "thinking02": [
      {
        "file": "live2d/chara/036_general_rip/thinking02.mtn"
      }
    ],
    "nnf_right01": [
      {
        "file": "live2d/chara/036_general_rip/nnf_right01.mtn"
      }
    ],
    "angry02": [
      {
        "file": "live2d/chara/036_general_rip/angry02.mtn"
      }
    ],
    "serious01": [
      {
        "file": "live2d/chara/036_general_rip/serious01.mtn"
      }
    ],
    "nnf_left01": [
      {
        "file": "live2d/chara/036_general_rip/nnf_left01.mtn"
      }
    ],
    "cry02": [
      {
        "file": "live2d/chara/036_general_rip/cry02.mtn"
      }
    ],
    "nnf03": [
      {
        "file": "live2d/chara/036_general_rip/nnf03.mtn"
      }
    ],
    "idle01": [
      {
        "file": "live2d/chara/036_general_rip/idle01.mtn"
      }
    ],
    "cry01": [
      {
        "file": "live2d/chara/036_general_rip/cry01.mtn"
      }
    ],
    "smile02": [
      {
        "file": "live2d/chara/036_general_rip/smile02.mtn"
      }
    ],
    "surprised01": [
      {
        "file": "live2d/chara/036_general_rip/surprised01.mtn"
      }
    ],
    "kandou03": [
      {
        "file": "live2d/chara/036_general_rip/kandou03.mtn"
      }
    ],
    "kime02": [
      {
        "file": "live2d/chara/036_general_rip/kime02.mtn"
      }
    ],
    "nf_left01": [
      {
        "file": "live2d/chara/036_general_rip/nf_left01.mtn"
      }
    ],
    "bye01": [
      {
        "file": "live2d/chara/036_general_rip/bye01.mtn"
      }
    ],
    "thinking01": [
      {
        "file": "live2d/chara/036_general_rip/thinking01.mtn"
      }
    ],
    "kime01": [
      {
        "file": "live2d/chara/036_general_rip/kime01.mtn"
      }
    ],
    "nf02": [
      {
        "file": "live2d/chara/036_general_rip/nf02.mtn"
      }
    ],
    "angry01": [
      {
        "file": "live2d/chara/036_general_rip/angry01.mtn"
      }
    ],
    "nnf04": [
      {
        "file": "live2d/chara/036_general_rip/nnf04.mtn"
      }
    ],
    "nf05": [
      {
        "file": "live2d/chara/036_general_rip/nf05.mtn"
      }
    ],
    "nf01": [
      {
        "file": "live2d/chara/036_general_rip/nf01.mtn"
      }
    ],
    "sad02": [
      {
        "file": "live2d/chara/036_general_rip/sad02.mtn"
      }
    ],
    "serious02": [
      {
        "file": "live2d/chara/036_general_rip/serious02.mtn"
      }
    ],
    "nnf02": [
      {
        "file": "live2d/chara/036_general_rip/nnf02.mtn"
      }
    ],
    "kandou02": [
      {
        "file": "live2d/chara/036_general_rip/kandou02.mtn"
      }
    ],
    "sad04": [
      {
        "file": "live2d/chara/036_general_rip/sad04.mtn"
      }
    ],
    "shame01": [
      {
        "file": "live2d/chara/036_general_rip/shame01.mtn"
      }
    ],
    "sing02": [
      {
        "file": "live2d/chara/036_general_rip/sing02.mtn"
      }
    ],
    "kandou01": [
      {
        "file": "live2d/chara/036_general_rip/kandou01.mtn"
      }
    ],
    "shame02": [
      {
        "file": "live2d/chara/036_general_rip/shame02.mtn"
      }
    ],
    "sad03": [
      {
        "file": "live2d/chara/036_general_rip/sad03.mtn"
      }
    ],
    "smile03": [
      {
        "file": "live2d/chara/036_general_rip/smile03.mtn"
      }
    ],
    "smile04": [
      {
        "file": "live2d/chara/036_general_rip/smile04.mtn"
      }
    ],
    "sing01": [
      {
        "file": "live2d/chara/036_general_rip/sing01.mtn"
      }
    ],
    "sad01": [
      {
        "file": "live2d/chara/036_general_rip/sad01.mtn"
      }
    ],
    "smile01": [
      {
        "file": "live2d/chara/036_general_rip/smile01.mtn"
      }
    ],
    "z_angry01": [
      {
        "name": "Ran_angry01",
        "file": "live2d/chara/036_general_rip/Ran_angry01.mtn",
        "expression": "angry01"
      }
    ],
    "z_angry02": [
      {
        "name": "Ran_angry02",
        "file": "live2d/chara/036_general_rip/Ran_angry02.mtn",
        "expression": "angry02"
      }
    ],
    "z_bye01": [
      {
        "name": "z_bye01",
        "file": "live2d/chara/036_general_rip/Ran_bye01.mtn",
        "expression": "bye01"
      }
    ],
    "z_cry01": [
      {
        "name": "z_cry01",
        "file": "live2d/chara/036_general_rip/Ran_cry01.mtn"
      }
    ],
    "z_eeto01": [
      {
        "name": "z_eeto01",
        "file": "live2d/chara/036_general_rip/Ran_eeto01.mtn"
      }
    ],
    "z_idle01": [
      {
        "name": "z_idle01",
        "file": "live2d/chara/036_general_rip/Ran_idle01.mtn"
      }
    ],
    "z_idle02": [
      {
        "name": "Ran_idle02",
        "file": "live2d/chara/036_general_rip/Ran_idle02.mtn"
      }
    ],
    "z_nf_left01": [
      {
        "name": "z_nf_left01",
        "file": "live2d/chara/036_general_rip/Ran_nf_left01.mtn"
      }
    ],
    "z_nf_right01": [
      {
        "name": "z_nf_right01",
        "file": "live2d/chara/036_general_rip/Ran_nf_right01.mtn"
      }
    ],
    "z_nf01": [
      {
        "name": "z_nf01",
        "file": "live2d/chara/036_general_rip/Ran_nf01.mtn"
      }
    ],
    "z_nf02": [
      {
        "name": "z_nf02",
        "file": "live2d/chara/036_general_rip/Ran_nf02.mtn"
      }
    ],
    "z_nf03": [
      {
        "name": "z_nf03",
        "file": "live2d/chara/036_general_rip/Ran_nf03.mtn"
      }
    ],
    "z_nf04": [
      {
        "name": "z_nf04",
        "file": "live2d/chara/036_general_rip/Ran_nf04.mtn"
      }
    ],
    "z_nf05": [
      {
        "name": "z_nf05",
        "file": "live2d/chara/036_general_rip/Ran_nf05.mtn"
      }
    ],
    "z_nnf_left01": [
      {
        "name": "z_nnf_left01",
        "file": "live2d/chara/036_general_rip/Ran_nnf_left01.mtn"
      }
    ],
    "z_nnf_right01": [
      {
        "name": "z_nnf_right01",
        "file": "live2d/chara/036_general_rip/Ran_nnf_right01.mtn"
      }
    ],
    "z_nnf01": [
      {
        "name": "z_nnf01",
        "file": "live2d/chara/036_general_rip/Ran_nnf01.mtn"
      }
    ],
    "z_nnf02": [
      {
        "name": "z_nnf02",
        "file": "live2d/chara/036_general_rip/Ran_nnf02.mtn"
      }
    ],
    "z_nnf03": [
      {
        "name": "z_nf04",
        "file": "live2d/chara/036_general_rip/Ran_nf04.mtn"
      }
    ],
    "z_nnf04": [
      {
        "name": "z_nnf04",
        "file": "live2d/chara/036_general_rip/Ran_nnf04.mtn"
      }
    ],
    "z_nnf05": [
      {
        "name": "z_nnf05",
        "file": "live2d/chara/036_general_rip/Ran_nnf05.mtn"
      }
    ],
    "z_odoodo01": [
      {
        "name": "z_odoodo01",
        "file": "live2d/chara/036_general_rip/Ran_odoodo01.mtn"
      }
    ],
    "z_pui01": [
      {
        "name": "z_pui01",
        "file": "live2d/chara/036_general_rip/Ran_pui01.mtn"
      }
    ],
    "z_sad01": [
      {
        "name": "z_sad01",
        "file": "live2d/chara/036_general_rip/Ran_sad01.mtn"
      }
    ],
    "z_serious01": [
      {
        "name": "z_serious01",
        "file": "live2d/chara/036_general_rip/Ran_serious01.mtn"
      }
    ],
    "z_shame01": [
      {
        "name": "z_shame01",
        "file": "live2d/chara/036_general_rip/Ran_shame01.mtn"
      }
    ],
    "z_shame02": [
      {
        "name": "z_shame02",
        "file": "live2d/chara/036_general_rip/Ran_shame02.mtn"
      }
    ],
    "z_sigh01": [
      {
        "name": "z_sigh01",
        "file": "live2d/chara/036_general_rip/Ran_sigh01.mtn"
      }
    ],
    "z_sleep01": [
      {
        "name": "z_sleep01",
        "file": "live2d/chara/036_general_rip/Ran_sleep01.mtn"
      }
    ],
    "z_sleep02": [
      {
        "name": "z_sleep02",
        "file": "live2d/chara/036_general_rip/Ran_sleep02.mtn"
      }
    ],
    "z_smile01": [
      {
        "name": "z_smile01",
        "file": "live2d/chara/036_general_rip/Ran_smile01.mtn"
      }
    ],
    "z_smile02": [
      {
        "name": "z_smile02",
        "file": "live2d/chara/036_general_rip/Ran_smile02.mtn"
      }
    ],
    "z_smile03": [
      {
        "name": "z_smile03",
        "file": "live2d/chara/036_general_rip/Ran_smile03.mtn"
      }
    ],
    "z_sneeze01": [
      {
        "name": "z_sneeze01",
        "file": "live2d/chara/036_general_rip/Ran_sneeze01.mtn"
      }
    ],
    "z_surprised01": [
      {
        "name": "z_surprised01",
        "file": "live2d/chara/036_general_rip/Ran_surprised01.mtn"
      }
    ],
    "z_surprised02": [
      {
        "name": "z_surprised02",
        "file": "live2d/chara/036_general_rip/Ran_surprised02.mtn"
      }
    ],
    "z_thinking01": [
      {
        "name": "z_thinking01",
        "file": "live2d/chara/036_general_rip/Ran_thinking01.mtn"
      }
    ]
  },
  "expressions": [
    {
      "name": "idle",
      "file": "live2d/chara/036_general_rip/idle.exp.json"
    },
    {
      "name": "smile01",
      "file": "live2d/chara/036_general_rip/smile01.exp.json"
    },
    {
      "name": "serious02",
      "file": "live2d/chara/036_general_rip/serious02.exp.json"
    },
    {
      "name": "cry01",
      "file": "live2d/chara/036_general_rip/cry01.exp.json"
    },
    {
      "name": "sing01",
      "file": "live2d/chara/036_general_rip/sing01.exp.json"
    },
    {
      "name": "sad01",
      "file": "live2d/chara/036_general_rip/sad01.exp.json"
    },
    {
      "name": "angry02",
      "file": "live2d/chara/036_general_rip/angry02.exp.json"
    },
    {
      "name": "default",
      "file": "live2d/chara/036_general_rip/default.exp.json"
    },
    {
      "name": "bye01",
      "file": "live2d/chara/036_general_rip/bye01.exp.json"
    },
    {
      "name": "sing02",
      "file": "live2d/chara/036_general_rip/sing02.exp.json"
    },
    {
      "name": "angry01",
      "file": "live2d/chara/036_general_rip/angry01.exp.json"
    },
    {
      "name": "shame01",
      "file": "live2d/chara/036_general_rip/shame01.exp.json"
    },
    {
      "name": "kime01",
      "file": "live2d/chara/036_general_rip/kime01.exp.json"
    },
    {
      "name": "smile02",
      "file": "live2d/chara/036_general_rip/smile02.exp.json"
    },
    {
      "name": "sad04",
      "file": "live2d/chara/036_general_rip/sad04.exp.json"
    },
    {
      "name": "smile03",
      "file": "live2d/chara/036_general_rip/smile03.exp.json"
    },
    {
      "name": "cry02",
      "file": "live2d/chara/036_general_rip/cry02.exp.json"
    },
    {
      "name": "shame02",
      "file": "live2d/chara/036_general_rip/shame02.exp.json"
    },
    {
      "name": "sad02",
      "file": "live2d/chara/036_general_rip/sad02.exp.json"
    },
    {
      "name": "kandou02",
      "file": "live2d/chara/036_general_rip/kandou02.exp.json"
    },
    {
      "name": "kandou01",
      "file": "live2d/chara/036_general_rip/kandou01.exp.json"
    },
    {
      "name": "kime02",
      "file": "live2d/chara/036_general_rip/kime02.exp.json"
    },
    {
      "name": "thinking02",
      "file": "live2d/chara/036_general_rip/thinking02.exp.json"
    },
    {
      "name": "kandou03",
      "file": "live2d/chara/036_general_rip/kandou03.exp.json"
    },
    {
      "name": "serious01",
      "file": "live2d/chara/036_general_rip/serious01.exp.json"
    },
    {
      "name": "surprised01",
      "file": "live2d/chara/036_general_rip/surprised01.exp.json"
    },
    {
      "name": "thinking01",
      "file": "live2d/chara/036_general_rip/thinking01.exp.json"
    },
    {
      "name": "sad03",
      "file": "live2d/chara/036_general_rip/sad03.exp.json"
    },
    {
      "name": "smile04",
      "file": "live2d/chara/036_general_rip/smile04.exp.json"
    }
  ],
  "physics": "live2d/chara/036_casual-2023_rip/tomori_casual-2023.physics.json",
  "physics_v2": {
    "file": "live2d/chara/036_casual-2023_rip/tomori_casual-2023.physics.json"
  },
  "options": {}
}