{"version": "Sample 1.0.0", "layout": {"center_x": 0, "center_y": 0, "width": 2}, "hit_areas_custom": {"head_x": [-0.25, 1], "head_y": [0.25, 0.2], "body_x": [-0.3, 0.2], "body_y": [0.3, -1.9]}, "model": "live2d/chara/037_live_event_277_sr_rip/anon_event277.moc", "physics": "live2d/chara/037_live_event_277_sr_rip/anon_event277.physics.json", "textures": ["live2d/chara/037_live_event_277_sr_rip/texture_00.png", "live2d/chara/037_live_event_277_sr_rip/texture_01.png"], "motions": {"nf_right01": [{"file": "live2d/chara/037_general_rip/nf_right01.mtn"}], "smile03": [{"file": "live2d/chara/037_general_rip/smile03.mtn"}], "serious01": [{"file": "live2d/chara/037_general_rip/serious01.mtn"}], "idle01": [{"file": "live2d/chara/037_general_rip/idle01.mtn"}], "sad01": [{"file": "live2d/chara/037_general_rip/sad01.mtn"}], "nnf02": [{"file": "live2d/chara/037_general_rip/nnf02.mtn"}], "nnf05": [{"file": "live2d/chara/037_general_rip/nnf05.mtn"}], "nf03": [{"file": "live2d/chara/037_general_rip/nf03.mtn"}], "smile01": [{"file": "live2d/chara/037_general_rip/smile01.mtn"}], "smile02": [{"file": "live2d/chara/037_general_rip/smile02.mtn"}], "kime01": [{"file": "live2d/chara/037_general_rip/kime01.mtn"}], "surprised01": [{"file": "live2d/chara/037_general_rip/surprised01.mtn"}], "nf05": [{"file": "live2d/chara/037_general_rip/nf05.mtn"}], "nf_left01": [{"file": "live2d/chara/037_general_rip/nf_left01.mtn"}], "cry01": [{"file": "live2d/chara/037_general_rip/cry01.mtn"}], "nf02": [{"file": "live2d/chara/037_general_rip/nf02.mtn"}], "nnf_right01": [{"file": "live2d/chara/037_general_rip/nnf_right01.mtn"}], "nnf04": [{"file": "live2d/chara/037_general_rip/nnf04.mtn"}], "mitore01": [{"file": "live2d/chara/037_general_rip/mitore01.mtn"}], "nf01": [{"file": "live2d/chara/037_general_rip/nf01.mtn"}], "angry01": [{"file": "live2d/chara/037_general_rip/angry01.mtn"}], "nnf_left01": [{"file": "live2d/chara/037_general_rip/nnf_left01.mtn"}], "nf04": [{"file": "live2d/chara/037_general_rip/nf04.mtn"}], "nnf01": [{"file": "live2d/chara/037_general_rip/nnf01.mtn"}], "使用令咒": [{"file": "live2d/chara/037_general_rip/使用令咒.mtn"}], "nnf03": [{"file": "live2d/chara/037_general_rip/nnf03.mtn"}], "shame01": [{"file": "live2d/chara/037_general_rip/shame01.mtn"}], "ano_angry01": [{"file": "ano替换动作位置/ano_angry01.mtn"}], "ano_angry02": [{"file": "ano替换动作位置/ano_angry02.mtn"}], "ano_angry03": [{"file": "ano替换动作位置/ano_angry03.mtn"}], "ano_angry04": [{"file": "ano替换动作位置/ano_angry04.mtn"}], "ano_bye01": [{"file": "ano替换动作位置/ano_bye01.mtn"}], "ano_cry01": [{"file": "ano替换动作位置/ano_cry01.mtn"}], "ano_cry02": [{"file": "ano替换动作位置/ano_cry02.mtn"}], "ano_idle01": [{"file": "ano替换动作位置/ano_idle01.mtn"}], "ano_kandou01": [{"file": "ano替换动作位置/ano_kandou01.mtn"}], "ano_kandou02": [{"file": "ano替换动作位置/ano_kandou02.mtn"}], "ano_kime01": [{"file": "ano替换动作位置/ano_kime01.mtn"}], "ano_kime02": [{"file": "ano替换动作位置/ano_kime02.mtn"}], "ano_nf01": [{"file": "ano替换动作位置/ano_nf01.mtn"}], "ano_nf02": [{"file": "ano替换动作位置/ano_nf02.mtn"}], "ano_nf03": [{"file": "ano替换动作位置/ano_nf03.mtn"}], "ano_nf04": [{"file": "ano替换动作位置/ano_nf04.mtn"}], "ano_nf05": [{"file": "ano替换动作位置/ano_nf05.mtn"}], "ano_nf_left01": [{"file": "ano替换动作位置/ano_nf_left01.mtn"}], "ano_nf_right01": [{"file": "ano替换动作位置/ano_nf_right01.mtn"}], "ano_nnf01": [{"file": "ano替换动作位置/ano_nnf01.mtn"}], "ano_nnf02": [{"file": "ano替换动作位置/ano_nnf02.mtn"}], "ano_nnf03": [{"file": "ano替换动作位置/ano_nnf03.mtn"}], "ano_nnf04": [{"file": "ano替换动作位置/ano_nnf04.mtn"}], "ano_nnf05": [{"file": "ano替换动作位置/ano_nnf05.mtn"}], "ano_nnf_left01": [{"file": "ano替换动作位置/ano_nnf_left01.mtn"}], "ano_nnf_right01": [{"file": "ano替换动作位置/ano_nnf_right01.mtn"}], "ano_sad01": [{"file": "ano替换动作位置/ano_sad01.mtn"}], "ano_sad02": [{"file": "ano替换动作位置/ano_sad02.mtn"}], "ano_serious01": [{"file": "ano替换动作位置/ano_serious01.mtn"}], "ano_serious02": [{"file": "ano替换动作位置/ano_serious02.mtn"}], "ano_shame01": [{"file": "ano替换动作位置/ano_shame01.mtn"}], "ano_shame02": [{"file": "ano替换动作位置/ano_shame02.mtn"}], "ano_smile01": [{"file": "ano替换动作位置/ano_smile01.mtn"}], "ano_smile02": [{"file": "ano替换动作位置/ano_smile02.mtn"}], "ano_smile03": [{"file": "ano替换动作位置/ano_smile03.mtn"}], "ano_smile04": [{"file": "ano替换动作位置/ano_smile04.mtn"}], "ano_surprised01": [{"file": "ano替换动作位置/ano_surprised01.mtn"}], "ano_thinking01": [{"file": "ano替换动作位置/ano_thinking01.mtn"}], "ano_thinking02": [{"file": "ano替换动作位置/ano_thinking02.mtn"}], "ano_thinking03": [{"file": "ano替换动作位置/ano_thinking03.mtn"}], "ano_wink01": [{"file": "ano替换动作位置/ano_wink01.mtn"}]}, "expressions": [{"name": "surprised01", "file": "live2d/chara/037_general_rip/surprised01.exp.json"}, {"name": "shame01", "file": "live2d/chara/037_general_rip/shame01.exp.json"}, {"name": "smile02", "file": "live2d/chara/037_general_rip/smile02.exp.json"}, {"name": "angry01", "file": "live2d/chara/037_general_rip/angry01.exp.json"}, {"name": "cry01", "file": "live2d/chara/037_general_rip/cry01.exp.json"}, {"name": "sad01", "file": "live2d/chara/037_general_rip/sad01.exp.json"}, {"name": "使用令咒", "file": "live2d/chara/037_general_rip/使用令咒.exp.json"}, {"name": "idle01", "file": "live2d/chara/037_general_rip/idle01.exp.json"}, {"name": "default", "file": "live2d/chara/037_general_rip/default.exp.json"}, {"name": "serious01", "file": "live2d/chara/037_general_rip/serious01.exp.json"}, {"name": "kime01", "file": "live2d/chara/037_general_rip/kime01.exp.json"}, {"name": "smile01", "file": "live2d/chara/037_general_rip/smile01.exp.json"}, {"name": "ano_angry01", "file": "ano替换动作位置/ano_angry01.exp.json"}, {"name": "ano_angry02", "file": "ano替换动作位置/ano_angry02.exp.json"}, {"name": "ano_angry03", "file": "ano替换动作位置/ano_angry03.exp.json"}, {"name": "ano_angry04", "file": "ano替换动作位置/ano_angry04.exp.json"}, {"name": "ano_bye01", "file": "ano替换动作位置/ano_bye01.exp.json"}, {"name": "ano_cry01", "file": "ano替换动作位置/ano_cry01.exp.json"}, {"name": "ano_cry02", "file": "ano替换动作位置/ano_cry02.exp.json"}, {"name": "ano_default", "file": "ano替换动作位置/ano_default.exp.json"}, {"name": "ano_idle01", "file": "ano替换动作位置/ano_idle01.exp.json"}, {"name": "ano_kandou01", "file": "ano替换动作位置/ano_kandou01.exp.json"}, {"name": "ano_kandou02", "file": "ano替换动作位置/ano_kandou02.exp.json"}, {"name": "ano_kime01", "file": "ano替换动作位置/ano_kime01.exp.json"}, {"name": "ano_kime02", "file": "ano替换动作位置/ano_kime02.exp.json"}, {"name": "ano_sad01", "file": "ano替换动作位置/ano_sad01.exp.json"}, {"name": "ano_sad02", "file": "ano替换动作位置/ano_sad02.exp.json"}, {"name": "ano_serious01", "file": "ano替换动作位置/ano_serious01.exp.json"}, {"name": "ano_serious02", "file": "ano替换动作位置/ano_serious02.exp.json"}, {"name": "ano_shame01", "file": "ano替换动作位置/ano_shame01.exp.json"}, {"name": "ano_shame02", "file": "ano替换动作位置/ano_shame02.exp.json"}, {"name": "ano_smile01", "file": "ano替换动作位置/ano_smile01.exp.json"}, {"name": "ano_smile02", "file": "ano替换动作位置/ano_smile02.exp.json"}, {"name": "ano_smile03", "file": "ano替换动作位置/ano_smile03.exp.json"}, {"name": "ano_smile04", "file": "ano替换动作位置/ano_smile04.exp.json"}, {"name": "ano_surprised01", "file": "ano替换动作位置/ano_surprised01.exp.json"}, {"name": "ano_thinking01", "file": "ano替换动作位置/ano_thinking01.exp.json"}, {"name": "ano_thinking02", "file": "ano替换动作位置/ano_thinking02.exp.json"}, {"name": "ano_thinking03", "file": "ano替换动作位置/ano_thinking03.exp.json"}, {"name": "ano_wink01", "file": "ano替换动作位置/ano_wink01.exp.json"}]}