{"version": "Sample 1.0.0", "layout": {"center_x": 0, "center_y": 0, "width": 2}, "hit_areas_custom": {"head_x": [-0.25, 1], "head_y": [0.25, 0.2], "body_x": [-0.3, 0.2], "body_y": [0.3, -1.9]}, "model": "live2d/chara/337_casual-2023_nocap_rip/uika_casual-2023_nocap.moc", "physics": "live2d/chara/337_casual-2023_nocap_rip/uika_casual-2023_nocap.physics.json", "textures": ["live2d/chara/337_general_rip/texture_00.png", "live2d/chara/337_casual-2023_nocap_rip/texture_01.png"], "motions": {"idle01": [{"file": "live2d/chara/337_general_rip/idle01.mtn"}], "nf02": [{"file": "live2d/chara/337_general_rip/nf02.mtn"}], "nf01": [{"file": "live2d/chara/337_general_rip/nf01.mtn"}], "nnf_left01": [{"file": "live2d/chara/337_general_rip/nnf_left01.mtn"}], "nnf02": [{"file": "live2d/chara/337_general_rip/nnf02.mtn"}], "serious01": [{"file": "live2d/chara/337_general_rip/serious01.mtn"}], "nnf05": [{"file": "live2d/chara/337_general_rip/nnf05.mtn"}], "kime01": [{"file": "live2d/chara/337_general_rip/kime01.mtn"}], "nnf01": [{"file": "live2d/chara/337_general_rip/nnf01.mtn"}], "nf_right01": [{"file": "live2d/chara/337_general_rip/nf_right01.mtn"}], "nf05": [{"file": "live2d/chara/337_general_rip/nf05.mtn"}], "nf03": [{"file": "live2d/chara/337_general_rip/nf03.mtn"}], "smile02": [{"file": "live2d/chara/337_general_rip/smile02.mtn"}], "smile03": [{"file": "live2d/chara/337_general_rip/smile03.mtn"}], "angry01": [{"file": "live2d/chara/337_general_rip/angry01.mtn"}], "nnf03": [{"file": "live2d/chara/337_general_rip/nnf03.mtn"}], "nnf_right01": [{"file": "live2d/chara/337_general_rip/nnf_right01.mtn"}], "nf04": [{"file": "live2d/chara/337_general_rip/nf04.mtn"}], "sad01": [{"file": "live2d/chara/337_general_rip/sad01.mtn"}], "nnf04": [{"file": "live2d/chara/337_general_rip/nnf04.mtn"}], "surprised01": [{"file": "live2d/chara/337_general_rip/surprised01.mtn"}], "nf_left01": [{"file": "live2d/chara/337_general_rip/nf_left01.mtn"}], "mitore01": [{"file": "live2d/chara/337_general_rip/mitore01.mtn"}], "shame01": [{"file": "live2d/chara/337_general_rip/shame01.mtn"}], "cry01": [{"file": "live2d/chara/337_general_rip/cry01.mtn"}], "smile01": [{"file": "live2d/chara/337_general_rip/smile01.mtn"}], "cst_angry01": [{"file": "cst替换动作位置/cst_angry01.mtn"}], "cst_angry02": [{"file": "cst替换动作位置/cst_angry02.mtn"}], "cst_bye01": [{"file": "cst替换动作位置/cst_bye01.mtn"}], "cst_cry01": [{"file": "cst替换动作位置/cst_cry01.mtn"}], "cst_gacha01": [{"file": "cst替换动作位置/cst_gacha01.mtn"}], "cst_idle01": [{"file": "cst替换动作位置/cst_idle01.mtn"}], "cst_kime01": [{"file": "cst替换动作位置/cst_kime01.mtn"}], "cst_kime02": [{"file": "cst替换动作位置/cst_kime02.mtn"}], "cst_nf01": [{"file": "cst替换动作位置/cst_nf01.mtn"}], "cst_nf02": [{"file": "cst替换动作位置/cst_nf02.mtn"}], "cst_nf03": [{"file": "cst替换动作位置/cst_nf03.mtn"}], "cst_nf04": [{"file": "cst替换动作位置/cst_nf04.mtn"}], "cst_nf05": [{"file": "cst替换动作位置/cst_nf05.mtn"}], "cst_nf_left01": [{"file": "cst替换动作位置/cst_nf_left01.mtn"}], "cst_nf_right01": [{"file": "cst替换动作位置/cst_nf_right01.mtn"}], "cst_nnf01": [{"file": "cst替换动作位置/cst_nnf01.mtn"}], "cst_nnf02": [{"file": "cst替换动作位置/cst_nnf02.mtn"}], "cst_nnf03": [{"file": "cst替换动作位置/cst_nnf03.mtn"}], "cst_nnf04": [{"file": "cst替换动作位置/cst_nnf04.mtn"}], "cst_nnf05": [{"file": "cst替换动作位置/cst_nnf05.mtn"}], "cst_nnf_left01": [{"file": "cst替换动作位置/cst_nnf_left01.mtn"}], "cst_nnf_right01": [{"file": "cst替换动作位置/cst_nnf_right01.mtn"}], "cst_nod01": [{"file": "cst替换动作位置/cst_nod01.mtn"}], "cst_pui01": [{"file": "cst替换动作位置/cst_pui01.mtn"}], "cst_sad01": [{"file": "cst替换动作位置/cst_sad01.mtn"}], "cst_serious01": [{"file": "cst替换动作位置/cst_serious01.mtn"}], "cst_shame01": [{"file": "cst替换动作位置/cst_shame01.mtn"}], "cst_sigh01": [{"file": "cst替换动作位置/cst_sigh01.mtn"}], "cst_smile01": [{"file": "cst替换动作位置/cst_smile01.mtn"}], "cst_smile01_ingameV2": [{"file": "cst替换动作位置/cst_smile01_ingameV2.mtn"}], "cst_smile02": [{"file": "cst替换动作位置/cst_smile02.mtn"}], "cst_smile03": [{"file": "cst替换动作位置/cst_smile03.mtn"}], "cst_smile04": [{"file": "cst替换动作位置/cst_smile04.mtn"}], "cst_smile05": [{"file": "cst替换动作位置/cst_smile05.mtn"}], "cst_sneeze01": [{"file": "cst替换动作位置/cst_sneeze01.mtn"}], "cst_surprised01": [{"file": "cst替换动作位置/cst_surprised01.mtn"}], "cst_thinking01": [{"file": "cst替换动作位置/cst_thinking01.mtn"}], "cst_idle02": [{"file": "cst替换动作位置/cst_idle02.mtn"}]}, "expressions": [{"name": "angry01", "file": "live2d/chara/337_general_rip/angry01.exp.json"}, {"name": "idle01", "file": "live2d/chara/337_general_rip/idle01.exp.json"}, {"name": "serious01", "file": "live2d/chara/337_general_rip/serious01.exp.json"}, {"name": "kime01", "file": "live2d/chara/337_general_rip/kime01.exp.json"}, {"name": "default", "file": "live2d/chara/337_general_rip/default.exp.json"}, {"name": "smile01", "file": "live2d/chara/337_general_rip/smile01.exp.json"}, {"name": "surprised01", "file": "live2d/chara/337_general_rip/surprised01.exp.json"}, {"name": "smile02", "file": "live2d/chara/337_general_rip/smile02.exp.json"}, {"name": "cry01", "file": "live2d/chara/337_general_rip/cry01.exp.json"}, {"name": "shame01", "file": "live2d/chara/337_general_rip/shame01.exp.json"}, {"name": "sad01", "file": "live2d/chara/337_general_rip/sad01.exp.json"}, {"name": "cst_angry02", "file": "cst替换动作位置/cst_angry02.exp.json"}, {"name": "cst_chisato_default", "file": "cst替换动作位置/cst_chisato_default.exp.json"}, {"name": "cst_chisato_smile01", "file": "cst替换动作位置/cst_chisato_smile01.exp.json"}, {"name": "cst_chisato_smile02", "file": "cst替换动作位置/cst_chisato_smile02.exp.json"}, {"name": "cst_chisato_special01", "file": "cst替换动作位置/cst_chisato_special01.exp.json"}, {"name": "cst_cry01", "file": "cst替换动作位置/cst_cry01.exp.json"}, {"name": "cst_default", "file": "cst替换动作位置/cst_default.exp.json"}, {"name": "cst_idle01", "file": "cst替换动作位置/cst_idle01.exp.json"}, {"name": "cst_kime01", "file": "cst替换动作位置/cst_kime01.exp.json"}, {"name": "cst_sad01", "file": "cst替换动作位置/cst_sad01.exp.json"}, {"name": "cst_serious01", "file": "cst替换动作位置/cst_serious01.exp.json"}, {"name": "cst_smile01", "file": "cst替换动作位置/cst_smile01.exp.json"}, {"name": "cst_smile02", "file": "cst替换动作位置/cst_smile02.exp.json"}, {"name": "cst_smile03", "file": "cst替换动作位置/cst_smile03.exp.json"}, {"name": "cst_surprised01", "file": "cst替换动作位置/cst_surprised01.exp.json"}]}