{"version":"Sample 1.0.0","layout":{"center_x":0,"center_y":0,"width":2},"hit_areas_custom":{"head_x":[-0.25,1],"head_y":[0.25,0.2],"body_x":[-0.3,0.2],"body_y":[0.3,-1.9]},
	"model":"live2d/chara/338_event_297_story_01_rip/mutsumi_other-25.moc",
	"physics":"live2d/chara/338_event_297_story_01_rip/mutsumi_other-25.physics.json",
	"textures":["live2d/chara/338_general_rip/texture_00.png","live2d/chara/338_event_297_story_01_rip/texture_01.png"],
"motions":{"angry01":[{"file":"live2d/chara/338_general_rip/angry01.mtn"}],
	"bow":[{"file":"live2d/chara/338_general_rip/bow.mtn"}],
	"bye01":[{"file":"live2d/chara/338_general_rip/bye01.mtn"}],
	"idle01":[{"file":"live2d/chara/338_general_rip/idle01.mtn"}],
	"kime01":[{"file":"live2d/chara/338_general_rip/kime01.mtn"}],
	"maskon_angry01":[{"file":"live2d/chara/338_general_rip/maskon_angry01.mtn"}],
	"maskon_bow":[{"file":"live2d/chara/338_general_rip/maskon_bow.mtn"}],
	"maskon_bye01":[{"file":"live2d/chara/338_general_rip/maskon_bye01.mtn"}],
	"maskon_idle01":[{"file":"live2d/chara/338_general_rip/maskon_idle01.mtn"}],
	"maskon_kime01":[{"file":"live2d/chara/338_general_rip/maskon_kime01.mtn"}],
	"maskon_nf01":[{"file":"live2d/chara/338_general_rip/maskon_nf01.mtn"}],
	"maskon_nf02":[{"file":"live2d/chara/338_general_rip/maskon_nf02.mtn"}],
	"maskon_nf03":[{"file":"live2d/chara/338_general_rip/maskon_nf03.mtn"}],
	"maskon_nf04":[{"file":"live2d/chara/338_general_rip/maskon_nf04.mtn"}],
	"maskon_nf05":[{"file":"live2d/chara/338_general_rip/maskon_nf05.mtn"}],
	"maskon_nf_left01":[{"file":"live2d/chara/338_general_rip/maskon_nf_left01.mtn"}],
	"maskon_nf_right01":[{"file":"live2d/chara/338_general_rip/maskon_nf_right01.mtn"}],
	"maskon_nnf01":[{"file":"live2d/chara/338_general_rip/maskon_nnf01.mtn"}],
	"maskon_nnf02":[{"file":"live2d/chara/338_general_rip/maskon_nnf02.mtn"}],
	"maskon_nnf03":[{"file":"live2d/chara/338_general_rip/maskon_nnf03.mtn"}],
	"maskon_nnf04":[{"file":"live2d/chara/338_general_rip/maskon_nnf04.mtn"}],
	"maskon_nnf05":[{"file":"live2d/chara/338_general_rip/maskon_nnf05.mtn"}],
	"maskon_nnf_left01":[{"file":"live2d/chara/338_general_rip/maskon_nnf_left01.mtn"}],
	"maskon_nnf_right01":[{"file":"live2d/chara/338_general_rip/maskon_nnf_right01.mtn"}],
	"maskon_odoodo01":[{"file":"live2d/chara/338_general_rip/maskon_odoodo01.mtn"}],
	"maskon_sad01":[{"file":"live2d/chara/338_general_rip/maskon_sad01.mtn"}],
	"maskon_sad02":[{"file":"live2d/chara/338_general_rip/maskon_sad02.mtn"}],
	"maskon_sad03":[{"file":"live2d/chara/338_general_rip/maskon_sad03.mtn"}],
	"maskon_sad04":[{"file":"live2d/chara/338_general_rip/maskon_sad04.mtn"}],
	"maskon_smile01":[{"file":"live2d/chara/338_general_rip/maskon_smile01.mtn"}],
	"maskon_smile02":[{"file":"live2d/chara/338_general_rip/maskon_smile02.mtn"}],
	"maskon_smile04":[{"file":"live2d/chara/338_general_rip/maskon_smile04.mtn"}],
	"maskon_surprised01":[{"file":"live2d/chara/338_general_rip/maskon_surprised01.mtn"}],
	"maskon_thinking01":[{"file":"live2d/chara/338_general_rip/maskon_thinking01.mtn"}],
	"nf01":[{"file":"live2d/chara/338_general_rip/nf01.mtn"}],
	"nf02":[{"file":"live2d/chara/338_general_rip/nf02.mtn"}],
	"nf03":[{"file":"live2d/chara/338_general_rip/nf03.mtn"}],
	"nf04":[{"file":"live2d/chara/338_general_rip/nf04.mtn"}],
	"nf05":[{"file":"live2d/chara/338_general_rip/nf05.mtn"}],
	"nf_left01":[{"file":"live2d/chara/338_general_rip/nf_left01.mtn"}],
	"nf_right01":[{"file":"live2d/chara/338_general_rip/nf_right01.mtn"}],
	"nnf01":[{"file":"live2d/chara/338_general_rip/nnf01.mtn"}],
	"nnf02":[{"file":"live2d/chara/338_general_rip/nnf02.mtn"}],
	"nnf03":[{"file":"live2d/chara/338_general_rip/nnf03.mtn"}],
	"nnf04":[{"file":"live2d/chara/338_general_rip/nnf04.mtn"}],
	"nnf05":[{"file":"live2d/chara/338_general_rip/nnf05.mtn"}],
	"nnf_left01":[{"file":"live2d/chara/338_general_rip/nnf_left01.mtn"}],
	"nnf_right01":[{"file":"live2d/chara/338_general_rip/nnf_right01.mtn"}],
	"odoodo01":[{"file":"live2d/chara/338_general_rip/odoodo01.mtn"}],
	"sad01":[{"file":"live2d/chara/338_general_rip/sad01.mtn"}],
	"sad02":[{"file":"live2d/chara/338_general_rip/sad02.mtn"}],
	"sad03":[{"file":"live2d/chara/338_general_rip/sad03.mtn"}],
	"sad04":[{"file":"live2d/chara/338_general_rip/sad04.mtn"}],
	"smile01":[{"file":"live2d/chara/338_general_rip/smile01.mtn"}],
	"smile02":[{"file":"live2d/chara/338_general_rip/smile02.mtn"}],
	"smile04":[{"file":"live2d/chara/338_general_rip/smile04.mtn"}],
	"surprised01":[{"file":"live2d/chara/338_general_rip/surprised01.mtn"}],
	"surprised02":[{"file":"live2d/chara/338_general_rip/surprised02.mtn"}],
	"thinking01":[{"file":"live2d/chara/338_general_rip/thinking01.mtn"}]}
,"expressions":[{"name":"angry01","file":"live2d/chara/338_general_rip/angry01.exp.json"},
	{"name":"default","file":"live2d/chara/338_general_rip/default.exp.json"},
	{"name":"idle01","file":"live2d/chara/338_general_rip/idle01.exp.json"},
	{"name":"sad01","file":"live2d/chara/338_general_rip/sad01.exp.json"},
	{"name":"sad04","file":"live2d/chara/338_general_rip/sad04.exp.json"},
	{"name":"smile01","file":"live2d/chara/338_general_rip/smile01.exp.json"},
	{"name":"smile02","file":"live2d/chara/338_general_rip/smile02.exp.json"},
	{"name":"smile04","file":"live2d/chara/338_general_rip/smile04.exp.json"},
	{"name":"surprised01","file":"live2d/chara/338_general_rip/surprised01.exp.json"}]}