{"version": "Sample 1.0.0", "layout": {"center_x": 0, "center_y": 0, "width": 2}, "hit_areas_custom": {"head_x": [-0.25, 1], "head_y": [0.25, 0.2], "body_x": [-0.3, 0.2], "body_y": [0.3, -1.9]}, "model": "029_school_winter-2023/tsukushi_school_winter-2023.moc", "physics": "029_school_winter-2023/tsukushi_school_winter-2023.physics.json", "textures": ["029_general/texture_00_Mo2.png", "029_school_winter-2023/texture_01.png"], "motions": {"angry01": [{"file": "029_school_winter-2023/angry01.mtn"}], "angry02": [{"file": "029_school_winter-2023/angry02.mtn"}], "awate01": [{"file": "029_school_winter-2023/awate01.mtn"}], "awate02": [{"file": "029_school_winter-2023/awate02.mtn"}], "awate03": [{"file": "029_school_winter-2023/awate03.mtn"}], "cry01": [{"file": "029_school_winter-2023/cry01.mtn"}], "fight01": [{"file": "029_school_winter-2023/fight01.mtn"}], "idle01": [{"file": "029_school_winter-2023/idle01.mtn"}], "kime01": [{"file": "029_school_winter-2023/kime01.mtn"}], "kime02": [{"file": "029_school_winter-2023/kime02.mtn"}], "kime03": [{"file": "029_school_winter-2023/kime03.mtn"}], "nf01": [{"file": "029_school_winter-2023/nf01.mtn"}], "nf02": [{"file": "029_school_winter-2023/nf02.mtn"}], "nf03": [{"file": "029_school_winter-2023/nf03.mtn"}], "nf04": [{"file": "029_school_winter-2023/nf04.mtn"}], "nf05": [{"file": "029_school_winter-2023/nf05.mtn"}], "nf_left01": [{"file": "029_school_winter-2023/nf_left01.mtn"}], "nf_right01": [{"file": "029_school_winter-2023/nf_right01.mtn"}], "nnf01": [{"file": "029_school_winter-2023/nnf01.mtn"}], "nnf02": [{"file": "029_school_winter-2023/nnf02.mtn"}], "nnf03": [{"file": "029_school_winter-2023/nnf03.mtn"}], "nnf04": [{"file": "029_school_winter-2023/nnf04.mtn"}], "nnf05": [{"file": "029_school_winter-2023/nnf05.mtn"}], "nnf_left01": [{"file": "029_school_winter-2023/nnf_left01.mtn"}], "nnf_right01": [{"file": "029_school_winter-2023/nnf_right01.mtn"}], "sad01": [{"file": "029_school_winter-2023/sad01.mtn"}], "serious01": [{"file": "029_school_winter-2023/serious01.mtn"}], "smile01": [{"file": "029_school_winter-2023/smile01.mtn"}], "smile02": [{"file": "029_school_winter-2023/smile02.mtn"}], "smile03": [{"file": "029_school_winter-2023/smile03.mtn"}], "smile04": [{"file": "029_school_winter-2023/smile04.mtn"}], "smile05": [{"file": "029_school_winter-2023/smile05.mtn"}], "surprised01": [{"file": "029_school_winter-2023/surprised01.mtn"}], "surprised02": [{"file": "029_school_winter-2023/surprised02.mtn"}]}, "expressions": [{"name": "angry01", "file": "029_general/angry01.exp.json"}, {"name": "angry02", "file": "029_general/angry02.exp.json"}, {"name": "awate01", "file": "029_general/awate01.exp.json"}, {"name": "cry01", "file": "029_general/cry01.exp.json"}, {"name": "default", "file": "029_general/default.exp.json"}, {"name": "idle01", "file": "029_general/idle01.exp.json"}, {"name": "kime01", "file": "029_general/kime01.exp.json"}, {"name": "sad01", "file": "029_general/sad01.exp.json"}, {"name": "serious01", "file": "029_general/serious01.exp.json"}, {"name": "smile01", "file": "029_general/smile01.exp.json"}, {"name": "smile02", "file": "029_general/smile02.exp.json"}, {"name": "smile03", "file": "029_general/smile03.exp.json"}, {"name": "surprised01", "file": "029_general/surprised01.exp.json"}]}