{
  "type": "Live2D Expression",
  "fade_in": 500,
  "fade_out": 500,
  "params": [
    {
      "id": "PARAM_EYE_R_SMILE",
      "val": 1
    },
    {
      "id": "PARAM_EYE_L_SMILE",
      "val": 1
    },
    {
      "id": "PARAM_EYE_FORM",
      "val": 1
    },
    {
      "id": "PARAM_BROW_R_ANGLE",
      "val": 0.33
    },
    {
      "id": "PARAM_BROW_R_FORM",
      "val": -2
    },
    {
      "id": "PARAM_BROW_L_ANGLE",
      "val": 0.33
    },
    {
      "id": "PARAM_BROW_L_FORM",
      "val": -2
    },
    {
      "id": "PARAM_MOUTH_FORM_01",
      "val": 0.5
    },
    {
      "id": "PARAM_MOUTH_SCALE",
      "val": -0.35
    }
  ]
}