{"version": "Sample 1.0.0", "layout": {"center_x": 0, "center_y": 0, "width": 2}, "hit_areas_custom": {"head_x": [-0.25, 1], "head_y": [0.25, 0.2], "body_x": [-0.3, 0.2], "body_y": [0.3, -1.9]}, "model": "live2d/chara/025_live_event_243_r_rip/rinko_event243.moc", "physics": "live2d/chara/025_live_event_243_r_rip/rinko_event243.physics.json", "textures": ["live2d/chara/025_live_event_243_r_rip/texture_00.png", "live2d/chara/025_live_event_243_r_rip/texture_01.png"],"motions":{"angry03":[{"file":"live2d/chara/025_general_rip/angry03.mtn"}],"娇羞":[{"file":"live2d/chara/025_general_rip/娇羞.mtn"}],"bye01":[{"file":"live2d/chara/025_general_rip/bye01.mtn"}],"nnf03":[{"file":"live2d/chara/025_general_rip/nnf03.mtn"}],"idle01":[{"file":"live2d/chara/025_general_rip/idle01.mtn"}],"nnf02":[{"file":"live2d/chara/025_general_rip/nnf02.mtn"}],"smile02":[{"file":"live2d/chara/025_general_rip/smile02.mtn"}],"smile01":[{"file":"live2d/chara/025_general_rip/smile01.mtn"}],"smile03":[{"file":"live2d/chara/025_general_rip/smile03.mtn"}],"shame01":[{"file":"live2d/chara/025_general_rip/shame01.mtn"}],"surprised02":[{"file":"live2d/chara/025_general_rip/surprised02.mtn"}],"sad02":[{"file":"live2d/chara/025_general_rip/sad02.mtn"}],"sigh01":[{"file":"live2d/chara/025_general_rip/sigh01.mtn"}],"surprised01":[{"file":"live2d/chara/025_general_rip/surprised01.mtn"}],"nf04":[{"file":"live2d/chara/025_general_rip/nf04.mtn"}],"nnf05":[{"file":"live2d/chara/025_general_rip/nnf05.mtn"}],"cry01":[{"file":"live2d/chara/025_general_rip/cry01.mtn"}],"nnf04":[{"file":"live2d/chara/025_general_rip/nnf04.mtn"}],"kime01":[{"file":"live2d/chara/025_general_rip/kime01.mtn"}],"nf_right01":[{"file":"live2d/chara/025_general_rip/nf_right01.mtn"}],"nf02":[{"file":"live2d/chara/025_general_rip/nf02.mtn"}],"shame02":[{"file":"live2d/chara/025_general_rip/shame02.mtn"}],"angry01":[{"file":"live2d/chara/025_general_rip/angry01.mtn"}],"ando01":[{"file":"live2d/chara/025_general_rip/ando01.mtn"}],"nf01":[{"file":"live2d/chara/025_general_rip/nf01.mtn"}],"nnf01":[{"file":"live2d/chara/025_general_rip/nnf01.mtn"}],"smile04":[{"file":"live2d/chara/025_general_rip/smile04.mtn"}],"kandou01":[{"file":"live2d/chara/025_general_rip/kandou01.mtn"}],"serious02":[{"file":"live2d/chara/025_general_rip/serious02.mtn"}],"nnf_right01":[{"file":"live2d/chara/025_general_rip/nnf_right01.mtn"}],"pui01":[{"file":"live2d/chara/025_general_rip/pui01.mtn"}],"angry02":[{"file":"live2d/chara/025_general_rip/angry02.mtn"}],"serious01":[{"file":"live2d/chara/025_general_rip/serious01.mtn"}],"sad03":[{"file":"live2d/chara/025_general_rip/sad03.mtn"}],"nf_left01":[{"file":"live2d/chara/025_general_rip/nf_left01.mtn"}],"sigh02":[{"file":"live2d/chara/025_general_rip/sigh02.mtn"}],"nnf_left01":[{"file":"live2d/chara/025_general_rip/nnf_left01.mtn"}],"sad01":[{"file":"live2d/chara/025_general_rip/sad01.mtn"}],"angry04":[{"file":"live2d/chara/025_general_rip/angry04.mtn"}],"cry02":[{"file":"live2d/chara/025_general_rip/cry02.mtn"}],"nf03":[{"file":"live2d/chara/025_general_rip/nf03.mtn"}],"bye02":[{"file":"live2d/chara/025_general_rip/bye02.mtn"}],"thinking01":[{"file":"live2d/chara/025_general_rip/thinking01.mtn"}],"nf05":[{"file":"live2d/chara/025_general_rip/nf05.mtn"}]},"expressions":[{"name":"kime01","file":"live2d/chara/025_general_rip/kime01.exp.json"},{"name":"娇羞","file":"live2d/chara/025_general_rip/娇羞.exp.json"},{"name":"bye01","file":"live2d/chara/025_general_rip/bye01.exp.json"},{"name":"angry02","file":"live2d/chara/025_general_rip/angry02.exp.json"},{"name":"sad01","file":"live2d/chara/025_general_rip/sad01.exp.json"},{"name":"angry03","file":"live2d/chara/025_general_rip/angry03.exp.json"},{"name":"cry02","file":"live2d/chara/025_general_rip/cry02.exp.json"},{"name":"pui01","file":"live2d/chara/025_general_rip/pui01.exp.json"},{"name":"smile03","file":"live2d/chara/025_general_rip/smile03.exp.json"},{"name":"ando01","file":"live2d/chara/025_general_rip/ando01.exp.json"},{"name":"surprised02","file":"live2d/chara/025_general_rip/surprised02.exp.json"},{"name":"sad02","file":"live2d/chara/025_general_rip/sad02.exp.json"},{"name":"serious02","file":"live2d/chara/025_general_rip/serious02.exp.json"},{"name":"serious01","file":"live2d/chara/025_general_rip/serious01.exp.json"},{"name":"shame02","file":"live2d/chara/025_general_rip/shame02.exp.json"},{"name":"smile02","file":"live2d/chara/025_general_rip/smile02.exp.json"},{"name":"smile04","file":"live2d/chara/025_general_rip/smile04.exp.json"},{"name":"thinking01","file":"live2d/chara/025_general_rip/thinking01.exp.json"},{"name":"surprised01","file":"live2d/chara/025_general_rip/surprised01.exp.json"},{"name":"default","file":"live2d/chara/025_general_rip/default.exp.json"},{"name":"sigh02","file":"live2d/chara/025_general_rip/sigh02.exp.json"},{"name":"bye02","file":"live2d/chara/025_general_rip/bye02.exp.json"},{"name":"sad03","file":"live2d/chara/025_general_rip/sad03.exp.json"},{"name":"angry04","file":"live2d/chara/025_general_rip/angry04.exp.json"},{"name":"idle01","file":"live2d/chara/025_general_rip/idle01.exp.json"},{"name":"sigh01","file":"live2d/chara/025_general_rip/sigh01.exp.json"},{"name":"kandou01","file":"live2d/chara/025_general_rip/kandou01.exp.json"},{"name":"smile01","file":"live2d/chara/025_general_rip/smile01.exp.json"},{"name":"cry01","file":"live2d/chara/025_general_rip/cry01.exp.json"},{"name":"angry01","file":"live2d/chara/025_general_rip/angry01.exp.json"},{"name":"shame01","file":"live2d/chara/025_general_rip/shame01.exp.json"}]}