{
	"type":"Live2D Physics",
	"physics_hair":[
		{
			"setup":{
				"length":1,
				"regist":0.5,
				"mass":0.5
			},
			"src":[
				{
					"id":"PARAM_ANGLE_X",
					"ptype":"x",
					"scale":0.005,
					"weight":1
				},
				{
					"id":"PARAM_ANGLE_Z",
					"ptype":"angle",
					"scale":0.005,
					"weight":1
				}
			],
			"targets":[
				{
					"id":"PARAM_HAIR_FRONT_PHY",
					"ptype":"angle",
					"scale":0.05,
					"weight":1
				},
				{
					"id":"PARAM_HAIR_SIDE_PHY",
					"ptype":"angle",
					"scale":0.025,
					"weight":1
				},
				{
					"id":"PARAM_HAIR_BACK_PHY",
					"ptype":"angle",
					"scale":0.003,
					"weight":1
				},
				{
					"id":"PARAM_HEADBAND_PHY",
					"ptype":"angle",
					"scale":0.025,
					"weight":1
				},
				{
					"id":"PARAM_RED_BOWKNOT_PHY1",
					"ptype":"angle",
					"scale":0.02,
					"weight":1
				},
				{
					"id":"PARAM_RED_BOWKNOT_PHY2",
					"ptype":"angle",
					"scale":0.03,
					"weight":1
				}
			]
		}
	]
}