{"type":"Live2D Physics","physics_hair":[{"label":"clothes_a","setup":{"length":0.13,"regist":0.48,"mass":0.23},"src":[{"id":"PARAM_BODY_ANGLE_Z","ptype":"angle","scale":1.5,"weight":0.5},{"id":"PARAM_BODY_ANGLE_X","ptype":"x","scale":0.015,"weight":0.5},{"id":"PARAM_ANGLE_Z","ptype":"angle","scale":0.4,"weight":2},{"id":"PARAM_ANGLE_X","ptype":"x","scale":0.006,"weight":2}],"targets":[{"id":"PARAM_CLOTHES_A","ptype":"angle","scale":0.025,"weight":1}]},{"label":"clothes_b","setup":{"length":0.21,"regist":0.53,"mass":0.15},"src":[{"id":"PARAM_BODY_ANGLE_Z","ptype":"angle","scale":0.8,"weight":1},{"id":"PARAM_BODY_ANGLE_X","ptype":"x","scale":0.005,"weight":1}],"targets":[{"id":"PARAM_CLOTHES_B","ptype":"angle","scale":0.03,"weight":1}]},{"label":"clothes_c","setup":{"length":0.17,"regist":0.54,"mass":0.14},"src":[{"id":"PARAM_BODY_ANGLE_Z","ptype":"angle","scale":0.8,"weight":1},{"id":"PARAM_BODY_ANGLE_Y","ptype":"x","scale":0.01,"weight":0.5},{"id":"PARAM_BODY_ANGLE_X","ptype":"x","scale":0.005,"weight":1.2}],"targets":[{"id":"PARAM_CLOTHES_C","ptype":"angle","scale":0.05,"weight":1}]},{"label":"clothes_d","setup":{"length":0.21,"regist":0.5,"mass":0.15},"src":[{"id":"PARAM_BODY_ANGLE_Z","ptype":"angle","scale":0.8,"weight":1},{"id":"PARAM_BODY_ANGLE_Y","ptype":"x","scale":0.01,"weight":0.5},{"id":"PARAM_BODY_ANGLE_X","ptype":"x","scale":0.005,"weight":2}],"targets":[{"id":"PARAM_CLOTHES_D","ptype":"angle","scale":0.05,"weight":1}]},{"label":"clothes_e","setup":{"length":0.21,"regist":0.45,"mass":0.12},"src":[{"id":"PARAM_BODY_ANGLE_Z","ptype":"angle","scale":0.8,"weight":1},{"id":"PARAM_BODY_ANGLE_X","ptype":"x","scale":0.005,"weight":1}],"targets":[{"id":"PARAM_CLOTHES_E","ptype":"angle","scale":0.042,"weight":1}]},{"label":"clothes_f","setup":{"length":0.23,"regist":0.48,"mass":0.27},"src":[{"id":"PARAM_BODY_ANGLE_Z","ptype":"angle","scale":0.8,"weight":1},{"id":"PARAM_BODY_ANGLE_X","ptype":"x","scale":0.005,"weight":1}],"targets":[{"id":"PARAM_CLOTHES_F","ptype":"angle","scale":0.043,"weight":1}]},{"label":"clothes_g","setup":{"length":0.28,"regist":0.55,"mass":0.23},"src":[{"id":"PARAM_BODY_ANGLE_Z","ptype":"angle","scale":0.8,"weight":1},{"id":"PARAM_BODY_ANGLE_X","ptype":"x","scale":0.005,"weight":1}],"targets":[{"id":"PARAM_CLOTHES_G","ptype":"angle","scale":0.055,"weight":1}]},{"label":"clothes_h","setup":{"length":0.32,"regist":0.52,"mass":0.25},"src":[{"id":"PARAM_BODY_ANGLE_Z","ptype":"angle","scale":0.8,"weight":1},{"id":"PARAM_BODY_ANGLE_X","ptype":"x","scale":0.005,"weight":1}],"targets":[{"id":"PARAM_CLOTHES_H","ptype":"angle","scale":0.04,"weight":1}]},{"label":"clothes_i","setup":{"length":0.35,"regist":0.4,"mass":0.29},"src":[{"id":"PARAM_BODY_ANGLE_Z","ptype":"angle","scale":0.8,"weight":1},{"id":"PARAM_BODY_ANGLE_X","ptype":"x","scale":0.005,"weight":1}],"targets":[{"id":"PARAM_CLOTHES_I","ptype":"angle","scale":0.04,"weight":1}]},{"label":"clothes_j","setup":{"length":0.29,"regist":0.53,"mass":0.25},"src":[{"id":"PARAM_BODY_ANGLE_Z","ptype":"angle","scale":0.8,"weight":1},{"id":"PARAM_BODY_ANGLE_X","ptype":"x","scale":0.005,"weight":1}],"targets":[{"id":"PARAM_CLOTHES_J","ptype":"angle","scale":0.045,"weight":1}]}]}