{"type":"Live2D Expression","fade_in":500,"fade_out":500,"params":[{"id":"PARAM_EYE_R_OPEN","val":0.61,"calc":"mult"},{"id":"PARAM_EYELID_R","val":-0.58},{"id":"PARAM_EYE_L_OPEN","val":0.61,"calc":"mult"},{"id":"PARAM_EYELID_L","val":-0.58},{"id":"PARAM_EYE_FORM","val":1},{"id":"PARAM_BROW_R_Y","val":-0.5},{"id":"PARAM_BROW_R_X","val":-0.42},{"id":"PARAM_BROW_R_ANGLE","val":-0.29},{"id":"PARAM_BROW_R_FORM","val":-1.05},{"id":"PARAM_BROW_L_Y","val":-0.5},{"id":"PARAM_BROW_L_X","val":-0.64},{"id":"PARAM_BROW_L_ANGLE","val":-0.29},{"id":"PARAM_BROW_L_FORM","val":-1.05},{"id":"PARAM_MOUTH_FORM_01","val":-2},{"id":"PARAM_MOUTH_SCALE","val":-1}]}