{
    "version": "Sample 1.0.0",
    "layout": {
        "center_x": 0,
        "center_y": 0,
        "width": 2
    },
    "hit_areas_custom": {
        "head_x": [
            -0.25,
            1
        ],
        "head_y": [
            0.25,
            0.2
        ],
        "body_x": [
            -0.3,
            0.2
        ],
        "body_y": [
            0.3,
            -1.9
        ]
    },
    "model": "live2d/files/hina_event056.moc",
    "physics": "live2d/files/hina_event056.physics.json",
    "textures": [
        "live2d/files/texture_00.png"
    ],
    "motions": {
        "angry01": [
            {
                "file": "live2d/mtn&exp/angry01.mtn"
            }
        ],
        "angry02": [
            {
                "file": "live2d/mtn&exp/angry02.mtn"
            }
        ],
        "bye01": [
            {
                "file": "live2d/mtn&exp/bye01.mtn"
            }
        ],
        "chuni02": [
            {
                "file": "live2d/mtn&exp/chuni02.mtn"
            }
        ],
        "chunping01": [
            {
                "file": "live2d/mtn&exp/chunping01.mtn"
            }
        ],
        "cry01": [
            {
                "file": "live2d/mtn&exp/cry01.mtn"
            }
        ],
        "cry03": [
            {
                "file": "live2d/mtn&exp/cry03.mtn"
            }
        ],
        "eeto01": [
            {
                "file": "live2d/mtn&exp/eeto01.mtn"
            }
        ],
        "gacha01": [
            {
                "file": "live2d/mtn&exp/gacha01.mtn"
            }
        ],
        "gattsu01": [
            {
                "file": "live2d/mtn&exp/gattsu01.mtn"
            }
        ],
        "idle01": [
            {
                "file": "live2d/mtn&exp/idle01.mtn"
            }
        ],
        "idle02": [
            {
                "file": "live2d/mtn&exp/idle02.mtn"
            }
        ],
        "kime01": [
            {
                "file": "live2d/mtn&exp/kime01.mtn"
            }
        ],
        "nf01": [
            {
                "file": "live2d/mtn&exp/nf01.mtn"
            }
        ],
        "nf02": [
            {
                "file": "live2d/mtn&exp/nf02.mtn"
            }
        ],
        "nf03": [
            {
                "file": "live2d/mtn&exp/nf03.mtn"
            }
        ],
        "nf04": [
            {
                "file": "live2d/mtn&exp/nf04.mtn"
            }
        ],
        "nf05": [
            {
                "file": "live2d/mtn&exp/nf05.mtn"
            }
        ],
        "nf_left01": [
            {
                "file": "live2d/mtn&exp/nf_left01.mtn"
            }
        ],
        "nf_right01": [
            {
                "file": "live2d/mtn&exp/nf_right01.mtn"
            }
        ],
        "oowarai01": [
            {
                "file": "live2d/mtn&exp/oowarai01.mtn"
            }
        ],
        "sad01": [
            {
                "file": "live2d/mtn&exp/sad01.mtn"
            }
        ],
        "sayomane01": [
            {
                "file": "live2d/mtn&exp/sayomane01.mtn"
            }
        ],
        "sayomane02": [
            {
                "file": "live2d/mtn&exp/sayomane02.mtn"
            }
        ],
        "serious01": [
            {
                "file": "live2d/mtn&exp/serious01.mtn"
            }
        ],
        "serious02": [
            {
                "file": "live2d/mtn&exp/serious02.mtn"
            }
        ],
        "shame01": [
            {
                "file": "live2d/mtn&exp/shame01.mtn"
            }
        ],
        "sleep02": [
            {
                "file": "live2d/mtn&exp/sleep02.mtn"
            }
        ],
        "smile01": [
            {
                "file": "live2d/mtn&exp/smile01.mtn"
            }
        ],
        "smile02": [
            {
                "file": "live2d/mtn&exp/smile02.mtn"
            }
        ],
        "smile02_ingameV2": [
            {
                "file": "live2d/mtn&exp/smile02_ingameV2.mtn"
            }
        ],
        "surprised01": [
            {
                "file": "live2d/mtn&exp/surprised01.mtn"
            }
        ],
        "wink01": [
            {
                "file": "live2d/mtn&exp/wink01.mtn"
            }
        ]
    },
    "expressions": [
        {
            "name": "angry01.exp",
            "file": "live2d/mtn&exp/angry01.exp.json"
        },
        {
            "name": "angry02.exp",
            "file": "live2d/mtn&exp/angry02.exp.json"
        },
        {
            "name": "angry07.exp",
            "file": "live2d/mtn&exp/angry07.exp.json"
        },
        {
            "name": "chunping01.exp",
            "file": "live2d/mtn&exp/chunping01.exp.json"
        },
        {
            "name": "cry01.exp",
            "file": "live2d/mtn&exp/cry01.exp.json"
        },
        {
            "name": "cry02.exp",
            "file": "live2d/mtn&exp/cry02.exp.json"
        },
        {
            "name": "cry03.exp",
            "file": "live2d/mtn&exp/cry03.exp.json"
        },
        {
            "name": "cry04.exp",
            "file": "live2d/mtn&exp/cry04.exp.json"
        },
        {
            "name": "default.exp",
            "file": "live2d/mtn&exp/default.exp.json"
        },
        {
            "name": "idle01.exp",
            "file": "live2d/mtn&exp/idle01.exp.json"
        },
        {
            "name": "kime01.exp",
            "file": "live2d/mtn&exp/kime01.exp.json"
        },
        {
            "name": "odoodo01.exp",
            "file": "live2d/mtn&exp/odoodo01.exp.json"
        },
        {
            "name": "sad01.exp",
            "file": "live2d/mtn&exp/sad01.exp.json"
        },
        {
            "name": "sad02.exp",
            "file": "live2d/mtn&exp/sad02.exp.json"
        },
        {
            "name": "serious01.exp",
            "file": "live2d/mtn&exp/serious01.exp.json"
        },
        {
            "name": "serious02.exp",
            "file": "live2d/mtn&exp/serious02.exp.json"
        },
        {
            "name": "shame01.exp",
            "file": "live2d/mtn&exp/shame01.exp.json"
        },
        {
            "name": "shame02.exp",
            "file": "live2d/mtn&exp/shame02.exp.json"
        },
        {
            "name": "sigh01.exp",
            "file": "live2d/mtn&exp/sigh01.exp.json"
        },
        {
            "name": "sigh02.exp",
            "file": "live2d/mtn&exp/sigh02.exp.json"
        },
        {
            "name": "smile01.exp",
            "file": "live2d/mtn&exp/smile01.exp.json"
        },
        {
            "name": "smile02.exp",
            "file": "live2d/mtn&exp/smile02.exp.json"
        },
        {
            "name": "smile03.exp",
            "file": "live2d/mtn&exp/smile03.exp.json"
        },
        {
            "name": "smile04.exp",
            "file": "live2d/mtn&exp/smile04.exp.json"
        },
        {
            "name": "smile05.exp",
            "file": "live2d/mtn&exp/smile05.exp.json"
        },
        {
            "name": "smile06.exp",
            "file": "live2d/mtn&exp/smile06.exp.json"
        },
        {
            "name": "surprised01.exp",
            "file": "live2d/mtn&exp/surprised01.exp.json"
        },
        {
            "name": "surprised02.exp",
            "file": "live2d/mtn&exp/surprised02.exp.json"
        },
        {
            "name": "thinking01.exp",
            "file": "live2d/mtn&exp/thinking01.exp.json"
        },
        {
            "name": "thinking02.exp",
            "file": "live2d/mtn&exp/thinking02.exp.json"
        }
    ]
}