{
  "version": "Sample 1.0.0",
  "layout": {
    "center_x": 0,
    "center_y": 0,
    "width": 2
  },
  "hit_areas_custom": {
    "body_x": [
      -0.3,
      0.2
    ],
    "body_y": [
      0.3,
      -1.9
    ],
    "head_x": [
      -0.25,
      1
    ],
    "head_y": [
      0.25,
      0.2
    ]
  },
  "model": "data/model.moc",
  "physics": "data/physics.json",
  "textures": [
    "data/textures/texture_00.png",
    "data/textures/texture_01.png"
  ],
  "motions": {
    "angry01": [
      {
        "file": "data/motions/angry01.mtn"
      }
    ],
    "bye01": [
      {
        "file": "data/motions/bye01.mtn"
      }
    ],
    "cry01": [
      {
        "file": "data/motions/cry01.mtn"
      }
    ],
    "eeto01": [
      {
        "file": "data/motions/eeto01.mtn"
      }
    ],
    "gattsu01": [
      {
        "file": "data/motions/gattsu01.mtn"
      }
    ],
    "idle01": [
      {
        "file": "data/motions/idle01.mtn"
      }
    ],
    "jaan01": [
      {
        "file": "data/motions/jaan01.mtn"
      }
    ],
    "nf01": [
      {
        "file": "data/motions/nf01.mtn"
      }
    ],
    "nf02": [
      {
        "file": "data/motions/nf02.mtn"
      }
    ],
    "nf03": [
      {
        "file": "data/motions/nf03.mtn"
      }
    ],
    "nf04": [
      {
        "file": "data/motions/nf04.mtn"
      }
    ],
    "nf05": [
      {
        "file": "data/motions/nf05.mtn"
      }
    ],
    "nf_left01": [
      {
        "file": "data/motions/nf_left01.mtn"
      }
    ],
    "nf_right01": [
      {
        "file": "data/motions/nf_right01.mtn"
      }
    ],
    "nnf01": [
      {
        "file": "data/motions/nnf01.mtn"
      }
    ],
    "nnf02": [
      {
        "file": "data/motions/nnf02.mtn"
      }
    ],
    "nnf03": [
      {
        "file": "data/motions/nnf03.mtn"
      }
    ],
    "nnf04": [
      {
        "file": "data/motions/nnf04.mtn"
      }
    ],
    "nnf05": [
      {
        "file": "data/motions/nnf05.mtn"
      }
    ],
    "nnf_left01": [
      {
        "file": "data/motions/nnf_left01.mtn"
      }
    ],
    "nnf_right01": [
      {
        "file": "data/motions/nnf_right01.mtn"
      }
    ],
    "sad01": [
      {
        "file": "data/motions/sad01.mtn"
      }
    ],
    "shame01": [
      {
        "file": "data/motions/shame01.mtn"
      }
    ],
    "smile01": [
      {
        "file": "data/motions/smile01.mtn"
      }
    ],
    "smile02": [
      {
        "file": "data/motions/smile02.mtn"
      }
    ],
    "smile03": [
      {
        "file": "data/motions/smile03.mtn"
      }
    ],
    "surprised01": [
      {
        "file": "data/motions/surprised01.mtn"
      }
    ]
  },
  "expressions": [
    {
      "name": "mana_angry01",
      "file": "data/expressions/mana_angry01.exp.json"
    },
    {
      "name": "mana_cry01",
      "file": "data/expressions/mana_cry01.exp.json"
    },
    {
      "name": "mana_default",
      "file": "data/expressions/mana_default.exp.json"
    },
    {
      "name": "mana_idle01",
      "file": "data/expressions/mana_idle01.exp.json"
    },
    {
      "name": "mana_sad01",
      "file": "data/expressions/mana_sad01.exp.json"
    },
    {
      "name": "mana_smile01",
      "file": "data/expressions/mana_smile01.exp.json"
    },
    {
      "name": "mana_smile02",
      "file": "data/expressions/mana_smile02.exp.json"
    },
    {
      "name": "mana_smile03",
      "file": "data/expressions/mana_smile03.exp.json"
    },
    {
      "name": "mana_surprised01",
      "file": "data/expressions/mana_surprised01.exp.json"
    }
  ]
}