{"version":"Sample 1.0.0","layout":{"center_x":0,"center_y":0,"width":2},"hit_areas_custom":{"head_x":[-0.25,1],"head_y":[0.25,0.2],"body_x":[-0.3,0.2],"body_y":[0.3,-1.9]},"model":"live2d/chara/338_school_winter-2023_rip/mutsumi_school_winter-2023.moc","physics":"live2d/chara/338_school_winter-2023_rip/mutsumi_school_winter-2023.physics.json","textures":["live2d/chara/338_general_rip/texture_00.png","live2d/chara/338_school_winter-2023_rip/texture_01.png"],"motions":{"ando01":[{"file":"live2d/chara/338_general_rip/ando01.mtn"}],
"angry01":[{"file":"live2d/chara/338_general_rip/angry01.mtn"}],
"angry02":[{"file":"live2d/chara/338_general_rip/angry02.mtn"}],
"angry03":[{"file":"live2d/chara/338_general_rip/angry03.mtn"}],
"bye01":[{"file":"live2d/chara/338_general_rip/bye01.mtn"}],
"bye02":[{"file":"live2d/chara/338_general_rip/bye02.mtn"}],
"cry01":[{"file":"live2d/chara/338_general_rip/cry01.mtn"}],
"cry02":[{"file":"live2d/chara/338_general_rip/cry02.mtn"}],
"idle01":[{"file":"live2d/chara/338_general_rip/idle01.mtn"}],
"kandou01":[{"file":"live2d/chara/338_general_rip/kandou01.mtn"}],
"kime01":[{"file":"live2d/chara/338_general_rip/kime01.mtn"}],
"nf01":[{"file":"live2d/chara/338_general_rip/nf01.mtn"}],
"nf02":[{"file":"live2d/chara/338_general_rip/nf02.mtn"}],
"nf03":[{"file":"live2d/chara/338_general_rip/nf03.mtn"}],
"nf04":[{"file":"live2d/chara/338_general_rip/nf04.mtn"}],
"nf05":[{"file":"live2d/chara/338_general_rip/nf05.mtn"}],
"nf_left01":[{"file":"live2d/chara/338_general_rip/nf_left01.mtn"}],
"nf_right01":[{"file":"live2d/chara/338_general_rip/nf_right01.mtn"}],
"nnf01":[{"file":"live2d/chara/338_general_rip/nnf01.mtn"}],
"nnf02":[{"file":"live2d/chara/338_general_rip/nnf02.mtn"}],
"nnf03":[{"file":"live2d/chara/338_general_rip/nnf03.mtn"}],
"nnf04":[{"file":"live2d/chara/338_general_rip/nnf04.mtn"}],
"nnf05":[{"file":"live2d/chara/338_general_rip/nnf05.mtn"}],
"nnf_left01":[{"file":"live2d/chara/338_general_rip/nnf_left01.mtn"}],
"nnf_right01":[{"file":"live2d/chara/338_general_rip/nnf_right01.mtn"}],
"odoodo01":[{"file":"live2d/chara/338_general_rip/odoodo01.mtn"}],
"sad01":[{"file":"live2d/chara/338_general_rip/sad01.mtn"}],
"sad02":[{"file":"live2d/chara/338_general_rip/sad02.mtn"}],
"sad03":[{"file":"live2d/chara/338_general_rip/sad03.mtn"}],
"serious01":[{"file":"live2d/chara/338_general_rip/serious01.mtn"}],
"serious02":[{"file":"live2d/chara/338_general_rip/serious02.mtn"}],
"serious03":[{"file":"live2d/chara/338_general_rip/serious03.mtn"}],
"serious04":[{"file":"live2d/chara/338_general_rip/serious04.mtn"}],
"shame01":[{"file":"live2d/chara/338_general_rip/shame01.mtn"}],
"shame02":[{"file":"live2d/chara/338_general_rip/shame02.mtn"}],
"smile01":[{"file":"live2d/chara/338_general_rip/smile01.mtn"}],
"smile02":[{"file":"live2d/chara/338_general_rip/smile02.mtn"}],
"smile03":[{"file":"live2d/chara/338_general_rip/smile03.mtn"}],
"smile04":[{"file":"live2d/chara/338_general_rip/smile04.mtn"}],
"smile05":[{"file":"live2d/chara/338_general_rip/smile05.mtn"}],
"surprised01":[{"file":"live2d/chara/338_general_rip/surprised01.mtn"}],
"thinking01":[{"file":"live2d/chara/338_general_rip/thinking01.mtn"}],
"thinking02":[{"file":"live2d/chara/338_general_rip/thinking02.mtn"}],
"wink01":[{"file":"live2d/chara/338_general_rip/wink01.mtn"}]},"expressions":[{"name":"ando01.exp","file":"live2d/chara/338_general_rip/ando01.exp.exp.json"}, 
{"name":"angry01.exp","file":"live2d/chara/338_general_rip/angry01.exp.exp.json"}, 
{"name":"angry02.exp","file":"live2d/chara/338_general_rip/angry02.exp.exp.json"}, 
{"name":"angry03.exp","file":"live2d/chara/338_general_rip/angry03.exp.exp.json"}, 
{"name":"bye01.exp","file":"live2d/chara/338_general_rip/bye01.exp.exp.json"}, 
{"name":"bye02.exp","file":"live2d/chara/338_general_rip/bye02.exp.exp.json"}, 
{"name":"cry01.exp","file":"live2d/chara/338_general_rip/cry01.exp.exp.json"}, 
{"name":"cry02.exp","file":"live2d/chara/338_general_rip/cry02.exp.exp.json"}, 
{"name":"default.exp","file":"live2d/chara/338_general_rip/default.exp.exp.json"}, 
{"name":"idle01.exp","file":"live2d/chara/338_general_rip/idle01.exp.exp.json"}, 
{"name":"kandou01.exp","file":"live2d/chara/338_general_rip/kandou01.exp.exp.json"}, 
{"name":"kime01.exp","file":"live2d/chara/338_general_rip/kime01.exp.exp.json"}, 
{"name":"odoodo01.exp","file":"live2d/chara/338_general_rip/odoodo01.exp.exp.json"}, 
{"name":"sad01.exp","file":"live2d/chara/338_general_rip/sad01.exp.exp.json"}, 
{"name":"sad02.exp","file":"live2d/chara/338_general_rip/sad02.exp.exp.json"}, 
{"name":"sad03.exp","file":"live2d/chara/338_general_rip/sad03.exp.exp.json"}, 
{"name":"serious01.exp","file":"live2d/chara/338_general_rip/serious01.exp.exp.json"}, 
{"name":"serious02.exp","file":"live2d/chara/338_general_rip/serious02.exp.exp.json"}, 
{"name":"serious03.exp","file":"live2d/chara/338_general_rip/serious03.exp.exp.json"}, 
{"name":"serious04.exp","file":"live2d/chara/338_general_rip/serious04.exp.exp.json"}, 
{"name":"shame01.exp","file":"live2d/chara/338_general_rip/shame01.exp.exp.json"}, 
{"name":"shame02.exp","file":"live2d/chara/338_general_rip/shame02.exp.exp.json"}, 
{"name":"smile01.exp","file":"live2d/chara/338_general_rip/smile01.exp.exp.json"}, 
{"name":"smile02.exp","file":"live2d/chara/338_general_rip/smile02.exp.exp.json"}, 
{"name":"smile03.exp","file":"live2d/chara/338_general_rip/smile03.exp.exp.json"}, 
{"name":"smile04.exp","file":"live2d/chara/338_general_rip/smile04.exp.exp.json"}, 
{"name":"smile05.exp","file":"live2d/chara/338_general_rip/smile05.exp.exp.json"}, 
{"name":"surprised01.exp","file":"live2d/chara/338_general_rip/surprised01.exp.exp.json"}, 
{"name":"thinking01.exp","file":"live2d/chara/338_general_rip/thinking01.exp.exp.json"}, 
{"name":"thinking02.exp","file":"live2d/chara/338_general_rip/thinking02.exp.exp.json"}, 
{"name":"wink01.exp","file":"live2d/chara/338_general_rip/wink01.exp.exp.json"}]}