{"type":"Live2D Physics","physics_hair":[{"label":"clothes_a","setup":{"length":0.13,"regist":0.45,"mass":0.1},"src":[{"id":"PARAM_BODY_ANGLE_Z","ptype":"angle","scale":0.8,"weight":1},{"id":"PARAM_BODY_ANGLE_X","ptype":"x","scale":0.005,"weight":1}],"targets":[{"id":"PARAM_CLOTHES_A","ptype":"angle","scale":0.03,"weight":1}]},{"label":"clothes_b","setup":{"length":0.25,"regist":0.5,"mass":0.2},"src":[{"id":"PARAM_BODY_ANGLE_Z","ptype":"angle","scale":0.8,"weight":1},{"id":"PARAM_BODY_ANGLE_X","ptype":"x","scale":0.005,"weight":1}],"targets":[{"id":"PARAM_CLOTHES_B","ptype":"angle","scale":0.035,"weight":1}]},{"label":"ribbon01","setup":{"length":0.16,"regist":0.55,"mass":0.14},"src":[{"id":"PARAM_ANGLE_Z","ptype":"angle","scale":2.4,"weight":0.5},{"id":"PARAM_ANGLE_X","ptype":"x","scale":0.015,"weight":0.5},{"id":"PARAM_BODY_ANGLE_Z","ptype":"angle","scale":0.5,"weight":2},{"id":"PARAM_BODY_ANGLE_X","ptype":"x","scale":0.003,"weight":2}],"targets":[{"id":"PARAM_ribon01","ptype":"angle","scale":0.025,"weight":1}]},{"label":"ribbon02","setup":{"length":0.17,"regist":0.5,"mass":0.12},"src":[{"id":"PARAM_ANGLE_Z","ptype":"angle","scale":2.4,"weight":0.5},{"id":"PARAM_ANGLE_X","ptype":"x","scale":0.015,"weight":0.5},{"id":"PARAM_BODY_ANGLE_Z","ptype":"angle","scale":0.5,"weight":2},{"id":"PARAM_BODY_ANGLE_X","ptype":"x","scale":0.003,"weight":2}],"targets":[{"id":"PARAM_ribon02","ptype":"angle","scale":0.025,"weight":1}]}]}