{"type":"Live2D Physics","physics_hair":[{"label":"clothes_a","setup":{"length":0.29,"regist":0.54,"mass":0.2},"src":[{"id":"PARAM_BODY_ANGLE_Z","ptype":"angle","scale":2.4,"weight":1},{"id":"PARAM_BODY_ANGLE_X","ptype":"x","scale":0.01,"weight":1}],"targets":[{"id":"PARAM_CLOTHES_A","ptype":"angle","scale":0.035,"weight":1}]},{"label":"clothes_b","setup":{"length":0.21,"regist":0.54,"mass":0.15},"src":[{"id":"PARAM_BODY_ANGLE_Z","ptype":"angle","scale":2.4,"weight":1},{"id":"PARAM_BODY_ANGLE_X","ptype":"x","scale":0.015,"weight":1}],"targets":[{"id":"PARAM_CLOTHES_B","ptype":"angle","scale":0.017,"weight":0.5}]}]}