{"version": "Sample 1.0.0", "layout": {"center_x": 0, "center_y": 0, "width": 2}, "hit_areas_custom": {"head_x": [-0.25, 1], "head_y": [0.25, 0.2], "body_x": [-0.3, 0.2], "body_y": [0.3, -1.9]}, "model": "321_event_100_story_01/kaoru_321.moc", "physics": "321_event_100_story_01/kaoru_321.physics.json", "textures": ["321_event_100_story_01/texture_00.png"], "motions": {"愤怒01": [{"file": "321_event_100_story_01/angry01.mtn"}], "哭泣01": [{"file": "321_event_100_story_01/cry01.mtn"}], "空闲01": [{"file": "321_event_100_story_01/idle01.mtn"}], "通用01": [{"file": "321_event_100_story_01/nf01.mtn"}], "通用02": [{"file": "321_event_100_story_01/nf02.mtn"}], "通用03": [{"file": "321_event_100_story_01/nf03.mtn"}], "通用04": [{"file": "321_event_100_story_01/nf04.mtn"}], "通用05": [{"file": "321_event_100_story_01/nf05.mtn"}], "通用二01": [{"file": "321_event_100_story_01/nnf01.mtn"}], "通用二02": [{"file": "321_event_100_story_01/nnf02.mtn"}], "通用二03": [{"file": "321_event_100_story_01/nnf03.mtn"}], "通用二04": [{"file": "321_event_100_story_01/nnf04.mtn"}], "通用二05": [{"file": "321_event_100_story_01/nnf05.mtn"}], "东张西望01": [{"file": "321_event_100_story_01/odoodo01.mtn"}], "哼01": [{"file": "321_event_100_story_01/pui01.mtn"}], "悲伤01": [{"file": "321_event_100_story_01/sad01.mtn"}], "严肃01": [{"file": "321_event_100_story_01/serious01.mtn"}], "微笑01": [{"file": "321_event_100_story_01/smile01.mtn"}], "微笑02": [{"file": "321_event_100_story_01/smile02.mtn"}], "惊讶01": [{"file": "321_event_100_story_01/surprised01.mtn"}]}, "expressions": [{"name": "愤怒01", "file": "321_general/angry01.exp.json"}, {"name": "哭泣01", "file": "321_general/cry01.exp.json"}, {"name": "默认", "file": "321_general/default.exp.json"}, {"name": "空闲01", "file": "321_general/idle01.exp.json"}, {"name": "东张西望01", "file": "321_general/odoodo01.exp.json"}, {"name": "哼01", "file": "321_general/pui01.exp.json"}, {"name": "悲伤01", "file": "321_general/sad01.exp.json"}, {"name": "严肃01", "file": "321_general/serious01.exp.json"}, {"name": "微笑01", "file": "321_general/smile01.exp.json"}, {"name": "微笑02", "file": "321_general/smile02.exp.json"}, {"name": "惊讶01", "file": "321_general/surprised01.exp.json"}]}