{"type":"Live2D Physics","physics_hair":[{"label":"clothes_a","setup":{"length":0.28,"regist":0.48,"mass":0.23},"src":[{"id":"PARAM_BODY_ANGLE_X","ptype":"x","scale":0.01,"weight":1},{"id":"PARAM_BODY_ANGLE_Z","ptype":"angle","scale":0.8,"weight":1}],"targets":[{"id":"PARAM_CLOTHES_A","ptype":"angle","scale":0.02,"weight":1}]},{"label":"clothes_b","setup":{"length":0.42,"regist":0.53,"mass":0.25},"src":[{"id":"PARAM_BODY_ANGLE_X","ptype":"x","scale":0.015,"weight":1},{"id":"PARAM_BODY_ANGLE_Z","ptype":"angle","scale":0.08,"weight":1}],"targets":[{"id":"PARAM_CLOTHES_B","ptype":"angle","scale":0.025,"weight":1}]}]}