{"version":"Sample 1.0.0","layout":{"center_x":0,"center_y":0,"width":2},"hit_areas_custom":{"head_x":[-0.25,1],"head_y":[0.25,0.2],"body_x":[-0.3,0.2],"body_y":[0.3,-1.9]},
"model":"337_casual-2023/uika_casual-2023.moc",
"physics":"337_casual-2023/uika_casual-2023.physics.json",
"textures":["337_general/texture_00_Mo2.png","337_casual-2023/texture_01.png"],
"motions":{"nnf01":[{"file":"337_general/nnf01.mtn"}],
"nnf_right01":[{"file":"337_general/nnf_right01.mtn"}],
"nnf03":[{"file":"337_general/nnf03.mtn"}],
"nnf_left01":[{"file":"337_general/nnf_left01.mtn"}],
"nf01":[{"file":"337_general/nf01.mtn"}],
"nnf02":[{"file":"337_general/nnf02.mtn"}],
"cry01":[{"file":"337_general/cry01.mtn"}],
"nf_left01":[{"file":"337_general/nf_left01.mtn"}],
"nf_right01":[{"file":"337_general/nf_right01.mtn"}],
"smile03":[{"file":"337_general/smile03.mtn"}],
"nnf04":[{"file":"337_general/nnf04.mtn"}],
"nnf05":[{"file":"337_general/nnf05.mtn"}],
"nf02":[{"file":"337_general/nf02.mtn"}],
"nf03":[{"file":"337_general/nf03.mtn"}],
"idle01":[{"file":"337_general/idle01.mtn"}],
"idle11":[{"file":"339_general/idle11.mtn"}],
"idle13":[{"file":"339_general/idle13.mtn"}],
"mitore01":[{"file":"337_general/mitore01.mtn"}],
"smile01":[{"file":"337_general/smile01.mtn"}],
"serious01":[{"file":"337_general/serious01.mtn"}],
"smile02":[{"file":"337_general/smile02.mtn"}],
"angry01":[{"file":"337_general/angry01.mtn"}],
"sad01":[{"file":"337_general/sad01.mtn"}],
"nf04":[{"file":"337_general/nf04.mtn"}],
"shame01":[{"file":"337_general/shame01.mtn"}],
"kime01":[{"file":"337_general/kime01.mtn"}],"thinking01":[{"file":"337_general/thinking01.mtn"}],
"nf05":[{"file":"337_general/nf05.mtn"}],
"surprised01":[{"file":"337_general/surprised01.mtn"}]},"expressions":[{"name":"surprised01","file":"337_general/surprised01.exp.json"},{"name":"idle01","file":"337_general/idle01.exp.json"},{"name":"smile02","file":"337_general/smile02.exp.json"},{"name":"serious01","file":"337_general/serious01.exp.json"},{"name":"angry01","file":"337_general/angry01.exp.json"},{"name":"default","file":"337_general/default.exp.json"},{"name":"shame01","file":"337_general/shame01.exp.json"},{"name":"kime01","file":"337_general/kime01.exp.json"},{"name":"smile01","file":"337_general/smile01.exp.json"},{"name":"右转身","file":"337_general/R_boby.exp.json"},{"name":"左转微笑","file":"337_general/L_Boby_smile.exp.json"},{"name":"右转微笑","file":"337_general/R_Boby_smile.exp.json"},
{"name":"左转身","file":"337_general/L_boby.exp.json"},
{"name":"sad01","file":"337_general/sad01.exp.json"},{"name":"cry01","file":"337_general/cry01.exp.json"}]}