{"version":"Sample 1.0.0","layout":{"center_x":0,"center_y":0,"width":2},"hit_areas_custom":{"head_x":[-0.25,1],"head_y":[0.25,0.2],"body_x":[-0.3,0.2],"body_y":[0.3,-1.9]},"model":"live2d/chara/040_school_winter-2023_rip/taki_school_winter-2023.moc","physics":"live2d/chara/040_school_winter-2023_rip/taki_school_winter-2023.physics.json","textures":["live2d/chara/040_general_rip/texture_00.png","live2d/chara/040_school_winter-2023_rip/texture_01.png"],"motions":{"Taki-ando01":[{"file":"live2d/chara/040_general_rip/Taki-ando01.mtn"}],
"Taki-angry01":[{"file":"live2d/chara/040_general_rip/Taki-angry01.mtn"}],
"Taki-angry02":[{"file":"live2d/chara/040_general_rip/Taki-angry02.mtn"}],
"Taki-angry03":[{"file":"live2d/chara/040_general_rip/Taki-angry03.mtn"}],
"Taki-angry04":[{"file":"live2d/chara/040_general_rip/Taki-angry04.mtn"}],
"Taki-bye01":[{"file":"live2d/chara/040_general_rip/Taki-bye01.mtn"}],
"Taki-bye02":[{"file":"live2d/chara/040_general_rip/Taki-bye02.mtn"}],
"Taki-cry01":[{"file":"live2d/chara/040_general_rip/Taki-cry01.mtn"}],
"Taki-cry02":[{"file":"live2d/chara/040_general_rip/Taki-cry02.mtn"}],
"Taki-idle01":[{"file":"live2d/chara/040_general_rip/Taki-idle01.mtn"}],
"Taki-kandou01":[{"file":"live2d/chara/040_general_rip/Taki-kandou01.mtn"}],
"Taki-kime01":[{"file":"live2d/chara/040_general_rip/Taki-kime01.mtn"}],
"Taki-nf01":[{"file":"live2d/chara/040_general_rip/Taki-nf01.mtn"}],
"Taki-nf02":[{"file":"live2d/chara/040_general_rip/Taki-nf02.mtn"}],
"Taki-nf03":[{"file":"live2d/chara/040_general_rip/Taki-nf03.mtn"}],
"Taki-nf04":[{"file":"live2d/chara/040_general_rip/Taki-nf04.mtn"}],
"Taki-nf05":[{"file":"live2d/chara/040_general_rip/Taki-nf05.mtn"}],
"Taki-nf_left01":[{"file":"live2d/chara/040_general_rip/Taki-nf_left01.mtn"}],
"Taki-nf_right01":[{"file":"live2d/chara/040_general_rip/Taki-nf_right01.mtn"}],
"Taki-nnf01":[{"file":"live2d/chara/040_general_rip/Taki-nnf01.mtn"}],
"Taki-nnf02":[{"file":"live2d/chara/040_general_rip/Taki-nnf02.mtn"}],
"Taki-nnf03":[{"file":"live2d/chara/040_general_rip/Taki-nnf03.mtn"}],
"Taki-nnf04":[{"file":"live2d/chara/040_general_rip/Taki-nnf04.mtn"}],
"Taki-nnf05":[{"file":"live2d/chara/040_general_rip/Taki-nnf05.mtn"}],
"Taki-nnf_left01":[{"file":"live2d/chara/040_general_rip/Taki-nnf_left01.mtn"}],
"Taki-nnf_right01":[{"file":"live2d/chara/040_general_rip/Taki-nnf_right01.mtn"}],
"Taki-pui01":[{"file":"live2d/chara/040_general_rip/Taki-pui01.mtn"}],
"Taki-sad01":[{"file":"live2d/chara/040_general_rip/Taki-sad01.mtn"}],
"Taki-sad02":[{"file":"live2d/chara/040_general_rip/Taki-sad02.mtn"}],
"Taki-sad03":[{"file":"live2d/chara/040_general_rip/Taki-sad03.mtn"}],
"Taki-serious01":[{"file":"live2d/chara/040_general_rip/Taki-serious01.mtn"}],
"Taki-serious02":[{"file":"live2d/chara/040_general_rip/Taki-serious02.mtn"}],
"Taki-shame01":[{"file":"live2d/chara/040_general_rip/Taki-shame01.mtn"}],
"Taki-shame02":[{"file":"live2d/chara/040_general_rip/Taki-shame02.mtn"}],
"Taki-sigh01":[{"file":"live2d/chara/040_general_rip/Taki-sigh01.mtn"}],
"Taki-sigh02":[{"file":"live2d/chara/040_general_rip/Taki-sigh02.mtn"}],
"Taki-smile01":[{"file":"live2d/chara/040_general_rip/Taki-smile01.mtn"}],
"Taki-smile02":[{"file":"live2d/chara/040_general_rip/Taki-smile02.mtn"}],
"Taki-smile03":[{"file":"live2d/chara/040_general_rip/Taki-smile03.mtn"}],
"Taki-smile04":[{"file":"live2d/chara/040_general_rip/Taki-smile04.mtn"}],
"Taki-surprised01":[{"file":"live2d/chara/040_general_rip/Taki-surprised01.mtn"}],
"Taki-surprised02":[{"file":"live2d/chara/040_general_rip/Taki-surprised02.mtn"}],
"Taki-thinking01":[{"file":"live2d/chara/040_general_rip/Taki-thinking01.mtn"}]},"expressions":[{"name":"Taki-ando01.exp","file":"live2d/chara/040_general_rip/Taki-ando01.exp.exp.json"}, 
{"name":"Taki-angry01.exp","file":"live2d/chara/040_general_rip/Taki-angry01.exp.exp.json"}, 
{"name":"Taki-angry02.exp","file":"live2d/chara/040_general_rip/Taki-angry02.exp.exp.json"}, 
{"name":"Taki-angry03.exp","file":"live2d/chara/040_general_rip/Taki-angry03.exp.exp.json"}, 
{"name":"Taki-angry04.exp","file":"live2d/chara/040_general_rip/Taki-angry04.exp.exp.json"}, 
{"name":"Taki-bye01.exp","file":"live2d/chara/040_general_rip/Taki-bye01.exp.exp.json"}, 
{"name":"Taki-bye02.exp","file":"live2d/chara/040_general_rip/Taki-bye02.exp.exp.json"}, 
{"name":"Taki-cry01.exp","file":"live2d/chara/040_general_rip/Taki-cry01.exp.exp.json"}, 
{"name":"Taki-cry02.exp","file":"live2d/chara/040_general_rip/Taki-cry02.exp.exp.json"}, 
{"name":"Taki-default.exp","file":"live2d/chara/040_general_rip/Taki-default.exp.exp.json"}, 
{"name":"Taki-idle01.exp","file":"live2d/chara/040_general_rip/Taki-idle01.exp.exp.json"}, 
{"name":"Taki-kandou01.exp","file":"live2d/chara/040_general_rip/Taki-kandou01.exp.exp.json"}, 
{"name":"Taki-kime01.exp","file":"live2d/chara/040_general_rip/Taki-kime01.exp.exp.json"}, 
{"name":"Taki-pui01.exp","file":"live2d/chara/040_general_rip/Taki-pui01.exp.exp.json"}, 
{"name":"Taki-sad01.exp","file":"live2d/chara/040_general_rip/Taki-sad01.exp.exp.json"}, 
{"name":"Taki-sad02.exp","file":"live2d/chara/040_general_rip/Taki-sad02.exp.exp.json"}, 
{"name":"Taki-sad03.exp","file":"live2d/chara/040_general_rip/Taki-sad03.exp.exp.json"}, 
{"name":"Taki-serious01.exp","file":"live2d/chara/040_general_rip/Taki-serious01.exp.exp.json"}, 
{"name":"Taki-serious02.exp","file":"live2d/chara/040_general_rip/Taki-serious02.exp.exp.json"}, 
{"name":"Taki-shame01.exp","file":"live2d/chara/040_general_rip/Taki-shame01.exp.exp.json"}, 
{"name":"Taki-shame02.exp","file":"live2d/chara/040_general_rip/Taki-shame02.exp.exp.json"}, 
{"name":"Taki-sigh01.exp","file":"live2d/chara/040_general_rip/Taki-sigh01.exp.exp.json"}, 
{"name":"Taki-sigh02.exp","file":"live2d/chara/040_general_rip/Taki-sigh02.exp.exp.json"}, 
{"name":"Taki-smile01.exp","file":"live2d/chara/040_general_rip/Taki-smile01.exp.exp.json"}, 
{"name":"Taki-smile02.exp","file":"live2d/chara/040_general_rip/Taki-smile02.exp.exp.json"}, 
{"name":"Taki-smile03.exp","file":"live2d/chara/040_general_rip/Taki-smile03.exp.exp.json"}, 
{"name":"Taki-smile04.exp","file":"live2d/chara/040_general_rip/Taki-smile04.exp.exp.json"}, 
{"name":"Taki-surprised01.exp","file":"live2d/chara/040_general_rip/Taki-surprised01.exp.exp.json"}, 
{"name":"Taki-surprised02.exp","file":"live2d/chara/040_general_rip/Taki-surprised02.exp.exp.json"}, 
{"name":"Taki-thinking01.exp","file":"live2d/chara/040_general_rip/Taki-thinking01.exp.exp.json"}]}