{"version": "Sample 1.0.0", "layout": {"center_x": 0, "center_y": 0, "width": 2}, "hit_areas_custom": {"head_x": [-0.25, 1], "head_y": [0.25, 0.2], "body_x": [-0.3, 0.2], "body_y": [0.3, -1.9]}, "model": "live2d/chara/023_live_event_264_ur_rip/lisa_event264.moc", "physics": "live2d/chara/023_live_event_264_ur_rip/lisa_event264.physics.json", "textures": ["live2d/chara/023_general_rip/texture_00.png", "live2d/chara/023_live_event_264_ur_rip/texture_01.png"], "motions": {"angry01": [{"file": "live2d/chara/023_general_rip/angry01.mtn"}], "kime01": [{"file": "live2d/chara/023_general_rip/kime01.mtn"}], "nf03": [{"file": "live2d/chara/023_general_rip/nf03.mtn"}], "nnf03": [{"file": "live2d/chara/023_general_rip/nnf03.mtn"}], "nnf02": [{"file": "live2d/chara/023_general_rip/nnf02.mtn"}], "nf04": [{"file": "live2d/chara/023_general_rip/nf04.mtn"}], "nnf04": [{"file": "live2d/chara/023_general_rip/nnf04.mtn"}], "bye01": [{"file": "live2d/chara/023_general_rip/bye01.mtn"}], "nf02": [{"file": "live2d/chara/023_general_rip/nf02.mtn"}], "surprised01": [{"file": "live2d/chara/023_general_rip/surprised01.mtn"}], "odoodo01": [{"file": "live2d/chara/023_general_rip/odoodo01.mtn"}], "smile02": [{"file": "live2d/chara/023_general_rip/smile02.mtn"}], "idle01": [{"file": "live2d/chara/023_general_rip/idle01.mtn"}], "sad02": [{"file": "live2d/chara/023_general_rip/sad02.mtn"}], "smile01": [{"file": "live2d/chara/023_general_rip/smile01.mtn"}], "sad01": [{"file": "live2d/chara/023_general_rip/sad01.mtn"}], "thinking01": [{"file": "live2d/chara/023_general_rip/thinking01.mtn"}], "nnf_left01": [{"file": "live2d/chara/023_general_rip/nnf_left01.mtn"}], "nf_left01": [{"file": "live2d/chara/023_general_rip/nf_left01.mtn"}], "nnf_right01": [{"file": "live2d/chara/023_general_rip/nnf_right01.mtn"}], "nnf01": [{"file": "live2d/chara/023_general_rip/nnf01.mtn"}], "nf_right01": [{"file": "live2d/chara/023_general_rip/nf_right01.mtn"}], "nf05": [{"file": "live2d/chara/023_general_rip/nf05.mtn"}], "nf01": [{"file": "live2d/chara/023_general_rip/nf01.mtn"}], "nnf05": [{"file": "live2d/chara/023_general_rip/nnf05.mtn"}], "smile04": [{"file": "live2d/chara/023_general_rip/smile04.mtn"}], "sakiko_angry01": [{"file": "sakiko替换动作位置/sakiko_angry01.mtn"}], "sakiko_angry02": [{"file": "sakiko替换动作位置/sakiko_angry02.mtn"}], "sakiko_angry03": [{"file": "sakiko替换动作位置/sakiko_angry03.mtn"}], "sakiko_angry04": [{"file": "sakiko替换动作位置/sakiko_angry04.mtn"}], "sakiko_angry05": [{"file": "sakiko替换动作位置/sakiko_angry05.mtn"}], "sakiko_angry06": [{"file": "sakiko替换动作位置/sakiko_angry06.mtn"}], "sakiko_angry07": [{"file": "sakiko替换动作位置/sakiko_angry07.mtn"}], "sakiko_bye01": [{"file": "sakiko替换动作位置/sakiko_bye01.mtn"}], "sakiko_bye02": [{"file": "sakiko替换动作位置/sakiko_bye02.mtn"}], "sakiko_cry01": [{"file": "sakiko替换动作位置/sakiko_cry01.mtn"}], "sakiko_cry02": [{"file": "sakiko替换动作位置/sakiko_cry02.mtn"}], "sakiko_cry03": [{"file": "sakiko替换动作位置/sakiko_cry03.mtn"}], "sakiko_cry04": [{"file": "sakiko替换动作位置/sakiko_cry04.mtn"}], "sakiko_cry05": [{"file": "sakiko替换动作位置/sakiko_cry05.mtn"}], "sakiko_idle01": [{"file": "sakiko替换动作位置/sakiko_idle01.mtn"}], "sakiko_kime01": [{"file": "sakiko替换动作位置/sakiko_kime01.mtn"}], "sakiko_nf01": [{"file": "sakiko替换动作位置/sakiko_nf01.mtn"}], "sakiko_nf02": [{"file": "sakiko替换动作位置/sakiko_nf02.mtn"}], "sakiko_nf03": [{"file": "sakiko替换动作位置/sakiko_nf03.mtn"}], "sakiko_nf04": [{"file": "sakiko替换动作位置/sakiko_nf04.mtn"}], "sakiko_nf05": [{"file": "sakiko替换动作位置/sakiko_nf05.mtn"}], "sakiko_nf_left01": [{"file": "sakiko替换动作位置/sakiko_nf_left01.mtn"}], "sakiko_nf_right01": [{"file": "sakiko替换动作位置/sakiko_nf_right01.mtn"}], "sakiko_nnf01": [{"file": "sakiko替换动作位置/sakiko_nnf01.mtn"}], "sakiko_nnf02": [{"file": "sakiko替换动作位置/sakiko_nnf02.mtn"}], "sakiko_nnf03": [{"file": "sakiko替换动作位置/sakiko_nnf03.mtn"}], "sakiko_nnf04": [{"file": "sakiko替换动作位置/sakiko_nnf04.mtn"}], "sakiko_nnf05": [{"file": "sakiko替换动作位置/sakiko_nnf05.mtn"}], "sakiko_nnf_left01": [{"file": "sakiko替换动作位置/sakiko_nnf_left01.mtn"}], "sakiko_nnf_right01": [{"file": "sakiko替换动作位置/sakiko_nnf_right01.mtn"}], "sakiko_nod01": [{"file": "sakiko替换动作位置/sakiko_nod01.mtn"}], "sakiko_odoodo01": [{"file": "sakiko替换动作位置/sakiko_odoodo01.mtn"}], "sakiko_sad01": [{"file": "sakiko替换动作位置/sakiko_sad01.mtn"}], "sakiko_sad02": [{"file": "sakiko替换动作位置/sakiko_sad02.mtn"}], "sakiko_serious01": [{"file": "sakiko替换动作位置/sakiko_serious01.mtn"}], "sakiko_serious02": [{"file": "sakiko替换动作位置/sakiko_serious02.mtn"}], "sakiko_shame01": [{"file": "sakiko替换动作位置/sakiko_shame01.mtn"}], "sakiko_shame02": [{"file": "sakiko替换动作位置/sakiko_shame02.mtn"}], "sakiko_sigh01": [{"file": "sakiko替换动作位置/sakiko_sigh01.mtn"}], "sakiko_sigh02": [{"file": "sakiko替换动作位置/sakiko_sigh02.mtn"}], "sakiko_smile01": [{"file": "sakiko替换动作位置/sakiko_smile01.mtn"}], "sakiko_smile02": [{"file": "sakiko替换动作位置/sakiko_smile02.mtn"}], "sakiko_smile03": [{"file": "sakiko替换动作位置/sakiko_smile03.mtn"}], "sakiko_smile04": [{"file": "sakiko替换动作位置/sakiko_smile04.mtn"}], "sakiko_smile05": [{"file": "sakiko替换动作位置/sakiko_smile05.mtn"}], "sakiko_smile06": [{"file": "sakiko替换动作位置/sakiko_smile06.mtn"}], "sakiko_surprised01": [{"file": "sakiko替换动作位置/sakiko_surprised01.mtn"}], "sakiko_surprised02": [{"file": "sakiko替换动作位置/sakiko_surprised02.mtn"}], "sakiko_thinking01": [{"file": "sakiko替换动作位置/sakiko_thinking01.mtn"}], "sakiko_thinking02": [{"file": "sakiko替换动作位置/sakiko_thinking02.mtn"}]}, "expressions": [{"name": "angry01", "file": "live2d/chara/023_general_rip/angry01.exp.json"}, {"name": "smile01", "file": "live2d/chara/023_general_rip/smile01.exp.json"}, {"name": "surprised01", "file": "live2d/chara/023_general_rip/surprised01.exp.json"}, {"name": "smile04", "file": "live2d/chara/023_general_rip/smile04.exp.json"}, {"name": "sad01", "file": "live2d/chara/023_general_rip/sad01.exp.json"}, {"name": "idle01", "file": "live2d/chara/023_general_rip/idle01.exp.json"}, {"name": "default", "file": "live2d/chara/023_general_rip/default.exp.json"}, {"name": "smile02", "file": "live2d/chara/023_general_rip/smile02.exp.json"}, {"name": "sakiko_angry01", "file": "sakiko替换动作位置/sakiko_angry01.exp.json"}, {"name": "sakiko_angry02", "file": "sakiko替换动作位置/sakiko_angry02.exp.json"}, {"name": "sakiko_angry07", "file": "sakiko替换动作位置/sakiko_angry07.exp.json"}, {"name": "sakiko_cry01", "file": "sakiko替换动作位置/sakiko_cry01.exp.json"}, {"name": "sakiko_cry02", "file": "sakiko替换动作位置/sakiko_cry02.exp.json"}, {"name": "sakiko_cry03", "file": "sakiko替换动作位置/sakiko_cry03.exp.json"}, {"name": "sakiko_cry04", "file": "sakiko替换动作位置/sakiko_cry04.exp.json"}, {"name": "sakiko_default", "file": "sakiko替换动作位置/sakiko_default.exp.json"}, {"name": "sakiko_idle01", "file": "sakiko替换动作位置/sakiko_idle01.exp.json"}, {"name": "sakiko_kime01", "file": "sakiko替换动作位置/sakiko_kime01.exp.json"}, {"name": "sakiko_odoodo01", "file": "sakiko替换动作位置/sakiko_odoodo01.exp.json"}, {"name": "sakiko_sad01", "file": "sakiko替换动作位置/sakiko_sad01.exp.json"}, {"name": "sakiko_sad02", "file": "sakiko替换动作位置/sakiko_sad02.exp.json"}, {"name": "sakiko_serious01", "file": "sakiko替换动作位置/sakiko_serious01.exp.json"}, {"name": "sakiko_serious02", "file": "sakiko替换动作位置/sakiko_serious02.exp.json"}, {"name": "sakiko_shame01", "file": "sakiko替换动作位置/sakiko_shame01.exp.json"}, {"name": "sakiko_shame02", "file": "sakiko替换动作位置/sakiko_shame02.exp.json"}, {"name": "sakiko_sigh01", "file": "sakiko替换动作位置/sakiko_sigh01.exp.json"}, {"name": "sakiko_sigh02", "file": "sakiko替换动作位置/sakiko_sigh02.exp.json"}, {"name": "sakiko_smile01", "file": "sakiko替换动作位置/sakiko_smile01.exp.json"}, {"name": "sakiko_smile02", "file": "sakiko替换动作位置/sakiko_smile02.exp.json"}, {"name": "sakiko_smile03", "file": "sakiko替换动作位置/sakiko_smile03.exp.json"}, {"name": "sakiko_smile04", "file": "sakiko替换动作位置/sakiko_smile04.exp.json"}, {"name": "sakiko_smile05", "file": "sakiko替换动作位置/sakiko_smile05.exp.json"}, {"name": "sakiko_smile06", "file": "sakiko替换动作位置/sakiko_smile06.exp.json"}, {"name": "sakiko_surprised01", "file": "sakiko替换动作位置/sakiko_surprised01.exp.json"}, {"name": "sakiko_surprised02", "file": "sakiko替换动作位置/sakiko_surprised02.exp.json"}, {"name": "sakiko_thinking01", "file": "sakiko替换动作位置/sakiko_thinking01.exp.json"}, {"name": "sakiko_thinking02", "file": "sakiko替换动作位置/sakiko_thinking02.exp.json"}]}