{"version": "Sample 1.0.0", "layout": {"center_x": 0, "center_y": 0, "width": 2}, "hit_areas_custom": {"head_x": [-0.25, 1], "head_y": [0.25, 0.2], "body_x": [-0.3, 0.2], "body_y": [0.3, -1.9]}, "model": "live2d/chara/025_live_event_291_ur_rip/rinko_event291.moc", "physics": "live2d/chara/025_live_event_291_ur_rip/rinko_event291.physics.json", "textures": ["live2d/chara/025_general_rip/texture_00.png", "live2d/chara/025_live_event_291_ur_rip/texture_01.png"], "motions": {"idle01": [{"file": "live2d/chara/025_general_rip/idle01.mtn"}], "nf02": [{"file": "live2d/chara/025_general_rip/nf02.mtn"}], "nf01": [{"file": "live2d/chara/025_general_rip/nf01.mtn"}], "nnf_left01": [{"file": "live2d/chara/025_general_rip/nnf_left01.mtn"}], "nnf02": [{"file": "live2d/chara/025_general_rip/nnf02.mtn"}], "serious01": [{"file": "live2d/chara/025_general_rip/serious01.mtn"}], "nnf05": [{"file": "live2d/chara/025_general_rip/nnf05.mtn"}], "kime01": [{"file": "live2d/chara/025_general_rip/kime01.mtn"}], "nnf01": [{"file": "live2d/chara/025_general_rip/nnf01.mtn"}], "nf_right01": [{"file": "live2d/chara/025_general_rip/nf_right01.mtn"}], "nf05": [{"file": "live2d/chara/025_general_rip/nf05.mtn"}], "nf03": [{"file": "live2d/chara/025_general_rip/nf03.mtn"}], "smile02": [{"file": "live2d/chara/025_general_rip/smile02.mtn"}], "smile03": [{"file": "live2d/chara/025_general_rip/smile03.mtn"}], "angry01": [{"file": "live2d/chara/025_general_rip/angry01.mtn"}], "nnf03": [{"file": "live2d/chara/025_general_rip/nnf03.mtn"}], "nnf_right01": [{"file": "live2d/chara/025_general_rip/nnf_right01.mtn"}], "nf04": [{"file": "live2d/chara/025_general_rip/nf04.mtn"}], "sad01": [{"file": "live2d/chara/025_general_rip/sad01.mtn"}], "nnf04": [{"file": "live2d/chara/025_general_rip/nnf04.mtn"}], "surprised01": [{"file": "live2d/chara/025_general_rip/surprised01.mtn"}], "nf_left01": [{"file": "live2d/chara/025_general_rip/nf_left01.mtn"}], "mitore01": [{"file": "live2d/chara/025_general_rip/mitore01.mtn"}], "shame01": [{"file": "live2d/chara/025_general_rip/shame01.mtn"}], "cry01": [{"file": "live2d/chara/025_general_rip/cry01.mtn"}], "smile01": [{"file": "live2d/chara/025_general_rip/smile01.mtn"}], "rui_angry01": [{"file": "rui替换动作位置/rui_angry01.mtn"}], "rui_bye01": [{"file": "rui替换动作位置/rui_bye01.mtn"}], "rui_idle01": [{"file": "rui替换动作位置/rui_idle01.mtn"}], "rui_kime01": [{"file": "rui替换动作位置/rui_kime01.mtn"}], "rui_nf01": [{"file": "rui替换动作位置/rui_nf01.mtn"}], "rui_nf02": [{"file": "rui替换动作位置/rui_nf02.mtn"}], "rui_nf03": [{"file": "rui替换动作位置/rui_nf03.mtn"}], "rui_nf04": [{"file": "rui替换动作位置/rui_nf04.mtn"}], "rui_nf05": [{"file": "rui替换动作位置/rui_nf05.mtn"}], "rui_nf_left01": [{"file": "rui替换动作位置/rui_nf_left01.mtn"}], "rui_nf_right01": [{"file": "rui替换动作位置/rui_nf_right01.mtn"}], "rui_nnf01": [{"file": "rui替换动作位置/rui_nnf01.mtn"}], "rui_nnf02": [{"file": "rui替换动作位置/rui_nnf02.mtn"}], "rui_nnf03": [{"file": "rui替换动作位置/rui_nnf03.mtn"}], "rui_nnf04": [{"file": "rui替换动作位置/rui_nnf04.mtn"}], "rui_nnf05": [{"file": "rui替换动作位置/rui_nnf05.mtn"}], "rui_nnf_left01": [{"file": "rui替换动作位置/rui_nnf_left01.mtn"}], "rui_nnf_right01": [{"file": "rui替换动作位置/rui_nnf_right01.mtn"}], "rui_odoodo01": [{"file": "rui替换动作位置/rui_odoodo01.mtn"}], "rui_sad01": [{"file": "rui替换动作位置/rui_sad01.mtn"}], "rui_sad02": [{"file": "rui替换动作位置/rui_sad02.mtn"}], "rui_serious01": [{"file": "rui替换动作位置/rui_serious01.mtn"}], "rui_serious02": [{"file": "rui替换动作位置/rui_serious02.mtn"}], "rui_sigh01": [{"file": "rui替换动作位置/rui_sigh01.mtn"}], "rui_sigh02": [{"file": "rui替换动作位置/rui_sigh02.mtn"}], "rui_smile01": [{"file": "rui替换动作位置/rui_smile01.mtn"}], "rui_smile03": [{"file": "rui替换动作位置/rui_smile03.mtn"}], "rui_surprised01": [{"file": "rui替换动作位置/rui_surprised01.mtn"}], "rui_thinking01": [{"file": "rui替换动作位置/rui_thinking01.mtn"}], "taki_ando01": [{"file": "taki替换动作位置/taki_ando01.mtn"}], "taki_angry01": [{"file": "taki替换动作位置/taki_angry01.mtn"}], "taki_angry02": [{"file": "taki替换动作位置/taki_angry02.mtn"}], "taki_angry03": [{"file": "taki替换动作位置/taki_angry03.mtn"}], "taki_angry04": [{"file": "taki替换动作位置/taki_angry04.mtn"}], "taki_bye01": [{"file": "taki替换动作位置/taki_bye01.mtn"}], "taki_bye02": [{"file": "taki替换动作位置/taki_bye02.mtn"}], "taki_cry01": [{"file": "taki替换动作位置/taki_cry01.mtn"}], "taki_cry02": [{"file": "taki替换动作位置/taki_cry02.mtn"}], "taki_idle01": [{"file": "taki替换动作位置/taki_idle01.mtn"}], "taki_kandou01": [{"file": "taki替换动作位置/taki_kandou01.mtn"}], "taki_kime01": [{"file": "taki替换动作位置/taki_kime01.mtn"}], "taki_nf01": [{"file": "taki替换动作位置/taki_nf01.mtn"}], "taki_nf02": [{"file": "taki替换动作位置/taki_nf02.mtn"}], "taki_nf03": [{"file": "taki替换动作位置/taki_nf03.mtn"}], "taki_nf04": [{"file": "taki替换动作位置/taki_nf04.mtn"}], "taki_nf05": [{"file": "taki替换动作位置/taki_nf05.mtn"}], "taki_nf_left01": [{"file": "taki替换动作位置/taki_nf_left01.mtn"}], "taki_nf_right01": [{"file": "taki替换动作位置/taki_nf_right01.mtn"}], "taki_nnf01": [{"file": "taki替换动作位置/taki_nnf01.mtn"}], "taki_nnf02": [{"file": "taki替换动作位置/taki_nnf02.mtn"}], "taki_nnf03": [{"file": "taki替换动作位置/taki_nnf03.mtn"}], "taki_nnf04": [{"file": "taki替换动作位置/taki_nnf04.mtn"}], "taki_nnf05": [{"file": "taki替换动作位置/taki_nnf05.mtn"}], "taki_nnf_left01": [{"file": "taki替换动作位置/taki_nnf_left01.mtn"}], "taki_nnf_right01": [{"file": "taki替换动作位置/taki_nnf_right01.mtn"}], "taki_pui01": [{"file": "taki替换动作位置/taki_pui01.mtn"}], "taki_sad01": [{"file": "taki替换动作位置/taki_sad01.mtn"}], "taki_sad02": [{"file": "taki替换动作位置/taki_sad02.mtn"}], "taki_sad03": [{"file": "taki替换动作位置/taki_sad03.mtn"}], "taki_serious01": [{"file": "taki替换动作位置/taki_serious01.mtn"}], "taki_serious02": [{"file": "taki替换动作位置/taki_serious02.mtn"}], "taki_shame01": [{"file": "taki替换动作位置/taki_shame01.mtn"}], "taki_shame02": [{"file": "taki替换动作位置/taki_shame02.mtn"}], "taki_sigh01": [{"file": "taki替换动作位置/taki_sigh01.mtn"}], "taki_sigh02": [{"file": "taki替换动作位置/taki_sigh02.mtn"}], "taki_smile01": [{"file": "taki替换动作位置/taki_smile01.mtn"}], "taki_smile02": [{"file": "taki替换动作位置/taki_smile02.mtn"}], "taki_smile03": [{"file": "taki替换动作位置/taki_smile03.mtn"}], "taki_smile04": [{"file": "taki替换动作位置/taki_smile04.mtn"}], "taki_surprised01": [{"file": "taki替换动作位置/taki_surprised01.mtn"}], "taki_surprised02": [{"file": "taki替换动作位置/taki_surprised02.mtn"}], "taki_thinking01": [{"file": "taki替换动作位置/taki_thinking01.mtn"}]}, "expressions": [{"name": "angry01", "file": "live2d/chara/025_general_rip/angry01.exp.json"}, {"name": "idle01", "file": "live2d/chara/025_general_rip/idle01.exp.json"}, {"name": "serious01", "file": "live2d/chara/025_general_rip/serious01.exp.json"}, {"name": "kime01", "file": "live2d/chara/025_general_rip/kime01.exp.json"}, {"name": "default", "file": "live2d/chara/025_general_rip/default.exp.json"}, {"name": "smile01", "file": "live2d/chara/025_general_rip/smile01.exp.json"}, {"name": "surprised01", "file": "live2d/chara/025_general_rip/surprised01.exp.json"}, {"name": "smile02", "file": "live2d/chara/025_general_rip/smile02.exp.json"}, {"name": "cry01", "file": "live2d/chara/025_general_rip/cry01.exp.json"}, {"name": "shame01", "file": "live2d/chara/025_general_rip/shame01.exp.json"}, {"name": "sad01", "file": "live2d/chara/025_general_rip/sad01.exp.json"}, {"name": "rui_angry01", "file": "rui替换动作位置/rui_angry01.exp.json"}, {"name": "rui_default", "file": "rui替换动作位置/rui_default.exp.json"}, {"name": "rui_idle01", "file": "rui替换动作位置/rui_idle01.exp.json"}, {"name": "rui_kime01", "file": "rui替换动作位置/rui_kime01.exp.json"}, {"name": "rui_sad01", "file": "rui替换动作位置/rui_sad01.exp.json"}, {"name": "rui_serious01", "file": "rui替换动作位置/rui_serious01.exp.json"}, {"name": "rui_smile01", "file": "rui替换动作位置/rui_smile01.exp.json"}, {"name": "rui_smile03", "file": "rui替换动作位置/rui_smile03.exp.json"}, {"name": "rui_surprised01", "file": "rui替换动作位置/rui_surprised01.exp.json"}, {"name": "taki_ando01", "file": "taki替换动作位置/taki_ando01.exp.json"}, {"name": "taki_angry01", "file": "taki替换动作位置/taki_angry01.exp.json"}, {"name": "taki_angry02", "file": "taki替换动作位置/taki_angry02.exp.json"}, {"name": "taki_angry03", "file": "taki替换动作位置/taki_angry03.exp.json"}, {"name": "taki_angry04", "file": "taki替换动作位置/taki_angry04.exp.json"}, {"name": "taki_bye01", "file": "taki替换动作位置/taki_bye01.exp.json"}, {"name": "taki_bye02", "file": "taki替换动作位置/taki_bye02.exp.json"}, {"name": "taki_cry01", "file": "taki替换动作位置/taki_cry01.exp.json"}, {"name": "taki_cry02", "file": "taki替换动作位置/taki_cry02.exp.json"}, {"name": "taki_default", "file": "taki替换动作位置/taki_default.exp.json"}, {"name": "taki_idle01", "file": "taki替换动作位置/taki_idle01.exp.json"}, {"name": "taki_kandou01", "file": "taki替换动作位置/taki_kandou01.exp.json"}, {"name": "taki_kime01", "file": "taki替换动作位置/taki_kime01.exp.json"}, {"name": "taki_pui01", "file": "taki替换动作位置/taki_pui01.exp.json"}, {"name": "taki_sad01", "file": "taki替换动作位置/taki_sad01.exp.json"}, {"name": "taki_sad02", "file": "taki替换动作位置/taki_sad02.exp.json"}, {"name": "taki_sad03", "file": "taki替换动作位置/taki_sad03.exp.json"}, {"name": "taki_serious01", "file": "taki替换动作位置/taki_serious01.exp.json"}, {"name": "taki_serious02", "file": "taki替换动作位置/taki_serious02.exp.json"}, {"name": "taki_shame01", "file": "taki替换动作位置/taki_shame01.exp.json"}, {"name": "taki_shame02", "file": "taki替换动作位置/taki_shame02.exp.json"}, {"name": "taki_sigh01", "file": "taki替换动作位置/taki_sigh01.exp.json"}, {"name": "taki_sigh02", "file": "taki替换动作位置/taki_sigh02.exp.json"}, {"name": "taki_smile01", "file": "taki替换动作位置/taki_smile01.exp.json"}, {"name": "taki_smile02", "file": "taki替换动作位置/taki_smile02.exp.json"}, {"name": "taki_smile03", "file": "taki替换动作位置/taki_smile03.exp.json"}, {"name": "taki_smile04", "file": "taki替换动作位置/taki_smile04.exp.json"}, {"name": "taki_surprised01", "file": "taki替换动作位置/taki_surprised01.exp.json"}, {"name": "taki_surprised02", "file": "taki替换动作位置/taki_surprised02.exp.json"}, {"name": "taki_thinking01", "file": "taki替换动作位置/taki_thinking01.exp.json"}]}