{
  "version": "Sample 1.0.0",
  "type": 0,
  "model": "Sakiko_341_短款女仆装_v1.9/sakiko_school_summer-2023.moc",
  "textures": [
    "341_general/texture_00.png",
    "Sakiko_341_短款女仆装_v1.9/texture_01_Soyo签名.png"
  ],
  "controllers": {
    "param_hit": {},
    "param_loop": {},
    "key_trigger": {},
    "param_trigger": {},
    "area_trigger": {},
    "hand_trigger": {},
    "eye_blink": {
      "min_interval": 500,
      "max_interval": 6000,
      "enabled": true
    },
    "lip_sync": {
      "gain": 5.0,
      "enabled": true
    },
    "mouse_tracking": {
      "smooth_time": 0.15,
      "enabled": true
    },
    "auto_breath": {
      "enabled": true
    },
    "extra_motion": {
      "enabled": true
    },
    "accelerometer": {
      "enabled": true
    },
    "microphone": {},
    "transform": {},
    "face_tracking": {
      "enabled": true
    },
    "hand_tracking": {},
    "param_value": {
      "enabled": true
    },
    "part_opacity": {},
    "artmesh_opacity": {},
    "artmesh_color": {},
    "artmesh_culling": {
      "default_mode": 0
    },
    "intimacy_system": {}
  },
  "hit_areas": [
    {
      "name": "D_PSD.177",
      "id": "D_PSD.177",
      "order": 2,
      "motion": "nekodere01"
    },
    {
      "name": "D_PSD1.07",
      "id": "D_PSD1.07",
      "motion": "shame01"
    }
  ],
  "motions": {
    "nf_left01": [
      {
        "file": "341_general/nf_left01.mtn"
      }
    ],
    "cry04": [
      {
        "file": "341_general/cry04.mtn"
      }
    ],
    "nnf01": [
      {
        "file": "341_general/nnf01.mtn"
      }
    ],
    "kime01": [
      {
        "file": "341_general/kime01.mtn"
      }
    ],
    "cry01": [
      {
        "file": "341_general/cry01.mtn"
      }
    ],
    "angry05": [
      {
        "file": "341_general/angry05.mtn"
      }
    ],
    "nf_right01": [
      {
        "file": "341_general/nf_right01.mtn"
      }
    ],
    "nf04": [
      {
        "file": "341_general/nf04.mtn"
      }
    ],
    "nnf_right01": [
      {
        "file": "341_general/nnf_right01.mtn"
      }
    ],
    "nod01": [
      {
        "file": "341_general/nod01.mtn"
      }
    ],
    "shame02": [
      {
        "file": "341_general/shame02.mtn"
      }
    ],
    "nnf_left01": [
      {
        "file": "341_general/nnf_left01.mtn"
      }
    ],
    "nnf_left02": [
      {
        "file": "341_general/nnf_left02.mtn"
      }
    ],
    "angry07": [
      {
        "file": "341_general/angry07.mtn"
      }
    ],
    "nf03": [
      {
        "file": "341_general/nf03.mtn"
      }
    ],
    "Kiss_L01U": [
      {
        "file": "341_general/kiss_nnfL01_up_v4.mtn"
      }
    ],
    "Kiss_R01U": [
      {
        "file": "341_general/kiss_nnfR01_up_v4.mtn"
      }
    ],
    "nekodere01": [
      {
        "file": "341_general/nekodere01.mtn"
      }
    ],
    "sigh01": [
      {
        "file": "341_general/sigh01.mtn"
      }
    ],
    "nnf04": [
      {
        "file": "341_general/nnf04.mtn"
      }
    ],
    "nnf05": [
      {
        "file": "341_general/nnf05.mtn"
      }
    ],
    "sigh02": [
      {
        "file": "341_general/sigh02.mtn"
      }
    ],
    "nf01": [
      {
        "file": "341_general/nf01.mtn"
      }
    ],
    "smile04": [
      {
        "file": "341_general/smile04.mtn"
      }
    ],
    "thinking01": [
      {
        "file": "341_general/thinking01.mtn"
      }
    ],
    "nf05": [
      {
        "file": "341_general/nf05.mtn"
      }
    ],
    "surprised02": [
      {
        "file": "341_general/surprised02.mtn"
      }
    ],
    "bye01": [
      {
        "file": "341_general/bye01.mtn"
      }
    ],
    "bye02": [
      {
        "file": "341_general/bye02.mtn"
      }
    ],
    "odoodo01": [
      {
        "file": "341_general/odoodo01.mtn"
      }
    ],
    "serious01": [
      {
        "file": "341_general/serious01.mtn"
      }
    ],
    "smile03": [
      {
        "file": "341_general/smile03.mtn"
      }
    ],
    "nnf03": [
      {
        "file": "341_general/nnf03.mtn"
      }
    ],
    "angry04": [
      {
        "file": "341_general/angry04.mtn"
      }
    ],
    "angry02": [
      {
        "file": "341_general/angry02.mtn"
      }
    ],
    "sad01": [
      {
        "file": "341_general/sad01.mtn"
      }
    ],
    "nf02": [
      {
        "file": "341_general/nf02.mtn"
      }
    ],
    "surprised01": [
      {
        "file": "341_general/surprised01.mtn"
      }
    ],
    "cry03": [
      {
        "file": "341_general/cry03.mtn"
      }
    ],
    "smile02": [
      {
        "file": "341_general/smile02.mtn"
      }
    ],
    "smile05": [
      {
        "file": "341_general/smile05.mtn"
      }
    ],
    "cry05": [
      {
        "file": "341_general/cry05.mtn"
      }
    ],
    "angry01": [
      {
        "file": "341_general/angry01.mtn"
      }
    ],
    "serious02": [
      {
        "file": "341_general/serious02.mtn"
      }
    ],
    "cry02": [
      {
        "file": "341_general/cry02.mtn"
      }
    ],
    "nnf02": [
      {
        "file": "341_general/nnf02.mtn"
      }
    ],
    "牵左手": [
      {
        "file": "341_general/idle_H01R.mtn"
      }
    ],
    "牵右手": [
      {
        "file": "341_general/idle_H01L.mtn"
      }
    ],
    "angry03": [
      {
        "file": "341_general/angry03.mtn"
      }
    ],
    "smile01": [
      {
        "file": "341_general/smile01.mtn"
      }
    ],
    "thinking02": [
      {
        "file": "341_general/thinking02.mtn"
      }
    ],
    "smile06": [
      {
        "file": "341_general/smile06.mtn"
      }
    ],
    "angry06": [
      {
        "file": "341_general/angry06.mtn"
      }
    ],
    "idle01": [
      {
        "file": "341_general/idle01.mtn"
      }
    ],
    "sad02": [
      {
        "file": "341_general/sad02.mtn"
      }
    ],
    "shame01R": [
      {
        "file": "341_general/Rin_shame01.mtn"
      }
    ],
    "shame01S": [
      {
        "file": "341_general/Sayo_shame01.mtn"
      }
    ],
    "shame01": [
      {
        "file": "341_general/shame01.mtn"
      }
    ]
  },
  "expressions": [
    {
      "name": "smile06",
      "file": "341_general/smile06.exp.json"
    },
    {
      "name": "serious02",
      "file": "341_general/serious02.exp.json"
    },
    {
      "name": "idle01",
      "file": "341_general/idle01.exp.json"
    },
    {
      "name": "thinking02",
      "file": "341_general/thinking02.exp.json"
    },
    {
      "name": "sad02",
      "file": "341_general/sad02.exp.json"
    },
    {
      "name": "cry02",
      "file": "341_general/cry02.exp.json"
    },
    {
      "name": "angry01",
      "file": "341_general/angry01.exp.json"
    },
    {
      "name": "shame01",
      "file": "341_general/shame01.exp.json"
    },
    {
      "name": "smile05",
      "file": "341_general/smile05.exp.json"
    },
    {
      "name": "smile03",
      "file": "341_general/smile03.exp.json"
    },
    {
      "name": "shame02",
      "file": "341_general/shame02.exp.json"
    },
    {
      "name": "sigh01",
      "file": "341_general/sigh01.exp.json"
    },
    {
      "name": "cry04",
      "file": "341_general/cry04.exp.json"
    },
    {
      "name": "smile02",
      "file": "341_general/smile02.exp.json"
    },
    {
      "name": "serious01",
      "file": "341_general/serious01.exp.json"
    },
    {
      "name": "default",
      "file": "341_general/default.exp.json"
    },
    {
      "name": "odoodo01",
      "file": "341_general/odoodo01.exp.json"
    },
    {
      "name": "cry03",
      "file": "341_general/cry03.exp.json"
    },
    {
      "name": "右转身",
      "file": "341_general/R_boby.exp.json"
    },
    {
      "name": "左转身",
      "file": "341_general/L_boby.exp.json"
    },
    {
      "name": "娇羞",
      "file": "341_general/JiaoXiu.exp.json"
    },
    {
      "name": "surprised02",
      "file": "341_general/surprised02.exp.json"
    },
    {
      "name": "sad01",
      "file": "341_general/sad01.exp.json"
    },
    {
      "name": "sigh02",
      "file": "341_general/sigh02.exp.json"
    },
    {
      "name": "smile01",
      "file": "341_general/smile01.exp.json"
    },
    {
      "name": "smile04",
      "file": "341_general/smile04.exp.json"
    },
    {
      "name": "surprised01",
      "file": "341_general/surprised01.exp.json"
    },
    {
      "name": "cry01",
      "file": "341_general/cry01.exp.json"
    },
    {
      "name": "thinking01",
      "file": "341_general/thinking01.exp.json"
    },
    {
      "name": "kime01",
      "file": "341_general/kime01.exp.json"
    },
    {
      "name": "angry07",
      "file": "341_general/angry07.exp.json"
    },
    {
      "name": "angry02",
      "file": "341_general/angry02.exp.json"
    }
  ],
  "physics": "Sakiko_341_短款女仆装_Soyo签名版_v1.8/sakiko_school_summer-2023.physics.json",
  "physics_v2": {
    "file": "Sakiko_341_短款女仆装_Soyo签名版_v1.8/sakiko_school_summer-2023.physics.json"
  },
  "options": {}
}