{
  "type": "Live2D Expression",
  "fade_in": 500,
  "fade_out": 500,
  "params": [
    {
      "id": "PARAM_EYE_R_OPEN",
      "val": 0.87,
      "calc": "mult"
    },
    {
      "id": "PARAM_EYE_L_OPEN",
      "val": 0.87,
      "calc": "mult"
    },
    {
      "id": "PARAM_BROW_R_X",
      "val": 0.1
    },
    {
      "id": "PARAM_BROW_L_X",
      "val": 0.1
    },
    {
      "id": "PARAM_MOUTH_FORM_01",
      "val": -0.25
    },
    {
      "id": "PARAM_MOUTH_OPEN_Y",
      "val": 0.74
    },
    {
      "id": "PARAM_MOUTH_SCALE",
      "val": -1
    },
    {
      "id": "PARAM_CHEEK",
      "val": 0.6
    },
    {
      "id": "PARAM_CHEEK2",
      "val": 1
    }
  ]
}