{"version": "Sample 1.0.0", "layout": {"center_x": 0, "center_y": 0, "width": 2}, "hit_areas_custom": {"head_x": [-0.25, 1], "head_y": [0.25, 0.2], "body_x": [-0.3, 0.2], "body_y": [0.3, -1.9]}, "model": "live2d/chara/019_casual-2023_rip/maya_casual-2023.moc", "physics": "live2d/chara/019_casual-2023_rip/maya_casual-2023.physics.json", "textures": ["live2d/chara/019_general_rip/texture_00.png", "live2d/chara/019_casual-2023_rip/texture_01.png"], "motions":{"Soyo-ando01":[{"file":"live2d/chara/019_general_rip/Soyo-ando01.mtn"}],
"Soyo-angry01":[{"file":"live2d/chara/019_general_rip/Soyo-angry01.mtn"}],
"Soyo-angry02":[{"file":"live2d/chara/019_general_rip/Soyo-angry02.mtn"}],
"Soyo-angry03":[{"file":"live2d/chara/019_general_rip/Soyo-angry03.mtn"}],
"Soyo-bye01":[{"file":"live2d/chara/019_general_rip/Soyo-bye01.mtn"}],
"Soyo-bye02":[{"file":"live2d/chara/019_general_rip/Soyo-bye02.mtn"}],
"Soyo-cry01":[{"file":"live2d/chara/019_general_rip/Soyo-cry01.mtn"}],
"Soyo-cry02":[{"file":"live2d/chara/019_general_rip/Soyo-cry02.mtn"}],
"Soyo-idle01":[{"file":"live2d/chara/019_general_rip/Soyo-idle01.mtn"}],
"Soyo-kandou01":[{"file":"live2d/chara/019_general_rip/Soyo-kandou01.mtn"}],
"Soyo-kime01":[{"file":"live2d/chara/019_general_rip/Soyo-kime01.mtn"}],
"Soyo-nf01":[{"file":"live2d/chara/019_general_rip/Soyo-nf01.mtn"}],
"Soyo-nf02":[{"file":"live2d/chara/019_general_rip/Soyo-nf02.mtn"}],
"Soyo-nf03":[{"file":"live2d/chara/019_general_rip/Soyo-nf03.mtn"}],
"Soyo-nf04":[{"file":"live2d/chara/019_general_rip/Soyo-nf04.mtn"}],
"Soyo-nf05":[{"file":"live2d/chara/019_general_rip/Soyo-nf05.mtn"}],
"Soyo-nf_left01":[{"file":"live2d/chara/019_general_rip/Soyo-nf_left01.mtn"}],
"Soyo-nf_right01":[{"file":"live2d/chara/019_general_rip/Soyo-nf_right01.mtn"}],
"Soyo-nnf01":[{"file":"live2d/chara/019_general_rip/Soyo-nnf01.mtn"}],
"Soyo-nnf02":[{"file":"live2d/chara/019_general_rip/Soyo-nnf02.mtn"}],
"Soyo-nnf03":[{"file":"live2d/chara/019_general_rip/Soyo-nnf03.mtn"}],
"Soyo-nnf04":[{"file":"live2d/chara/019_general_rip/Soyo-nnf04.mtn"}],
"Soyo-nnf05":[{"file":"live2d/chara/019_general_rip/Soyo-nnf05.mtn"}],
"Soyo-nnf_left01":[{"file":"live2d/chara/019_general_rip/Soyo-nnf_left01.mtn"}],
"Soyo-nnf_right01":[{"file":"live2d/chara/019_general_rip/Soyo-nnf_right01.mtn"}],
"Soyo-odoodo01":[{"file":"live2d/chara/019_general_rip/Soyo-odoodo01.mtn"}],
"Soyo-sad01":[{"file":"live2d/chara/019_general_rip/Soyo-sad01.mtn"}],
"Soyo-sad02":[{"file":"live2d/chara/019_general_rip/Soyo-sad02.mtn"}],
"Soyo-sad03":[{"file":"live2d/chara/019_general_rip/Soyo-sad03.mtn"}],
"Soyo-serious01":[{"file":"live2d/chara/019_general_rip/Soyo-serious01.mtn"}],
"Soyo-serious02":[{"file":"live2d/chara/019_general_rip/Soyo-serious02.mtn"}],
"Soyo-serious03":[{"file":"live2d/chara/019_general_rip/Soyo-serious03.mtn"}],
"Soyo-serious04":[{"file":"live2d/chara/019_general_rip/Soyo-serious04.mtn"}],
"Soyo-shame01":[{"file":"live2d/chara/019_general_rip/Soyo-shame01.mtn"}],
"Soyo-shame02":[{"file":"live2d/chara/019_general_rip/Soyo-shame02.mtn"}],
"Soyo-smile01":[{"file":"live2d/chara/019_general_rip/Soyo-smile01.mtn"}],
"Soyo-smile02":[{"file":"live2d/chara/019_general_rip/Soyo-smile02.mtn"}],
"Soyo-smile03":[{"file":"live2d/chara/019_general_rip/Soyo-smile03.mtn"}],
"Soyo-smile04":[{"file":"live2d/chara/019_general_rip/Soyo-smile04.mtn"}],
"Soyo-smile05":[{"file":"live2d/chara/019_general_rip/Soyo-smile05.mtn"}],
"Soyo-surprised01":[{"file":"live2d/chara/019_general_rip/Soyo-surprised01.mtn"}],
"Soyo-thinking01":[{"file":"live2d/chara/019_general_rip/Soyo-thinking01.mtn"}],
"Soyo-thinking02":[{"file":"live2d/chara/019_general_rip/Soyo-thinking02.mtn"}],
"Soyo-wink01":[{"file":"live2d/chara/019_general_rip/Soyo-wink01.mtn"}]},"expressions":[{"name":"Soyo-ando01.exp","file":"live2d/chara/019_general_rip/Soyo-ando01.exp.exp.json"}, 
{"name":"Soyo-angry01.exp","file":"live2d/chara/019_general_rip/Soyo-angry01.exp.exp.json"}, 
{"name":"Soyo-angry02.exp","file":"live2d/chara/019_general_rip/Soyo-angry02.exp.exp.json"}, 
{"name":"Soyo-angry03.exp","file":"live2d/chara/019_general_rip/Soyo-angry03.exp.exp.json"}, 
{"name":"Soyo-bye01.exp","file":"live2d/chara/019_general_rip/Soyo-bye01.exp.exp.json"}, 
{"name":"Soyo-bye02.exp","file":"live2d/chara/019_general_rip/Soyo-bye02.exp.exp.json"}, 
{"name":"Soyo-cry01.exp","file":"live2d/chara/019_general_rip/Soyo-cry01.exp.exp.json"}, 
{"name":"Soyo-cry02.exp","file":"live2d/chara/019_general_rip/Soyo-cry02.exp.exp.json"}, 
{"name":"Soyo-default.exp","file":"live2d/chara/019_general_rip/Soyo-default.exp.exp.json"}, 
{"name":"Soyo-idle01.exp","file":"live2d/chara/019_general_rip/Soyo-idle01.exp.exp.json"}, 
{"name":"Soyo-kandou01.exp","file":"live2d/chara/019_general_rip/Soyo-kandou01.exp.exp.json"}, 
{"name":"Soyo-kime01.exp","file":"live2d/chara/019_general_rip/Soyo-kime01.exp.exp.json"}, 
{"name":"Soyo-odoodo01.exp","file":"live2d/chara/019_general_rip/Soyo-odoodo01.exp.exp.json"}, 
{"name":"Soyo-sad01.exp","file":"live2d/chara/019_general_rip/Soyo-sad01.exp.exp.json"}, 
{"name":"Soyo-sad02.exp","file":"live2d/chara/019_general_rip/Soyo-sad02.exp.exp.json"}, 
{"name":"Soyo-sad03.exp","file":"live2d/chara/019_general_rip/Soyo-sad03.exp.exp.json"}, 
{"name":"Soyo-serious01.exp","file":"live2d/chara/019_general_rip/Soyo-serious01.exp.exp.json"}, 
{"name":"Soyo-serious02.exp","file":"live2d/chara/019_general_rip/Soyo-serious02.exp.exp.json"}, 
{"name":"Soyo-serious03.exp","file":"live2d/chara/019_general_rip/Soyo-serious03.exp.exp.json"}, 
{"name":"Soyo-serious04.exp","file":"live2d/chara/019_general_rip/Soyo-serious04.exp.exp.json"}, 
{"name":"Soyo-shame01.exp","file":"live2d/chara/019_general_rip/Soyo-shame01.exp.exp.json"}, 
{"name":"Soyo-shame02.exp","file":"live2d/chara/019_general_rip/Soyo-shame02.exp.exp.json"}, 
{"name":"Soyo-smile01.exp","file":"live2d/chara/019_general_rip/Soyo-smile01.exp.exp.json"}, 
{"name":"Soyo-smile02.exp","file":"live2d/chara/019_general_rip/Soyo-smile02.exp.exp.json"}, 
{"name":"Soyo-smile03.exp","file":"live2d/chara/019_general_rip/Soyo-smile03.exp.exp.json"}, 
{"name":"Soyo-smile04.exp","file":"live2d/chara/019_general_rip/Soyo-smile04.exp.exp.json"}, 
{"name":"Soyo-smile05.exp","file":"live2d/chara/019_general_rip/Soyo-smile05.exp.exp.json"}, 
{"name":"Soyo-surprised01.exp","file":"live2d/chara/019_general_rip/Soyo-surprised01.exp.exp.json"}, 
{"name":"Soyo-thinking01.exp","file":"live2d/chara/019_general_rip/Soyo-thinking01.exp.exp.json"}, 
{"name":"Soyo-thinking02.exp","file":"live2d/chara/019_general_rip/Soyo-thinking02.exp.exp.json"}, 
{"name":"Soyo-wink01.exp","file":"live2d/chara/019_general_rip/Soyo-wink01.exp.exp.json"}]}