{"type":"Live2D Expression","fade_in":500,"fade_out":500,"params":[{"id":"PARAM_EYE_R_OPEN","val":0.81,"calc":"mult"},{"id":"PARAM_EYE_R_SMILE","val":1},{"id":"PARAM_EYELID_R","val":-0.23},{"id":"PARAM_EYE_L_OPEN","val":0.81,"calc":"mult"},{"id":"PARAM_EYE_L_SMILE","val":1},{"id":"PARAM_EYELID_L","val":-0.21},{"id":"PARAM_TEAR","val":1},{"id":"PARAM_BROW_R_Y","val":-0.4},{"id":"PARAM_BROW_R_X","val":-0.15},{"id":"PARAM_BROW_R_ANGLE","val":0.41},{"id":"PARAM_BROW_R_FORM","val":-0.5},{"id":"PARAM_BROW_L_Y","val":-0.4},{"id":"PARAM_BROW_L_X","val":-0.15},{"id":"PARAM_BROW_L_ANGLE","val":0.41},{"id":"PARAM_BROW_L_FORM","val":-0.5},{"id":"PARAM_MOUTH_FORM_01","val":-0.15},{"id":"PARAM_MOUTH_SCALE","val":1},{"id":"PARAM_CHEEK","val":0.58},{"id":"PARAM_CHEEK2","val":1}]}