{"version":"Sample 1.0.0","type":0,"model":"Anon_月之森冬装_代餐版_v0.8/anon_school_winter-2023.moc","textures":["037_general/texture_00_Saki.png","Anon_月之森冬装_代餐版_v0.8/texture_01.png"],"motions":{"nf02":[{"file":"037_general/nf02.mtn"}],
"cry01":[{"file":"037_general/cry01.mtn"}],
"nf04":[{"file":"037_general/nf04.mtn"}],
"nnf_left01":[{"file":"037_general/nnf_left01.mtn"}],
"nnf_right01":[{"file":"037_general/nnf_right01.mtn"}],
"nnf03":[{"file":"037_general/nnf03.mtn"}],
"nf_left01":[{"file":"037_general/nf_left01.mtn"}],
"nnf04":[{"file":"037_general/nnf04.mtn"}],
"nnf05":[{"file":"037_general/nnf05.mtn"}],
"angry01":[{"file":"037_general/angry01.mtn"}],
"idle01":[{"file":"037_general/idle01.mtn"}],
"nf05":[{"file":"037_general/nf05.mtn"}],
"cry02":[{"file":"037_general/cry02.mtn"}],
"smile02":[{"file":"037_general/smile02.mtn"}],
"nnf01":[{"file":"037_general/nnf01.mtn"}],
"nf03":[{"file":"037_general/nf03.mtn"}],
"bye01":[{"file":"037_general/bye01.mtn"}],
"angry04":[{"file":"037_general/angry04.mtn"}],
"nf_right01":[{"file":"037_general/nf_right01.mtn"}],
"kime01":[{"file":"037_general/kime01.mtn"}],
"smile01":[{"file":"037_general/smile01.mtn"}],
"shame01":[{"file":"037_general/shame01.mtn"}],
"nf01":[{"file":"037_general/nf01.mtn"}],
"serious01":[{"file":"037_general/serious01.mtn"}],
"angry03":[{"file":"037_general/angry03.mtn"}],
"angry02":[{"file":"037_general/angry02.mtn"}],
"kandou01":[{"file":"037_general/kandou01.mtn"}],
"shame02":[{"file":"037_general/shame02.mtn"}],
"serious02":[{"file":"037_general/serious02.mtn"}],
"thinking01":[{"file":"037_general/thinking01.mtn"}],
"kime02":[{"file":"037_general/kime02.mtn"}],
"surprised01":[{"file":"037_general/surprised01.mtn"}],
"sad02":[{"file":"037_general/sad02.mtn"}],
"thinking03":[{"file":"037_general/thinking03.mtn"}],
"thinking02":[{"file":"037_general/thinking02.mtn"}],
"kandou02":[{"file":"037_general/kandou02.mtn"}],
"wink01":[{"file":"037_general/wink01.mtn"}],
"smile04":[{"file":"037_general/smile04.mtn"}],
"sad01":[{"file":"037_general/sad01.mtn"}],
"smile03":[{"file":"037_general/smile03.mtn"}],
"nnf02":[{"file":"037_general/nnf02.mtn"}],"Sk_nf_left01":[{"file":"341_general/nf_left01.mtn"}],
"Sk_odoodo01":[{"file":"341_general/odoodo01.mtn"}],
"Sk_surprised01":[{"file":"341_general/surprised01.mtn"}],
"Sk_nf01":[{"file":"341_general/nf01.mtn"}],
"Sk_nf11":[{"file":"341_general/nf11.mtn"}],
"Sk_cry01":[{"file":"341_general/cry01.mtn"}],
"Sk_cry11":[{"file":"341_general/cry11.mtn"}],
"Sk_cry12":[{"file":"341_general/cry12.mtn"}],
"Sk_cry13":[{"file":"341_general/cry13.mtn"}],
"Sk_cry14":[{"file":"341_general/cry14.mtn"}],
"Sk_nnf01":[{"file":"341_general/nnf01.mtn"}],
"Sk_angry05":[{"file":"341_general/angry05.mtn"}],
"Sk_angry07":[{"file":"341_general/angry07.mtn"}],
"Sk_surprised02":[{"file":"341_general/surprised02.mtn"}],
"Sk_surprised03":[{"file":"341_general/surprised03.mtn"}],
"Sk_surprised11":[{"file":"341_general/surprised11.mtn"}],
"Sk_surprised12":[{"file":"341_general/surprised12.mtn"}],
"Sk_sad01":[{"file":"341_general/sad01.mtn"}],
"Sk_sad11":[{"file":"341_general/sad11.mtn"}],
"Sk_bye02":[{"file":"341_general/bye02.mtn"}],
"Sk_nnf05":[{"file":"341_general/nnf05.mtn"}],
"Sk_angry02":[{"file":"341_general/angry02.mtn"}],
"Sk_smile03":[{"file":"341_general/smile03.mtn"}],
"Sk_nnf03":[{"file":"341_general/nnf03.mtn"}],
"Sk_nnf_right01":[{"file":"341_general/nnf_right01.mtn"}],
"Sk_nnf02":[{"file":"341_general/nnf02.mtn"}],
"Sk_angry01":[{"file":"341_general/angry01.mtn"}],
"Sk_smile01":[{"file":"341_general/smile01.mtn"}],
"Sk_idle01":[{"file":"341_general/idle01.mtn"}],
"Sk_smile02":[{"file":"341_general/smile02.mtn"}],
"Sk_nnf_left01":[{"file":"341_general/nnf_left01.mtn"}],
"Sk_shame01":[{"file":"341_general/shame01.mtn"}],
"Sk_nf05":[{"file":"341_general/nf05.mtn"}],
"Sk_nf03":[{"file":"341_general/nf03.mtn"}],
"Sk_cry02":[{"file":"341_general/cry02.mtn"}],
"Sk_nnf04":[{"file":"341_general/nnf04.mtn"}],
"Sk_nf_right01":[{"file":"341_general/nf_right01.mtn"}],
"Sk_serious01":[{"file":"341_general/serious01.mtn"}],
"Sk_smile05":[{"file":"341_general/smile05.mtn"}],
"Sk_nf02":[{"file":"341_general/nf02.mtn"}],
"Sk_thinking01":[{"file":"341_general/thinking01.mtn"}],
"Sk_angry03":[{"file":"341_general/angry03.mtn"}],
"Sk_cry03":[{"file":"341_general/cry03.mtn"}],
"Sk_angry04":[{"file":"341_general/angry04.mtn"}],
"Sk_bye01":[{"file":"341_general/bye01.mtn"}],
"Sk_cry04":[{"file":"341_general/cry04.mtn"}],
"Sk_angry06":[{"file":"341_general/angry06.mtn"}],
"Sk_sad02":[{"file":"341_general/sad02.mtn"}],
"Sk_shame02":[{"file":"341_general/shame02.mtn"}],
"Sk_shame11":[{"file":"341_general/shame11.mtn"}],
"Sk_thinking02":[{"file":"341_general/thinking02.mtn"}],
"Sk_serious02":[{"file":"341_general/serious02.mtn"}],
"Sk_sigh01":[{"file":"341_general/sigh01.mtn"}],
"Sk_kime01":[{"file":"341_general/kime01.mtn"}],
"Sk_kime02":[{"file":"341_general/kime02.mtn"}],
"Sk_nod01":[{"file":"341_general/nod01.mtn"}],
"Sk_sigh02":[{"file":"341_general/sigh02.mtn"}],
"Sk_smile04":[{"file":"341_general/smile04.mtn"}],
"Sk_nf04":[{"file":"341_general/nf04.mtn"}],
"Sk_挺好颜01":[{"file":"341_general/TingHao1.mtn"}],
"Sk_挺好颜02":[{"file":"341_general/TingHao2.mtn"}],
"Sk_Kiss_L01U":[{"file":"341_general/kiss_nnfL01_up_v4.mtn"}],
"Sk_Kiss_R01U":[{"file":"341_general/kiss_nnfR01_up_v4.mtn"}],
"Sk_nnf10":[{"file":"341_general/nnf10.mtn"}],
"Sk_nnf11":[{"file":"341_general/nnf11.mtn"}],
"Sk_nnf12":[{"file":"341_general/nnf12.mtn"}],
"Sk_smile10":[{"file":"341_general/smile10.mtn"}],
"Sk_thinking03":[{"file":"341_general/thinking03.mtn"}],
"Sk_serious10":[{"file":"341_general/serious10.mtn"}],
"Sk_sigh10":[{"file":"341_general/sigh10.mtn"}],
"Sk_cry05":[{"file":"341_general/cry05.mtn"}]},"expressions":[{"name":"surprised01","file":"037_general/surprised01.exp.json"},{"name":"smile01","file":"037_general/smile01.exp.json"},{"name":"angry01","file":"037_general/angry01.exp.json"},{"name":"angry03","file":"037_general/angry03.exp.json"},{"name":"wink01","file":"037_general/wink01.exp.json"},{"name":"cry01","file":"037_general/cry01.exp.json"},{"name":"thinking01","file":"037_general/thinking01.exp.json"},{"name":"idle01","file":"037_general/idle01.exp.json"},{"name":"kime02","file":"037_general/kime02.exp.json"},{"name":"smile02","file":"037_general/smile02.exp.json"},{"name":"serious02","file":"037_general/serious02.exp.json"},{"name":"thinking02","file":"037_general/thinking02.exp.json"},{"name":"shame02","file":"037_general/shame02.exp.json"},{"name":"bye01","file":"037_general/bye01.exp.json"},{"name":"sad02","file":"037_general/sad02.exp.json"},{"name":"angry02","file":"037_general/angry02.exp.json"},{"name":"shame01","file":"037_general/shame01.exp.json"},{"name":"smile03","file":"037_general/smile03.exp.json"},{"name":"左转身","file":"037_general/L_Boby.exp.json"},{"name":"右转身","file":"037_general/R_Boby.exp.json"},{"name":"kandou01","file":"037_general/kandou01.exp.json"},{"name":"kandou02","file":"037_general/kandou02.exp.json"},{"name":"smile04","file":"037_general/smile04.exp.json"},{"name":"kime01","file":"037_general/kime01.exp.json"},{"name":"serious01","file":"037_general/serious01.exp.json"},{"name":"sad01","file":"037_general/sad01.exp.json"},{"name":"cry02","file":"037_general/cry02.exp.json"},{"name":"thinking03","file":"037_general/thinking03.exp.json"},{"name":"default","file":"037_general/default.exp.json"},{"name":"angry04","file":"037_general/angry04.exp.json"}],
"physics":"037_school_winter-2023/anon_school_winter-2023.physics.json","physics_v2":{"file":"037_school_winter-2023/anon_school_winter-2023.physics.json"},"options":{}}