{
  "version": "Sample 1.0.0",
  "type": 0,
  "model": "live2d/chara/339_school_winter-2023_rip/umiri_school_winter-2023.moc",
  "textures": [
    "live2d/chara/339_general_rip/texture_00.png",
    "live2d/chara/339_school_winter-2023_rip/texture_01.png"
  ],
  "controllers": {
    "param_hit": {
      "enabled": true
    },
    "param_loop": {
      "enabled": true
    },
    "key_trigger": {},
    "param_trigger": {},
    "area_trigger": {},
    "hand_trigger": {},
    "eye_blink": {
      "min_interval": 500,
      "max_interval": 6000,
      "enabled": true
    },
    "lip_sync": {
      "gain": 5.0,
      "enabled": true
    },
    "mouse_tracking": {
      "smooth_time": 0.15,
      "enabled": true
    },
    "auto_breath": {
      "enabled": true
    },
    "extra_motion": {
      "enabled": true
    },
    "accelerometer": {
      "enabled": true
    },
    "microphone": {},
    "transform": {},
    "face_tracking": {},
    "hand_tracking": {},
    "param_value": {},
    "part_opacity": {},
    "artmesh_opacity": {},
    "artmesh_color": {},
    "artmesh_culling": {
      "default_mode": 0
    },
    "intimacy_system": {}
  },
  "motions": {
    "bye01": [
      {
        "file": "live2d/chara/339_general_rip/bye01.mtn"
      }
    ],
    "nnf02": [
      {
        "file": "live2d/chara/339_general_rip/nnf02.mtn"
      }
    ],
    "nf_right01": [
      {
        "file": "live2d/chara/339_general_rip/nf_right01.mtn"
      }
    ],
    "sigh01": [
      {
        "file": "live2d/chara/339_general_rip/sigh01.mtn"
      }
    ],
    "idle01": [
      {
        "file": "live2d/chara/339_general_rip/idle01.mtn"
      }
    ],
    "nf_left01": [
      {
        "file": "live2d/chara/339_general_rip/nf_left01.mtn"
      }
    ],
    "surprised01": [
      {
        "file": "live2d/chara/339_general_rip/surprised01.mtn"
      }
    ],
    "nnf04": [
      {
        "file": "live2d/chara/339_general_rip/nnf04.mtn"
      }
    ],
    "nnf_right01": [
      {
        "file": "live2d/chara/339_general_rip/nnf_right01.mtn"
      }
    ],
    "nf02": [
      {
        "file": "live2d/chara/339_general_rip/nf02.mtn"
      }
    ],
    "nf03": [
      {
        "file": "live2d/chara/339_general_rip/nf03.mtn"
      }
    ],
    "nnf01": [
      {
        "file": "live2d/chara/339_general_rip/nnf01.mtn"
      }
    ],
    "nf01": [
      {
        "file": "live2d/chara/339_general_rip/nf01.mtn"
      }
    ],
    "angry02": [
      {
        "file": "live2d/chara/339_general_rip/angry02.mtn"
      }
    ],
    "smile01": [
      {
        "file": "live2d/chara/339_general_rip/smile01.mtn"
      }
    ],
    "kime01": [
      {
        "file": "live2d/chara/339_general_rip/kime01.mtn"
      }
    ],
    "nnf05": [
      {
        "file": "live2d/chara/339_general_rip/nnf05.mtn"
      }
    ],
    "smile03": [
      {
        "file": "live2d/chara/339_general_rip/smile03.mtn"
      }
    ],
    "nf04": [
      {
        "file": "live2d/chara/339_general_rip/nf04.mtn"
      }
    ],
    "Zipai_L": [
      {
        "file": "live2d/chara/339_general_rip/Pozhen_Zipai_L.mtn"
      }
    ],
    "Zipai_R": [
      {
        "file": "live2d/chara/339_general_rip/Pozhen_Zipai_R.mtn"
      }
    ],
    "nnf_left01": [
      {
        "file": "live2d/chara/339_general_rip/nnf_left01.mtn"
      }
    ],
    "angry01": [
      {
        "file": "live2d/chara/339_general_rip/angry01.mtn"
      }
    ],
    "nf05": [
      {
        "file": "live2d/chara/339_general_rip/nf05.mtn"
      }
    ],
    "serious01": [
      {
        "file": "live2d/chara/339_general_rip/serious01.mtn"
      }
    ],
    "nnf03": [
      {
        "file": "live2d/chara/339_general_rip/nnf03.mtn"
      }
    ],
    "smile02": [
      {
        "file": "live2d/chara/339_general_rip/smile02.mtn"
      }
    ],
    "smile05": [
      {
        "file": "live2d/chara/339_general_rip/smile05.mtn"
      }
    ],
    "smile04": [
      {
        "file": "live2d/chara/339_general_rip/smile04.mtn"
      }
    ],
    "thinking01": [
      {
        "file": "live2d/chara/339_general_rip/thinking01.mtn"
      }
    ],
    "sad01": [
      {
        "file": "live2d/chara/339_general_rip/sad01.mtn"
      }
    ]
  },
  "expressions": [
    {
      "name": "serious01",
      "file": "live2d/chara/339_general_rip/serious01.exp.json"
    },
    {
      "name": "smile02",
      "file": "live2d/chara/339_general_rip/smile02.exp.json"
    },
    {
      "name": "smile04",
      "file": "live2d/chara/339_general_rip/smile04.exp.json"
    },
    {
      "name": "smile04",
      "file": "live2d/chara/339_general_rip/smile04.exp.json"
    },
    {
      "name": "smile04",
      "file": "live2d/chara/339_general_rip/smile04.exp.json"
    },
    {
      "name": "sigh01",
      "file": "live2d/chara/339_general_rip/sigh01.exp.json"
    },
    {
      "name": "左转身",
      "file": "live2d/chara/339_general_rip/L_Boby.exp.json"
    },
    {
      "name": "右转身",
      "file": "live2d/chara/339_general_rip/R_Boby.exp.json"
    },
    {
      "name": "smile03",
      "file": "live2d/chara/339_general_rip/smile03.exp.json"
    },
    {
      "name": "smile01",
      "file": "live2d/chara/339_general_rip/smile01.exp.json"
    },
    {
      "name": "idle01",
      "file": "live2d/chara/339_general_rip/idle01.exp.json"
    },
    {
      "name": "angry01",
      "file": "live2d/chara/339_general_rip/angry01.exp.json"
    },
    {
      "name": "default",
      "file": "live2d/chara/339_general_rip/default.exp.json"
    },
    {
      "name": "sad01",
      "file": "live2d/chara/339_general_rip/sad01.exp.json"
    },
    {
      "name": "smile05",
      "file": "live2d/chara/339_general_rip/smile05.exp.json"
    },
    {
      "name": "surprised01",
      "file": "live2d/chara/339_general_rip/surprised01.exp.json"
    }
  ],
  "physics": "live2d/chara/339_school_winter-2023_rip/umiri_school_winter-2023.physics.json",
  "physics_v2": {
    "file": "live2d/chara/339_school_winter-2023_rip/umiri_school_winter-2023.physics.json"
  },
  "options": {}
}