{
    "version": "Sample 1.0.0",
    "layout": {
        "center_x": 0,
        "center_y": 0,
        "width": 2
    },
    "hit_areas_custom": {
        "head_x": [
            -0.25,
            1
        ],
        "head_y": [
            0.25,
            0.2
        ],
        "body_x": [
            -0.3,
            0.2
        ],
        "body_y": [
            0.3,
            -1.9
        ]
    },
    "model": "chara/aya_other-202410.moc",
    "physics": "chara/aya_other-202410.physics.json",
    "textures": [
        "chara/texture_00.png",
        "chara/texture_01.png"
    ],
    "motions": {
        "angry01": [
            {
                "file": "chara/动作/angry01.mtn"
            }
        ],
        "smile01": [
            {
                "file": "chara/动作/smile01.mtn"
            }
        ],
        "thinking01": [
            {
                "file": "chara/动作/thinking01.mtn"
            }
        ],
        "nnf02": [
            {
                "file": "chara/动作/nnf02.mtn"
            }
        ],
        "smile04": [
            {
                "file": "chara/动作/smile04.mtn"
            }
        ],
        "serious02": [
            {
                "file": "chara/动作/serious02.mtn"
            }
        ],
        "smile02": [
            {
                "file": "chara/动作/smile02.mtn"
            }
        ],
        "angry04": [
            {
                "file": "chara/动作/angry04.mtn"
            }
        ],
        "nnf_right01": [
            {
                "file": "chara/动作/nnf_right01.mtn"
            }
        ],
        "nf05": [
            {
                "file": "chara/动作/nf05.mtn"
            }
        ],
        "sp_smile": [
            {
                "file": "chara/动作/sp_smile02.mtn"
            }
        ],
        "nnf05": [
            {
                "file": "chara/动作/nnf05.mtn"
            }
        ],
        "angry02": [
            {
                "file": "chara/动作/angry02.mtn"
            }
        ],
        "nnf04": [
            {
                "file": "chara/动作/nnf04.mtn"
            }
        ],
        "thinking03": [
            {
                "file": "chara/动作/thinking03.mtn"
            }
        ],
        "angry03": [
            {
                "file": "chara/动作/angry03.mtn"
            }
        ],
        "nf_right01": [
            {
                "file": "chara/动作/nf_right01.mtn"
            }
        ],
        "sad01": [
            {
                "file": "chara/动作/sad01.mtn"
            }
        ],
        "nf_left01": [
            {
                "file": "chara/动作/nf_left01.mtn"
            }
        ],
        "kandou02": [
            {
                "file": "chara/动作/kandou02.mtn"
            }
        ],
        "shame01": [
            {
                "file": "chara/动作/shame01.mtn"
            }
        ],
        "cry01": [
            {
                "file": "chara/动作/cry01.mtn"
            }
        ],
        "nf03": [
            {
                "file": "chara/动作/nf03.mtn"
            }
        ],
        "cry02": [
            {
                "file": "chara/动作/cry02.mtn"
            }
        ],
        "nnf03": [
            {
                "file": "chara/动作/nnf03.mtn"
            }
        ],
        "nf02": [
            {
                "file": "chara/动作/nf02.mtn"
            }
        ],
        "bye01": [
            {
                "file": "chara/动作/bye01.mtn"
            }
        ],
        "shame02": [
            {
                "file": "chara/动作/shame02.mtn"
            }
        ],
        "smile03": [
            {
                "file": "chara/动作/smile03.mtn"
            }
        ],
        "sad02": [
            {
                "file": "chara/动作/sad02.mtn"
            }
        ],
        "wink01": [
            {
                "file": "chara/动作/wink01.mtn"
            }
        ],
        "thinking02": [
            {
                "file": "chara/动作/thinking02.mtn"
            }
        ],
        "kime02": [
            {
                "file": "chara/动作/kime02.mtn"
            }
        ],
        "nnf01": [
            {
                "file": "chara/动作/nnf01.mtn"
            }
        ],
        "nf01": [
            {
                "file": "chara/动作/nf01.mtn"
            }
        ],
        "nnf_left01": [
            {
                "file": "chara/动作/nnf_left01.mtn"
            }
        ],
        "kandou01": [
            {
                "file": "chara/动作/kandou01.mtn"
            }
        ],
        "nf04": [
            {
                "file": "chara/动作/nf04.mtn"
            }
        ],
        "surprised01": [
            {
                "file": "chara/动作/surprised01.mtn"
            }
        ],
        "serious01": [
            {
                "file": "chara/动作/serious01.mtn"
            }
        ],
        "idle01": [
            {
                "file": "chara/动作/idle01.mtn"
            }
        ],
        "kime01": [
            {
                "file": "chara/动作/kime01.mtn"
            }
        ]
    },
    "expressions": [
        {
            "name": "default",
            "file": "chara/动作/default.exp.json"
        },
        {
            "name": "angry02",
            "file": "chara/动作/angry02.exp.json"
        },
        {
            "name": "kandou02",
            "file": "chara/动作/kandou02.exp.json"
        },
        {
            "name": "thinking01",
            "file": "chara/动作/thinking01.exp.json"
        },
        {
            "name": "idle01",
            "file": "chara/动作/idle01.exp.json"
        },
        {
            "name": "shame02",
            "file": "chara/动作/shame02.exp.json"
        },
        {
            "name": "surprised01",
            "file": "chara/动作/surprised01.exp.json"
        },
        {
            "name": "kime01",
            "file": "chara/动作/kime01.exp.json"
        },
        {
            "name": "shame01",
            "file": "chara/动作/shame01.exp.json"
        },
        {
            "name": "bye01",
            "file": "chara/动作/bye01.exp.json"
        },
        {
            "name": "cry01",
            "file": "chara/动作/cry01.exp.json"
        },
        {
            "name": "cry02",
            "file": "chara/动作/cry02.exp.json"
        },
        {
            "name": "serious02",
            "file": "chara/动作/serious02.exp.json"
        },
        {
            "name": "angry04",
            "file": "chara/动作/angry04.exp.json"
        },
        {
            "name": "thinking03",
            "file": "chara/动作/thinking03.exp.json"
        },
        {
            "name": "kandou01",
            "file": "chara/动作/kandou01.exp.json"
        },
        {
            "name": "smile03",
            "file": "chara/动作/smile03.exp.json"
        },
        {
            "name": "kime02",
            "file": "chara/动作/kime02.exp.json"
        },
        {
            "name": "smile01",
            "file": "chara/动作/smile01.exp.json"
        },
        {
            "name": "wink01",
            "file": "chara/动作/wink01.exp.json"
        },
        {
            "name": "thinking02",
            "file": "chara/动作/thinking02.exp.json"
        },
        {
            "name": "sad01",
            "file": "chara/动作/sad01.exp.json"
        },
        {
            "name": "angry01",
            "file": "chara/动作/angry01.exp.json"
        },
        {
            "name": "angry03",
            "file": "chara/动作/angry03.exp.json"
        },
        {
            "name": "smile02",
            "file": "chara/动作/smile02.exp.json"
        },
        {
            "name": "serious01",
            "file": "chara/动作/serious01.exp.json"
        },
        {
            "name": "smile04",
            "file": "chara/动作/smile04.exp.json"
        },
        {
            "name": "sad02",
            "file": "chara/动作/sad02.exp.json"
        }
    ]
}