{
	"type":"Live2D Physics",
	"physics_hair":[
		{
			"label":"accessory",
			"setup":{
				"length":0.17,
				"regist":0.54,
				"mass":0.16
			},
			"src":[
				{
					"id":"PARAM_BODY_ANGLE_Z",
					"ptype":"angle",
					"scale":2.4,
					"weight":0.5
				},
				{
					"id":"PARAM_BODY_ANGLE_X",
					"ptype":"x",
					"scale":0.015,
					"weight":0.5
				},
				{
					"id":"PARAM_ANGLE_Z",
					"ptype":"angle",
					"scale":0.8,
					"weight":2
				},
				{
					"id":"PARAM_ANGLE_X",
					"ptype":"x",
					"scale":0.005,
					"weight":2
				}
			],
			"targets":[
				{
					"id":"PARAM_PIERCE",
					"ptype":"angle",
					"scale":0.02,
					"weight":1
				}
			]
		},
		{
			"label":"clothes_a",
			"setup":{
				"length":0.2,
				"regist":0.53,
				"mass":0.2
			},
			"src":[
				{
					"id":"PARAM_BODY_ANGLE_X",
					"ptype":"x",
					"scale":0.005,
					"weight":1
				},
				{
					"id":"PARAM_BODY_ANGLE_Z",
					"ptype":"angle",
					"scale":0.8,
					"weight":1
				}
			],
			"targets":[
				{
					"id":"PARAM_CLOTHES_A",
					"ptype":"angle",
					"scale":0.025,
					"weight":1
				}
			]
		},
		{
			"label":"clothes_b",
			"setup":{
				"length":0.22,
				"regist":0.5,
				"mass":0.21
			},
			"src":[
				{
					"id":"PARAM_BODY_ANGLE_X",
					"ptype":"x",
					"scale":0.005,
					"weight":1
				},
				{
					"id":"PARAM_BODY_ANGLE_Z",
					"ptype":"angle",
					"scale":0.8,
					"weight":1
				}
			],
			"targets":[
				{
					"id":"PARAM_CLOTHES_B",
					"ptype":"angle",
					"scale":0.025,
					"weight":1
				}
			]
		},
		{
			"label":"clothes_c",
			"setup":{
				"length":0.1,
				"regist":0.5,
				"mass":0.17
			},
			"src":[
				{
					"id":"PARAM_BODY_ANGLE_X",
					"ptype":"x",
					"scale":0.005,
					"weight":1
				},
				{
					"id":"PARAM_BODY_ANGLE_Z",
					"ptype":"angle",
					"scale":0.8,
					"weight":1
				}
			],
			"targets":[
				{
					"id":"PARAM_CLOTHES_C",
					"ptype":"angle",
					"scale":0.025,
					"weight":1
				}
			]
		}
	]
}