{"version":"Sample 1.0.0","layout":{"center_x":0,"center_y":0,"width":2},"hit_areas_custom":{"head_x":[-0.25,1],"head_y":[0.25,0.2],"body_x":[-0.3,0.2],"body_y":[0.3,-1.9]},"model":"Tomori_黑西装_v1/tomori_school_winter-2023.moc","physics":"Tomori_黑西装_v1/tomori_school_winter-2023.physics.json","textures":["036_general/texture_00_Mo2.png","Tomori_黑西装_v1/texture_01.png"],"motions":{"nnf05":[{"file":"036_general/nnf05.mtn"}],"nnf_left01":[{"file":"036_general/nnf_left01.mtn"}],"nf03":[{"file":"036_general/nf03.mtn"}],"surprised01":[{"file":"036_general/surprised01.mtn"}],"nf05":[{"file":"036_general/nf05.mtn"}],"thinking02":[{"file":"036_general/thinking02.mtn"}],"sad01":[{"file":"036_general/sad01.mtn"}],"nf04":[{"file":"036_general/nf04.mtn"}],"nf_right01":[{"file":"036_general/nf_right01.mtn"}],"nnf01":[{"file":"036_general/nnf01.mtn"}],"nnf_right01":[{"file":"036_general/nnf_right01.mtn"}],"idle01":[{"file":"036_general/idle01.mtn"}],"idle11":[{"file":"036_general/idle11.mtn"}],"idle02":[{"file":"036_general/idle02.mtn"}],"idle12":[{"file":"036_general/idle12.mtn"}],"nnf04":[{"file":"036_general/nnf04.mtn"}],"serious02":[{"file":"036_general/serious02.mtn"}],"angry01":[{"file":"036_general/angry01.mtn"}],"nf_left01":[{"file":"036_general/nf_left01.mtn"}],"nf02":[{"file":"036_general/nf02.mtn"}],"sing02":[{"file":"036_general/sing02.mtn"}],"cry01":[{"file":"036_general/cry01.mtn"}],"bye01":[{"file":"036_general/bye01.mtn"}],"smile03":[{"file":"036_general/smile03.mtn"}],"cry02":[{"file":"036_general/cry02.mtn"}],"smile01":[{"file":"036_general/smile01.mtn"}],"kandou01":[{"file":"036_general/kandou01.mtn"}],"nf01":[{"file":"036_general/nf01.mtn"}],"smile04":[{"file":"036_general/smile04.mtn"}],"shame01":[{"file":"036_general/shame01.mtn"}],"kandou02":[{"file":"036_general/kandou02.mtn"}],"nnf02":[{"file":"036_general/nnf02.mtn"}],"sad04":[{"file":"036_general/sad04.mtn"}],"shame02":[{"file":"036_general/shame02.mtn"}],"angry02":[{"file":"036_general/angry02.mtn"}],"sad02":[{"file":"036_general/sad02.mtn"}],"kime02":[{"file":"036_general/kime02.mtn"}],"sad03":[{"file":"036_general/sad03.mtn"}],"kandou03":[{"file":"036_general/kandou03.mtn"}],"kime01":[{"file":"036_general/kime01.mtn"}],"nnf03":[{"file":"036_general/nnf03.mtn"}],"serious01":[{"file":"036_general/serious01.mtn"}],"smile02":[{"file":"036_general/smile02.mtn"}],"thinking01":[{"file":"036_general/thinking01.mtn"}],"sing01":[{"file":"036_general/sing01.mtn"}]},"expressions":[{"name":"sing01","file":"036_general/sing01.exp.json"},{"name":"kime01","file":"036_general/kime01.exp.json"},{"name":"kandou02","file":"036_general/kandou02.exp.json"},{"name":"smile03","file":"036_general/smile03.exp.json"},{"name":"sad03","file":"036_general/sad03.exp.json"},{"name":"sad04","file":"036_general/sad04.exp.json"},{"name":"cry01","file":"036_general/cry01.exp.json"},{"name":"kime02","file":"036_general/kime02.exp.json"},{"name":"shame02","file":"036_general/shame02.exp.json"},{"name":"smile01","file":"036_general/smile01.exp.json"},{"name":"idle","file":"036_general/idle.exp.json"},{"name":"angry02","file":"036_general/angry02.exp.json"},{"name":"serious02","file":"036_general/serious02.exp.json"},{"name":"sad01","file":"036_general/sad01.exp.json"},{"name":"cry02","file":"036_general/cry02.exp.json"},
{"name":"左转身","file":"036_general/L_Boby.exp.json"},
{"name":"右转身","file":"036_general/R_Boby.exp.json"},{"name":"thinking01","file":"036_general/thinking01.exp.json"},{"name":"sad02","file":"036_general/sad02.exp.json"},{"name":"kandou01","file":"036_general/kandou01.exp.json"},{"name":"surprised01","file":"036_general/surprised01.exp.json"},{"name":"default","file":"036_general/default.exp.json"},{"name":"sing02","file":"036_general/sing02.exp.json"},{"name":"smile04","file":"036_general/smile04.exp.json"},{"name":"shame01","file":"036_general/shame01.exp.json"},{"name":"serious01","file":"036_general/serious01.exp.json"},{"name":"thinking02","file":"036_general/thinking02.exp.json"},{"name":"bye01","file":"036_general/bye01.exp.json"},{"name":"angry01","file":"036_general/angry01.exp.json"},{"name":"smile02","file":"036_general/smile02.exp.json"},{"name":"kandou03","file":"036_general/kandou03.exp.json"}]}