{"version": "Sample 1.0.0", "layout": {"center_x": 0, "center_y": 0, "width": 2}, "hit_areas_custom": {"head_x": [-0.25, 1], "head_y": [0.25, 0.2], "body_x": [-0.3, 0.2], "body_y": [0.3, -1.9]}, "model": "335_event_203_story_01/mashiro-slime_event203_story01.moc", "physics": "335_event_203_story_01/mashiro-slime_event203_story01_t01.physics.json", "textures": ["335_event_203_story_01/texture_05.png"], "motions": {"左右晃动01": [{"file": "335_general/awate01.mtn"}], "哭泣01": [{"file": "335_general/cry01.mtn"}], "空闲01": [{"file": "335_general/idle01.mtn"}], "跳跃01": [{"file": "335_general/jump01.mtn"}], "通用01": [{"file": "335_general/nf01.mtn"}], "通用02": [{"file": "335_general/nf02.mtn"}], "通用03": [{"file": "335_general/nf03.mtn"}], "通用04": [{"file": "335_general/nf04.mtn"}], "通用05": [{"file": "335_general/nf05.mtn"}], "通用_left01": [{"file": "335_general/nf_left01.mtn"}], "通用_right01": [{"file": "335_general/nf_right01.mtn"}], "悲伤01": [{"file": "335_general/sad01.mtn"}], "悲伤02": [{"file": "335_general/sad02.mtn"}], "严肃01": [{"file": "335_general/serious01.mtn"}], "惊讶01": [{"file": "335_general/surprised01.mtn"}]}, "expressions": [{"name": "空闲01", "file": "335_general/idle01.exp.json"}]}