{
	"type":"Live2D Expression",
	"fade_in":500,
	"fade_out":500,
	"params":[
		{"id":"PARAM_EYE_R_OPEN","val":0,"calc":"mult"},
		{"id":"PARAM_EYE_R_SMILE","val":1},
		{"id":"PARAM_EYELID_R","val":-0.61},
		{"id":"PARAM_EYE_L_OPEN","val":0,"calc":"mult"},
		{"id":"PARAM_EYE_L_SMILE","val":1},
		{"id":"PARAM_EYELID_L","val":-0.61},
		{"id":"PARAM_BROW_R_Y","val":-0.73},
		{"id":"PARAM_BROW_R_X","val":-0.49},
		{"id":"PARAM_BROW_R_ANGLE","val":0.35},
		{"id":"PARAM_BROW_R_FORM","val":-1.57},
		{"id":"PARAM_BROW_L_Y","val":-0.79},
		{"id":"PARAM_BROW_L_X","val":-0.49},
		{"id":"PARAM_BROW_L_ANGLE","val":0.44},
		{"id":"PARAM_BROW_L_FORM","val":-1.57},
		{"id":"PARAM_MOUTH_FORM_01","val":0.5},
		{"id":"PARAM_MOUTH_SCALE","val":-1}
	]
}