{"version": "Sample 1.0.0", "layout": {"center_x": 0, "center_y": 0, "width": 2}, "hit_areas_custom": {"head_x": [-0.25, 1], "head_y": [0.25, 0.2], "body_x": [-0.3, 0.2], "body_y": [0.3, -1.9]},
"model": "没用的身体_rip/mutsumi_casual-2023.moc",
"physics": "没用的身体_rip/mutsumi_casual-2023.physics.json",
"textures": ["后发_rip/texture_00.png",
"没用的身体_rip/texture_01.png"],
"motions": {"angry01": [{"file": "后发_rip/angry01.mtn"}], "bye01": [{"file": "后发_rip/bye01.mtn"}], "idle01": [{"file": "后发_rip/idle01.mtn"}], "kime01": [{"file": "后发_rip/kime01.mtn"}], "nf01": [{"file": "后发_rip/nf01.mtn"}], "nf02": [{"file": "后发_rip/nf02.mtn"}], "nf03": [{"file": "后发_rip/nf03.mtn"}], "nf04": [{"file": "后发_rip/nf04.mtn"}], "nf05": [{"file": "后发_rip/nf05.mtn"}], "nf_left01": [{"file": "后发_rip/nf_left01.mtn"}], "nf_right01": [{"file": "后发_rip/nf_right01.mtn"}], "nnf01": [{"file": "后发_rip/nnf01.mtn"}], "nnf02": [{"file": "后发_rip/nnf02.mtn"}], "nnf03": [{"file": "后发_rip/nnf03.mtn"}], "nnf04": [{"file": "后发_rip/nnf04.mtn"}], "nnf05": [{"file": "后发_rip/nnf05.mtn"}], "nnf_left01": [{"file": "后发_rip/nnf_left01.mtn"}], "nnf_right01": [{"file": "后发_rip/nnf_right01.mtn"}], "odoodo01": [{"file": "后发_rip/odoodo01.mtn"}], "sad01": [{"file": "后发_rip/sad01.mtn"}], "sad02": [{"file": "后发_rip/sad02.mtn"}], "smile01": [{"file": "后发_rip/smile01.mtn"}], "smile02": [{"file": "后发_rip/smile02.mtn"}], "smile04": [{"file": "后发_rip/smile04.mtn"}], "surprised01": [{"file": "后发_rip/surprised01.mtn"}],
"thinking01": [{"file": "后发_rip/thinking01.mtn"}]},
"expressions": [{"name": "angry01", "file": "后发_rip/angry01.exp.json"}, {"name": "default", "file": "后发_rip/default.exp.json"}, {"name": "idle01", "file": "后发_rip/idle01.exp.json"}, {"name": "sad01", "file": "后发_rip/sad01.exp.json"}, {"name": "smile01", "file": "后发_rip/smile01.exp.json"}, {"name": "smile02", "file": "后发_rip/smile02.exp.json"}, {"name": "smile04", "file": "后发_rip/smile04.exp.json"}, {"name": "surprised01", "file": "后发_rip/surprised01.exp.json"}]}