{"version": "Sample 1.0.0", "layout": {"center_x": 0, "center_y": 0, "width": 2}, "hit_areas_custom": {"head_x": [-0.25, 1], "head_y": [0.25, 0.2], "body_x": [-0.3, 0.2], "body_y": [0.3, -1.9]}, "model": "017_event_86_story_02/hina_event086_story02.moc", "physics": "017_event_86_story_02/hina_event086_story02.physics.json", "textures": ["手_rip/texture_00.png"],
"motions": {"angry01": [{"file": "017_event_86_story_02/angry01.mtn"}], "bye01": [{"file": "017_event_86_story_02/bye01.mtn"}], "idle01": [{"file": "017_event_86_story_02/idle01.mtn"}], "kime01": [{"file": "017_event_86_story_02/kime01.mtn"}], "nf01": [{"file": "017_event_86_story_02/nf01.mtn"}], "nf02": [{"file": "017_event_86_story_02/nf02.mtn"}], "nf03": [{"file": "017_event_86_story_02/nf03.mtn"}], "nf04": [{"file": "017_event_86_story_02/nf04.mtn"}], "nf05": [{"file": "017_event_86_story_02/nf05.mtn"}], "nf_left01": [{"file": "017_event_86_story_02/nf_left01.mtn"}], "nf_right01": [{"file": "017_event_86_story_02/nf_right01.mtn"}], "nnf01": [{"file": "017_event_86_story_02/nnf01.mtn"}], "nnf02": [{"file": "017_event_86_story_02/nnf02.mtn"}], "nnf03": [{"file": "017_event_86_story_02/nnf03.mtn"}], "nnf04": [{"file": "017_event_86_story_02/nnf04.mtn"}], "nnf05": [{"file": "017_event_86_story_02/nnf05.mtn"}], "nnf_left01": [{"file": "017_event_86_story_02/nnf_left01.mtn"}], "nnf_right01": [{"file": "017_event_86_story_02/nnf_right01.mtn"}], "odoodo01": [{"file": "017_event_86_story_02/odoodo01.mtn"}], "sad01": [{"file": "017_event_86_story_02/sad01.mtn"}], "sad02": [{"file": "017_event_86_story_02/sad02.mtn"}], "smile01": [{"file": "017_event_86_story_02/smile01.mtn"}], "smile02": [{"file": "017_event_86_story_02/smile02.mtn"}], "smile04": [{"file": "017_event_86_story_02/smile04.mtn"}], "surprised01": [{"file": "017_event_86_story_02/surprised01.mtn"}],
"thinking01": [{"file": "017_event_86_story_02/thinking01.mtn"}]},
"expressions": [{"name": "angry01", "file": "017_event_86_story_02/angry01.exp.json"}, {"name": "default", "file": "017_event_86_story_02/default.exp.json"}, {"name": "idle01", "file": "017_event_86_story_02/idle01.exp.json"}, {"name": "sad01", "file": "017_event_86_story_02/sad01.exp.json"}, {"name": "smile01", "file": "017_event_86_story_02/smile01.exp.json"}, {"name": "smile02", "file": "017_event_86_story_02/smile02.exp.json"}, {"name": "smile04", "file": "017_event_86_story_02/smile04.exp.json"}, {"name": "surprised01", "file": "017_event_86_story_02/surprised01.exp.json"}]}