{"version": "Sample 1.0.0", "layout": {"center_x": 0, "center_y": 0, "width": 2}, "hit_areas_custom": {"head_x": [-0.25, 1], "head_y": [0.25, 0.2], "body_x": [-0.3, 0.2], "body_y": [0.3, -1.9]},
"model": "022_swimsuit-2023/sayo_swimsuit-2023.moc",
"physics": "022_swimsuit-2023/sayo_swimsuit-2023.physics.json",
"textures": ["022_general/texture_00.png",
"手_rip/texture_01.png"],
"motions": {"angry01": [{"file": "022_general/angry01.mtn"}], 
"angry02": [{"file": "022_general/angry02.mtn"}],
 "angry03": [{"file": "022_general/angry03.mtn"}], 
"angry04": [{"file": "022_general/angry04.mtn"}], "angry05": [{"file": "022_general/angry05.mtn"}], "angry06": [{"file": "022_general/angry06.mtn"}], "angry07": [{"file": "022_general/angry07.mtn"}], "bye01": [{"file": "022_general/bye01.mtn"}], "bye02": [{"file": "022_general/bye02.mtn"}], "cry01": [{"file": "022_general/cry01.mtn"}], "cry02": [{"file": "022_general/cry02.mtn"}], "cry03": [{"file": "022_general/cry03.mtn"}], "cry04": [{"file": "022_general/cry04.mtn"}], "cry05": [{"file": "022_general/cry05.mtn"}], "idle01": [{"file": "022_general/idle01.mtn"}], "kime01": [{"file": "022_general/kime01.mtn"}], "nf01": [{"file": "022_general/nf01.mtn"}], "nf02": [{"file": "022_general/nf02.mtn"}], "nf03": [{"file": "022_general/nf03.mtn"}], "nf04": [{"file": "022_general/nf04.mtn"}], "nf05": [{"file": "022_general/nf05.mtn"}], "nf_left01": [{"file": "022_general/nf_left01.mtn"}], "nf_right01": [{"file": "022_general/nf_right01.mtn"}], "nnf01": [{"file": "022_general/nnf01.mtn"}], "nnf02": [{"file": "022_general/nnf02.mtn"}], "nnf03": [{"file": "022_general/nnf03.mtn"}], "nnf04": [{"file": "022_general/nnf04.mtn"}], "nnf05": [{"file": "022_general/nnf05.mtn"}], "nnf_left01": [{"file": "022_general/nnf_left01.mtn"}], "nnf_right01": [{"file": "022_general/nnf_right01.mtn"}], "nod01": [{"file": "022_general/nod01.mtn"}], "odoodo01": [{"file": "022_general/odoodo01.mtn"}], "sad01": [{"file": "022_general/sad01.mtn"}], "sad02": [{"file": "022_general/sad02.mtn"}], "serious01": [{"file": "022_general/serious01.mtn"}], "serious02": [{"file": "022_general/serious02.mtn"}], "shame01": [{"file": "022_general/shame01.mtn"}], "shame02": [{"file": "022_general/shame02.mtn"}], "sigh01": [{"file": "022_general/sigh01.mtn"}], "sigh02": [{"file": "022_general/sigh02.mtn"}], "smile01": [{"file": "022_general/smile01.mtn"}], "smile02": [{"file": "022_general/smile02.mtn"}], "smile03": [{"file": "022_general/smile03.mtn"}], "smile04": [{"file": "022_general/smile04.mtn"}], "smile05": [{"file": "022_general/smile05.mtn"}], "smile06": [{"file": "022_general/smile06.mtn"}], "surprised01": [{"file": "022_general/surprised01.mtn"}], "surprised02": [{"file": "022_general/surprised02.mtn"}], "thinking01": [{"file": "022_general/thinking01.mtn"}], "thinking02": [{"file": "022_general/thinking02.mtn"}], "anonangry01": [{"file": "022_general/anonangry01.mtn"}]},
"expressions": [{"name": "angry01", "file": "022_general/angry01.exp.json"}, {"name": "angry02", "file": "022_general/angry02.exp.json"}, {"name": "angry07", "file": "022_general/angry07.exp.json"}, {"name": "cry01", "file": "022_general/cry01.exp.json"}, {"name": "cry02", "file": "022_general/cry02.exp.json"}, {"name": "cry03", "file": "022_general/cry03.exp.json"}, {"name": "cry04", "file": "022_general/cry04.exp.json"}, {"name": "default", "file": "022_general/default.exp.json"}, {"name": "idle01", "file": "022_general/idle01.exp.json"}, {"name": "kime01", "file": "022_general/kime01.exp.json"}, {"name": "odoodo01", "file": "022_general/odoodo01.exp.json"}, {"name": "sad01", "file": "022_general/sad01.exp.json"}, {"name": "sad02", "file": "022_general/sad02.exp.json"}, {"name": "serious01", "file": "022_general/serious01.exp.json"}, {"name": "serious02", "file": "022_general/serious02.exp.json"}, {"name": "shame01", "file": "022_general/shame01.exp.json"}, {"name": "shame02", "file": "022_general/shame02.exp.json"}, {"name": "sigh01", "file": "022_general/sigh01.exp.json"}, {"name": "sigh02", "file": "022_general/sigh02.exp.json"}, {"name": "smile01", "file": "022_general/smile01.exp.json"}, {"name": "smile02", "file": "022_general/smile02.exp.json"}, {"name": "smile03", "file": "022_general/smile03.exp.json"}, {"name": "smile04", "file": "022_general/smile04.exp.json"}, {"name": "smile05", "file": "022_general/smile05.exp.json"}, {"name": "smile06", "file": "022_general/smile06.exp.json"}, {"name": "surprised01", "file": "022_general/surprised01.exp.json"}, {"name": "surprised02", "file": "022_general/surprised02.exp.json"}, {"name": "thinking01", "file": "022_general/thinking01.exp.json"}, {"name": "thinking02", "file": "022_general/thinking02.exp.json"}]}