{"version": "Sample 1.0.0", "layout": {"center_x": 0, "center_y": 0, "width": 2}, "hit_areas_custom": {"head_x": [-0.25, 1], "head_y": [0.25, 0.2], "body_x": [-0.3, 0.2], "body_y": [0.3, -1.9]}, "model": "live2d/chara/022_live_event_227_ur_rip/sayo_event227.moc", "physics": "live2d/chara/022_live_event_227_ur_rip/sayo_event227.physics.json", "textures": ["live2d/chara/022_live_event_227_ur_rip/texture_00.png", "live2d/chara/022_live_event_227_ur_rip/texture_01.png"], "motions": {"angry01": [{"file": "live2d/chara/022_live_event_227_ur_rip/angry01.mtn"}], "angry02": [{"file": "live2d/chara/022_live_event_227_ur_rip/angry02.mtn"}], "angry03": [{"file": "live2d/chara/022_live_event_227_ur_rip/angry03.mtn"}], "angry04": [{"file": "live2d/chara/022_live_event_227_ur_rip/angry04.mtn"}], "bye01": [{"file": "live2d/chara/022_live_event_227_ur_rip/bye01.mtn"}], "bye02": [{"file": "live2d/chara/022_live_event_227_ur_rip/bye02.mtn"}], "cry01": [{"file": "live2d/chara/022_live_event_227_ur_rip/cry01.mtn"}], "cry02": [{"file": "live2d/chara/022_live_event_227_ur_rip/cry02.mtn"}], "gacha01": [{"file": "live2d/chara/022_live_event_227_ur_rip/gacha01.mtn"}], "idle01": [{"file": "live2d/chara/022_live_event_227_ur_rip/idle01.mtn"}], "idle02": [{"file": "live2d/chara/022_live_event_227_ur_rip/idle02.mtn"}], "kime01": [{"file": "live2d/chara/022_live_event_227_ur_rip/kime01.mtn"}], "nf01": [{"file": "live2d/chara/022_live_event_227_ur_rip/nf01.mtn"}], "nf01_ingameV2": [{"file": "live2d/chara/022_live_event_227_ur_rip/nf01_ingameV2.mtn"}], "nf01_openeye": [{"file": "live2d/chara/022_live_event_227_ur_rip/nf01_openeye.mtn"}], "nf02": [{"file": "live2d/chara/022_live_event_227_ur_rip/nf02.mtn"}], "nf03": [{"file": "live2d/chara/022_live_event_227_ur_rip/nf03.mtn"}], "nf04": [{"file": "live2d/chara/022_live_event_227_ur_rip/nf04.mtn"}], "nf05": [{"file": "live2d/chara/022_live_event_227_ur_rip/nf05.mtn"}], "nf_left01": [{"file": "live2d/chara/022_live_event_227_ur_rip/nf_left01.mtn"}], "nf_right01": [{"file": "live2d/chara/022_live_event_227_ur_rip/nf_right01.mtn"}], "nnf01": [{"file": "live2d/chara/022_live_event_227_ur_rip/nnf01.mtn"}], "nnf01_openeye": [{"file": "live2d/chara/022_live_event_227_ur_rip/nnf01_openeye.mtn"}], "nnf02": [{"file": "live2d/chara/022_live_event_227_ur_rip/nnf02.mtn"}], "nnf03": [{"file": "live2d/chara/022_live_event_227_ur_rip/nnf03.mtn"}], "nnf04": [{"file": "live2d/chara/022_live_event_227_ur_rip/nnf04.mtn"}], "nnf05": [{"file": "live2d/chara/022_live_event_227_ur_rip/nnf05.mtn"}], "nnf_left01": [{"file": "live2d/chara/022_live_event_227_ur_rip/nnf_left01.mtn"}], "nnf_right01": [{"file": "live2d/chara/022_live_event_227_ur_rip/nnf_right01.mtn"}], "odoodo01": [{"file": "live2d/chara/022_live_event_227_ur_rip/odoodo01.mtn"}], "pui01": [{"file": "live2d/chara/022_live_event_227_ur_rip/pui01.mtn"}], "sad01": [{"file": "live2d/chara/022_live_event_227_ur_rip/sad01.mtn"}], "sad02": [{"file": "live2d/chara/022_live_event_227_ur_rip/sad02.mtn"}], "sad03": [{"file": "live2d/chara/022_live_event_227_ur_rip/sad03.mtn"}], "serious01": [{"file": "live2d/chara/022_live_event_227_ur_rip/serious01.mtn"}], "serious02": [{"file": "live2d/chara/022_live_event_227_ur_rip/serious02.mtn"}], "serious03": [{"file": "live2d/chara/022_live_event_227_ur_rip/serious03.mtn"}], "shame01": [{"file": "live2d/chara/022_live_event_227_ur_rip/shame01.mtn"}], "sigh01": [{"file": "live2d/chara/022_live_event_227_ur_rip/sigh01.mtn"}], "smile01": [{"file": "live2d/chara/022_live_event_227_ur_rip/smile01.mtn"}], "smile02": [{"file": "live2d/chara/022_live_event_227_ur_rip/smile02.mtn"}], "smile03": [{"file": "live2d/chara/022_live_event_227_ur_rip/smile03.mtn"}], "smile04": [{"file": "live2d/chara/022_live_event_227_ur_rip/smile04.mtn"}], "surprised01": [{"file": "live2d/chara/022_live_event_227_ur_rip/surprised01.mtn"}], "surprised02": [{"file": "live2d/chara/022_live_event_227_ur_rip/surprised02.mtn"}], "thinking01": [{"file": "live2d/chara/022_live_event_227_ur_rip/thinking01.mtn"}], "thinking02": [{"file": "live2d/chara/022_live_event_227_ur_rip/thinking02.mtn"}]}, "expressions": [{"name": "angry01", "file": "live2d/chara/022_general_rip/angry01.exp.json"}, {"name": "cry01", "file": "live2d/chara/022_general_rip/cry01.exp.json"}, {"name": "default", "file": "live2d/chara/022_general_rip/default.exp.json"}, {"name": "idle01", "file": "live2d/chara/022_general_rip/idle01.exp.json"}, {"name": "kime01", "file": "live2d/chara/022_general_rip/kime01.exp.json"}, {"name": "sad01", "file": "live2d/chara/022_general_rip/sad01.exp.json"}, {"name": "sayo_default", "file": "live2d/chara/022_general_rip/sayo_default.exp.json"}, {"name": "sayo_sad", "file": "live2d/chara/022_general_rip/sayo_sad.exp.json"}, {"name": "sayo_serious01", "file": "live2d/chara/022_general_rip/sayo_serious01.exp.json"}, {"name": "sayo_serious02", "file": "live2d/chara/022_general_rip/sayo_serious02.exp.json"}, {"name": "sayo_surprised", "file": "live2d/chara/022_general_rip/sayo_surprised.exp.json"}, {"name": "sayo_worry", "file": "live2d/chara/022_general_rip/sayo_worry.exp.json"}, {"name": "sayo_worry2", "file": "live2d/chara/022_general_rip/sayo_worry2.exp.json"}, {"name": "serious01", "file": "live2d/chara/022_general_rip/serious01.exp.json"}, {"name": "smile01", "file": "live2d/chara/022_general_rip/smile01.exp.json"}, {"name": "smile03", "file": "live2d/chara/022_general_rip/smile03.exp.json"}, {"name": "surprised01", "file": "live2d/chara/022_general_rip/surprised01.exp.json"}]}