{
	"type":"Live2D Expression",
	"fade_in":500,
	"fade_out":500,
	"params":[
		{"id":"PARAM_EYE_L_OPEN","val":1.5,"calc":"mult"},
		{"id":"PARAM_EYE_R_OPEN","val":1.5,"calc":"mult"},
		{"id":"PARAM_EYE_SCALE","val":-1},
		{"id":"PARAM_BROW_L_Y","val":0.64},
		{"id":"PARAM_BROW_R_Y","val":0.64},
		{"id":"PARAM_BROW_L_X","val":-0.18},
		{"id":"PARAM_BROW_R_X","val":-0.18},
		{"id":"PARAM_BROW_L_FORM","val":0.37},
		{"id":"PARAM_BROW_R_FORM","val":0.37},
		{"id":"PARAM_MOUTH_FORM_01","val":-1,"def":-0.5},
		{"id":"PARAM_MOUTH_SCALE","val":-0.44}
	]
}