{
  "type": "Live2D Expression",
  "fade_in": 500,
  "fade_out": 500,
  "params": [
    {
      "id": "PARAM_EYE_R_OPEN",
      "val": 1.5
    },
    {
      "id": "PARAM_EYE_R_SMILE",
      "val": 1.0
    },
    {
      "id": "PARAM_EYE_L_OPEN",
      "val": 1.5
    },
    {
      "id": "PARAM_EYE_L_SMILE",
      "val": 1.0
    },
    {
      "id": "PARAM_EYE_BALL_Y",
      "val": -0.4064952
    },
    {
      "id": "PARAM_EYE_SCALE",
      "val": -1.0
    },
    {
      "id": "PARAM_BROW_R_Y",
      "val": -0.5032476
    },
    {
      "id": "PARAM_BROW_R_ANGLE",
      "val": 0.5952251
    },
    {
      "id": "PARAM_BROW_R_FORM",
      "val": -0.5
    },
    {
      "id": "PARAM_BROW_L_Y",
      "val": -0.5032476
    },
    {
      "id": "PARAM_BROW_L_ANGLE",
      "val": 0.5952251
    },
    {
      "id": "PARAM_BROW_L_FORM",
      "val": -0.3
    },
    {
      "id": "PARAM_MOUTH_FORM_01",
      "val": -0.8
    },
    {
      "id": "PARAM_MOUTH_OPEN_Y",
      "val": 0.201527268
    },
    {
      "id": "PARAM_MOUTH_SCALE",
      "val": -1.0
    }
  ]
}