{
	"type":"Live2D Expression",
	"fade_in":500,
	"fade_out":500,
	"params":[
		{"id":"PARAM_EYE_L_DOUBLE","val":-0.68},
		{"id":"PARAM_EYE_R_DOUBLE","val":-0.66},
		{"id":"PARAM_EYE_BALL_Y","val":-0.03},
		{"id":"PARAM_BROW_L_Y","val":-0.31},
		{"id":"PARAM_BROW_R_Y","val":-0.31},
		{"id":"PARAM_BROW_L_ANGLE","val":-0.81},
		{"id":"PARAM_BROW_R_ANGLE","val":-0.8},
		{"id":"PARAM_BROW_L_FORM","val":-0.5},
		{"id":"PARAM_BROW_R_FORM","val":-0.5},
		{"id":"PARAM_MOUTH_FORM_01","val":-1,"def":-0.5},
		{"id":"PARAM_MOUTH_SCALE","val":-1}
	]
}