{
  "type": "Live2D Expression",
  "fade_in": 500,
  "fade_out": 500,
  "params": [
    {
      "id": "PARAM_EYE_R_OPEN",
      "val": 0.66,
      "calc": "mult"
    },
    {
      "id": "PARAM_EYE_R_SMILE",
      "val": 0.99
    },
    {
      "id": "PARAM_EYE_L_OPEN",
      "val": 0.66,
      "calc": "mult"
    },
    {
      "id": "PARAM_EYE_L_SMILE",
      "val": 1
    },
    {
      "id": "PARAM_BROW_R_Y",
      "val": 0.01
    },
    {
      "id": "PARAM_BROW_R_ANGLE",
      "val": -0.14
    },
    {
      "id": "PARAM_BROW_R_FORM",
      "val": -0.21
    },
    {
      "id": "PARAM_BROW_L_ANGLE",
      "val": -0.13
    },
    {
      "id": "PARAM_BROW_L_FORM",
      "val": -0.23
    },
    {
      "id": "PARAM_MOUTH_FORM_01",
      "val": 0.5
    }
  ]
}