{
	"type":"Live2D Physics",
	"physics_hair":[
		{
			"label":"clothes_a",
			"setup":{
				"length":0.36,
				"regist":0.6,
				"mass":0.25
			},
			"src":[
				{
					"id":"PARAM_BODY_ANGLE_X",
					"ptype":"x",
					"scale":0.014,
					"weight":0.5
				},
				{
					"id":"PARAM_BODY_ANGLE_Z",
					"ptype":"angle",
					"scale":2.4,
					"weight":0.5
				},
				{
					"id":"PARAM_ANGLE_X",
					"ptype":"x",
					"scale":0.005,
					"weight":2
				},
				{
					"id":"PARAM_ANGLE_Z",
					"ptype":"angle",
					"scale":0.8,
					"weight":2
				}
			],
			"targets":[
				{
					"id":"PARAM_CLOTHES_A",
					"ptype":"angle",
					"scale":0.013,
					"weight":1
				}
			]
		},
		{
			"label":"clothes_b",
			"setup":{
				"length":0.42,
				"regist":0.58,
				"mass":0.3
			},
			"src":[
				{
					"id":"PARAM_BODY_ANGLE_X",
					"ptype":"x",
					"scale":0.014,
					"weight":0.5
				},
				{
					"id":"PARAM_BODY_ANGLE_Z",
					"ptype":"angle",
					"scale":2.4,
					"weight":0.5
				},
				{
					"id":"PARAM_ANGLE_X",
					"ptype":"x",
					"scale":0.005,
					"weight":2
				},
				{
					"id":"PARAM_ANGLE_Z",
					"ptype":"angle",
					"scale":0.8,
					"weight":2
				}
			],
			"targets":[
				{
					"id":"PARAM_CLOTHES_B",
					"ptype":"angle",
					"scale":0.012,
					"weight":1
				}
			]
		},
		{
			"label":"clothes_c",
			"setup":{
				"length":0.38,
				"regist":0.47,
				"mass":0.28
			},
			"src":[
				{
					"id":"PARAM_BODY_ANGLE_X",
					"ptype":"x",
					"scale":0.014,
					"weight":0.5
				},
				{
					"id":"PARAM_BODY_ANGLE_Z",
					"ptype":"angle",
					"scale":2.4,
					"weight":0.5
				},
				{
					"id":"PARAM_ANGLE_X",
					"ptype":"x",
					"scale":0.005,
					"weight":2
				},
				{
					"id":"PARAM_ANGLE_Z",
					"ptype":"angle",
					"scale":0.8,
					"weight":2
				}
			],
			"targets":[
				{
					"id":"PARAM_CLOTHES_C",
					"ptype":"angle",
					"scale":0.011,
					"weight":1
				}
			]
		},
		{
			"label":"clothes_d",
			"setup":{
				"length":0.44,
				"regist":0.49,
				"mass":0.28
			},
			"src":[
				{
					"id":"PARAM_BODY_ANGLE_X",
					"ptype":"x",
					"scale":0.015,
					"weight":0.5
				},
				{
					"id":"PARAM_BODY_ANGLE_Z",
					"ptype":"angle",
					"scale":2.4,
					"weight":0.5
				},
				{
					"id":"PARAM_ANGLE_X",
					"ptype":"x",
					"scale":0.005,
					"weight":2
				},
				{
					"id":"PARAM_ANGLE_Z",
					"ptype":"angle",
					"scale":0.8,
					"weight":2
				}
			],
			"targets":[
				{
					"id":"PARAM_CLOTHES_D",
					"ptype":"angle",
					"scale":0.015,
					"weight":1
				}
			]
		},
		{
			"label":"clothes_e",
			"setup":{
				"length":0.32,
				"regist":0.53,
				"mass":0.34
			},
			"src":[
				{
					"id":"PARAM_BODY_ANGLE_X",
					"ptype":"x",
					"scale":0.015,
					"weight":1
				},
				{
					"id":"PARAM_BODY_ANGLE_Z",
					"ptype":"angle",
					"scale":0.08,
					"weight":1
				}
			],
			"targets":[
				{
					"id":"PARAM_CLOTHES_E",
					"ptype":"angle",
					"scale":0.01,
					"weight":1
				}
			]
		},
		{
			"label":"clothes_f",
			"setup":{
				"length":0.37,
				"regist":0.55,
				"mass":0.36
			},
			"src":[
				{
					"id":"PARAM_BODY_ANGLE_X",
					"ptype":"x",
					"scale":0.015,
					"weight":1
				},
				{
					"id":"PARAM_BODY_ANGLE_Z",
					"ptype":"angle",
					"scale":0.08,
					"weight":1
				}
			],
			"targets":[
				{
					"id":"PARAM_CLOTHES_F",
					"ptype":"angle",
					"scale":0.013,
					"weight":1
				}
			]
		},
		{
			"label":"clothes_g",
			"setup":{
				"length":0.37,
				"regist":0.53,
				"mass":0.35
			},
			"src":[
				{
					"id":"PARAM_BODY_ANGLE_X",
					"ptype":"x",
					"scale":0.016,
					"weight":1
				},
				{
					"id":"PARAM_BODY_ANGLE_Z",
					"ptype":"angle",
					"scale":0.08,
					"weight":1
				}
			],
			"targets":[
				{
					"id":"PARAM_CLOTHES_G",
					"ptype":"angle",
					"scale":0.013,
					"weight":1
				}
			]
		},
		{
			"label":"clothes_h",
			"setup":{
				"length":0.43,
				"regist":0.47,
				"mass":0.32
			},
			"src":[
				{
					"id":"PARAM_BODY_ANGLE_X",
					"ptype":"x",
					"scale":0.014,
					"weight":1
				},
				{
					"id":"PARAM_BODY_ANGLE_Z",
					"ptype":"angle",
					"scale":0.08,
					"weight":1
				}
			],
			"targets":[
				{
					"id":"PARAM_CLOTHES_H",
					"ptype":"angle",
					"scale":0.013,
					"weight":1
				}
			]
		},
		{
			"label":"clothes_i",
			"setup":{
				"length":0.37,
				"regist":0.53,
				"mass":0.35
			},
			"src":[
				{
					"id":"PARAM_BODY_ANGLE_X",
					"ptype":"x",
					"scale":0.015,
					"weight":1
				},
				{
					"id":"PARAM_BODY_ANGLE_Z",
					"ptype":"angle",
					"scale":0.08,
					"weight":1
				}
			],
			"targets":[
				{
					"id":"PARAM_CLOTHES_I",
					"ptype":"angle",
					"scale":0.012,
					"weight":1
				}
			]
		},
		{
			"label":"clothes_j",
			"setup":{
				"length":0.43,
				"regist":0.46,
				"mass":0.37
			},
			"src":[
				{
					"id":"PARAM_BODY_ANGLE_X",
					"ptype":"x",
					"scale":0.011,
					"weight":1
				},
				{
					"id":"PARAM_BODY_ANGLE_Z",
					"ptype":"angle",
					"scale":0.08,
					"weight":1
				}
			],
			"targets":[
				{
					"id":"PARAM_CLOTHES_J",
					"ptype":"angle",
					"scale":0.01,
					"weight":1
				}
			]
		},
		{
			"label":"clothes_k",
			"setup":{
				"length":0.42,
				"regist":0.46,
				"mass":0.39
			},
			"src":[
				{
					"id":"PARAM_BODY_ANGLE_X",
					"ptype":"x",
					"scale":0.013,
					"weight":1
				},
				{
					"id":"PARAM_BODY_ANGLE_Z",
					"ptype":"angle",
					"scale":0.08,
					"weight":1
				}
			],
			"targets":[
				{
					"id":"PARAM_CLOTHES_K",
					"ptype":"angle",
					"scale":0.012,
					"weight":1
				}
			]
		},
		{
			"label":"clothes_l",
			"setup":{
				"length":0.39,
				"regist":0.46,
				"mass":0.35
			},
			"src":[
				{
					"id":"PARAM_BODY_ANGLE_X",
					"ptype":"x",
					"scale":0.014,
					"weight":1
				},
				{
					"id":"PARAM_BODY_ANGLE_Z",
					"ptype":"angle",
					"scale":0.08,
					"weight":1
				}
			],
			"targets":[
				{
					"id":"PARAM_CLOTHES_L",
					"ptype":"angle",
					"scale":0.013,
					"weight":1
				}
			]
		},
		{
			"label":"clothes_m",
			"setup":{
				"length":0.43,
				"regist":0.53,
				"mass":0.29
			},
			"src":[
				{
					"id":"PARAM_BODY_ANGLE_X",
					"ptype":"x",
					"scale":0.012,
					"weight":1
				},
				{
					"id":"PARAM_BODY_ANGLE_Z",
					"ptype":"angle",
					"scale":0.08,
					"weight":1
				}
			],
			"targets":[
				{
					"id":"PARAM_CLOTHES_M",
					"ptype":"angle",
					"scale":0.01,
					"weight":1
				}
			]
		},
		{
			"label":"clothes_n",
			"setup":{
				"length":0.41,
				"regist":0.51,
				"mass":0.32
			},
			"src":[
				{
					"id":"PARAM_BODY_ANGLE_X",
					"ptype":"x",
					"scale":0.013,
					"weight":1
				},
				{
					"id":"PARAM_BODY_ANGLE_Z",
					"ptype":"angle",
					"scale":0.08,
					"weight":1
				}
			],
			"targets":[
				{
					"id":"PARAM_CLOTHES_N",
					"ptype":"angle",
					"scale":0.01,
					"weight":1
				}
			]
		},
		{
			"label":"clothes_o",
			"setup":{
				"length":0.24,
				"regist":0.55,
				"mass":0.28
			},
			"src":[
				{
					"id":"PARAM_BODY_ANGLE_X",
					"ptype":"x",
					"scale":0.015,
					"weight":1
				},
				{
					"id":"PARAM_BODY_ANGLE_Z",
					"ptype":"angle",
					"scale":0.08,
					"weight":1
				}
			],
			"targets":[
				{
					"id":"PARAM_CLOTHES_O",
					"ptype":"angle",
					"scale":0.015,
					"weight":1
				}
			]
		},
		{
			"label":"clothes_p",
			"setup":{
				"length":0.42,
				"regist":0.44,
				"mass":0.32
			},
			"src":[
				{
					"id":"PARAM_BODY_ANGLE_X",
					"ptype":"x",
					"scale":0.015,
					"weight":1
				},
				{
					"id":"PARAM_BODY_ANGLE_Z",
					"ptype":"angle",
					"scale":0.08,
					"weight":1
				}
			],
			"targets":[
				{
					"id":"PARAM_CLOTHES_P",
					"ptype":"angle",
					"scale":0.008,
					"weight":1
				}
			]
		},
		{
			"label":"clothes_q",
			"setup":{
				"length":0.38,
				"regist":0.43,
				"mass":0.23
			},
			"src":[
				{
					"id":"PARAM_BODY_ANGLE_X",
					"ptype":"x",
					"scale":0.015,
					"weight":1
				},
				{
					"id":"PARAM_BODY_ANGLE_Z",
					"ptype":"angle",
					"scale":0.08,
					"weight":1
				}
			],
			"targets":[
				{
					"id":"PARAM_CLOTHES_Q",
					"ptype":"angle",
					"scale":0.014,
					"weight":1
				}
			]
		},
		{
			"label":"clothes_r",
			"setup":{
				"length":0.38,
				"regist":0.5,
				"mass":0.37
			},
			"src":[
				{
					"id":"PARAM_BODY_ANGLE_X",
					"ptype":"x",
					"scale":0.015,
					"weight":1
				},
				{
					"id":"PARAM_BODY_ANGLE_Z",
					"ptype":"angle",
					"scale":0.08,
					"weight":1
				}
			],
			"targets":[
				{
					"id":"PARAM_CLOTHES_R",
					"ptype":"angle",
					"scale":0.012,
					"weight":1
				}
			]
		},
		{
			"label":"clothes_s",
			"setup":{
				"length":0.25,
				"regist":0.7,
				"mass":0.55
			},
			"src":[
				{
					"id":"PARAM_BODY_ANGLE_X",
					"ptype":"x",
					"scale":0.015,
					"weight":1
				},
				{
					"id":"PARAM_BODY_ANGLE_Z",
					"ptype":"angle",
					"scale":0.08,
					"weight":1
				}
			],
			"targets":[
				{
					"id":"PARAM_CLOTHES_S",
					"ptype":"angle",
					"scale":0.012,
					"weight":1
				}
			]
		},
		{
			"label":"clothes_t",
			"setup":{
				"length":0.36,
				"regist":0.7,
				"mass":0.34
			},
			"src":[
				{
					"id":"PARAM_BODY_ANGLE_X",
					"ptype":"x",
					"scale":0.015,
					"weight":1
				},
				{
					"id":"PARAM_BODY_ANGLE_Z",
					"ptype":"angle",
					"scale":0.08,
					"weight":1
				}
			],
			"targets":[
				{
					"id":"PARAM_CLOTHES_T",
					"ptype":"angle",
					"scale":0.008,
					"weight":1
				}
			]
		},
		{
			"label":"clothes_u",
			"setup":{
				"length":0.32,
				"regist":0.7,
				"mass":0.34
			},
			"src":[
				{
					"id":"PARAM_BODY_ANGLE_X",
					"ptype":"x",
					"scale":0.015,
					"weight":1
				},
				{
					"id":"PARAM_BODY_ANGLE_Z",
					"ptype":"angle",
					"scale":0.08,
					"weight":1
				}
			],
			"targets":[
				{
					"id":"PARAM_CLOTHES_U",
					"ptype":"angle",
					"scale":0.008,
					"weight":1
				}
			]
		},
		{
			"label":"clothes_v",
			"setup":{
				"length":0.41,
				"regist":0.57,
				"mass":0.37
			},
			"src":[
				{
					"id":"PARAM_BODY_ANGLE_X",
					"ptype":"x",
					"scale":0.013,
					"weight":1
				},
				{
					"id":"PARAM_BODY_ANGLE_Z",
					"ptype":"angle",
					"scale":0.08,
					"weight":1
				}
			],
			"targets":[
				{
					"id":"PARAM_CLOTHES_V",
					"ptype":"angle",
					"scale":0.012,
					"weight":1
				}
			]
		},
		{
			"label":"clothes_w",
			"setup":{
				"length":0.41,
				"regist":0.49,
				"mass":0.34
			},
			"src":[
				{
					"id":"PARAM_BODY_ANGLE_X",
					"ptype":"x",
					"scale":0.013,
					"weight":1
				},
				{
					"id":"PARAM_BODY_ANGLE_Z",
					"ptype":"angle",
					"scale":0.08,
					"weight":1
				}
			],
			"targets":[
				{
					"id":"PARAM_CLOTHES_W",
					"ptype":"angle",
					"scale":0.011,
					"weight":1
				}
			]
		},
		{
			"label":"clothes_x",
			"setup":{
				"length":0.32,
				"regist":0.48,
				"mass":0.28
			},
			"src":[
				{
					"id":"PARAM_BODY_ANGLE_X",
					"ptype":"x",
					"scale":0.015,
					"weight":1
				},
				{
					"id":"PARAM_BODY_ANGLE_Z",
					"ptype":"angle",
					"scale":0.08,
					"weight":1
				}
			],
			"targets":[
				{
					"id":"PARAM_CLOTHES_X",
					"ptype":"angle",
					"scale":0.012,
					"weight":1
				}
			]
		},
		{
			"label":"clothes_y",
			"setup":{
				"length":0.4,
				"regist":0.48,
				"mass":0.32
			},
			"src":[
				{
					"id":"PARAM_BODY_ANGLE_X",
					"ptype":"x",
					"scale":0.015,
					"weight":1
				},
				{
					"id":"PARAM_BODY_ANGLE_Z",
					"ptype":"angle",
					"scale":0.08,
					"weight":1
				}
			],
			"targets":[
				{
					"id":"PARAM_CLOTHES_Y",
					"ptype":"angle",
					"scale":0.01,
					"weight":1
				}
			]
		},
		{
			"label":"clothes_z",
			"setup":{
				"length":0.32,
				"regist":0.38,
				"mass":0.21
			},
			"src":[
				{
					"id":"PARAM_BODY_ANGLE_X",
					"ptype":"x",
					"scale":0.016,
					"weight":1
				},
				{
					"id":"PARAM_BODY_ANGLE_Z",
					"ptype":"angle",
					"scale":0.08,
					"weight":1
				}
			],
			"targets":[
				{
					"id":"PARAM_CLOTHES_Z",
					"ptype":"angle",
					"scale":0.018,
					"weight":1
				}
			]
		},
		{
			"label":"clothes_aa",
			"setup":{
				"length":0.24,
				"regist":0.55,
				"mass":0.28
			},
			"src":[
				{
					"id":"PARAM_BODY_ANGLE_X",
					"ptype":"x",
					"scale":0.015,
					"weight":1
				},
				{
					"id":"PARAM_BODY_ANGLE_Z",
					"ptype":"angle",
					"scale":0.08,
					"weight":1
				}
			],
			"targets":[
				{
					"id":"PARAM_CLOTHES_AA",
					"ptype":"angle",
					"scale":0.012,
					"weight":1
				}
			]
		},
		{
			"label":"clothes_ab",
			"setup":{
				"length":0.34,
				"regist":0.48,
				"mass":0.28
			},
			"src":[
				{
					"id":"PARAM_BODY_ANGLE_X",
					"ptype":"x",
					"scale":0.016,
					"weight":1
				},
				{
					"id":"PARAM_BODY_ANGLE_Z",
					"ptype":"angle",
					"scale":0.08,
					"weight":1
				}
			],
			"targets":[
				{
					"id":"PARAM_CLOTHES_AB",
					"ptype":"angle",
					"scale":0.014,
					"weight":1
				}
			]
		}
	]
}