{"version": "Sample 1.0.0", "layout": {"center_x": 0, "center_y": 0, "width": 2}, "hit_areas_custom": {"head_x": [-0.25, 1], "head_y": [0.25, 0.2], "body_x": [-0.3, 0.2], "body_y": [0.3, -1.9]}, "model": "live2d/chara/341_school_winter-2023_rip/sakiko_school_winter-2023.moc", "physics": "live2d/chara/341_school_winter-2023_rip/sakiko_school_winter-2023.physics.json", "textures": ["live2d/chara/341_general_rip/texture_00.png", "live2d/chara/341_school_winter-2023_rip/texture_01.png"], "motions": {"nf02": [{"file": "live2d/chara/341_general_rip/nf02.mtn"}], "nf_left01": [{"file": "live2d/chara/341_general_rip/nf_left01.mtn"}], "nf01": [{"file": "live2d/chara/341_general_rip/nf01.mtn"}], "bye01": [{"file": "live2d/chara/341_general_rip/bye01.mtn"}], "nf_right01": [{"file": "live2d/chara/341_general_rip/nf_right01.mtn"}], "nnf_left01": [{"file": "live2d/chara/341_general_rip/nnf_left01.mtn"}], "nnf02": [{"file": "live2d/chara/341_general_rip/nnf02.mtn"}], "smile02": [{"file": "live2d/chara/341_general_rip/smile02.mtn"}], "surprised01": [{"file": "live2d/chara/341_general_rip/surprised01.mtn"}], "angry01": [{"file": "live2d/chara/341_general_rip/angry01.mtn"}], "nf04": [{"file": "live2d/chara/341_general_rip/nf04.mtn"}], "idle01": [{"file": "live2d/chara/341_general_rip/idle01.mtn"}], "邪恶睦头": [{"file": "live2d/chara/341_general_rip/邪恶睦头.mtn"}], "挨打睦头": [{"file": "live2d/chara/341_general_rip/挨打睦头.mtn"}], "应当睦头": [{"file": "live2d/chara/341_general_rip/应当睦头.mtn"}], "nnf01": [{"file": "live2d/chara/341_general_rip/nnf01.mtn"}], "kime01": [{"file": "live2d/chara/341_general_rip/kime01.mtn"}], "sad02": [{"file": "live2d/chara/341_general_rip/sad02.mtn"}], "nf03": [{"file": "live2d/chara/341_general_rip/nf03.mtn"}], "nf05": [{"file": "live2d/chara/341_general_rip/nf05.mtn"}], "nnf05": [{"file": "live2d/chara/341_general_rip/nnf05.mtn"}], "nnf04": [{"file": "live2d/chara/341_general_rip/nnf04.mtn"}], "nnf_right01": [{"file": "live2d/chara/341_general_rip/nnf_right01.mtn"}], "smile01": [{"file": "live2d/chara/341_general_rip/smile01.mtn"}], "odoodo01": [{"file": "live2d/chara/341_general_rip/odoodo01.mtn"}], "sad01": [{"file": "live2d/chara/341_general_rip/sad01.mtn"}], "nnf03": [{"file": "live2d/chara/341_general_rip/nnf03.mtn"}], "smile04": [{"file": "live2d/chara/341_general_rip/smile04.mtn"}], "thinking01": [{"file": "live2d/chara/341_general_rip/thinking01.mtn"}], "ssk_angry01": [{"file": "ssk替换动作位置/ssk_angry01.mtn"}], "ssk_angry02": [{"file": "ssk替换动作位置/ssk_angry02.mtn"}], "ssk_angry03": [{"file": "ssk替换动作位置/ssk_angry03.mtn"}], "ssk_angry04": [{"file": "ssk替换动作位置/ssk_angry04.mtn"}], "ssk_骑士变身": [{"file": "ssk替换动作位置/ssk_angry05 - 副本.mtn"}], "ssk_angry05": [{"file": "ssk替换动作位置/ssk_angry05.mtn"}], "ssk_angry06": [{"file": "ssk替换动作位置/ssk_angry06.mtn"}], "ssk_angry07": [{"file": "ssk替换动作位置/ssk_angry07.mtn"}], "ssk_bye01": [{"file": "ssk替换动作位置/ssk_bye01.mtn"}], "ssk_bye02": [{"file": "ssk替换动作位置/ssk_bye02.mtn"}], "ssk_cry01": [{"file": "ssk替换动作位置/ssk_cry01.mtn"}], "ssk_cry02": [{"file": "ssk替换动作位置/ssk_cry02.mtn"}], "ssk_cry03": [{"file": "ssk替换动作位置/ssk_cry03.mtn"}], "ssk_cry04": [{"file": "ssk替换动作位置/ssk_cry04.mtn"}], "ssk_cry05": [{"file": "ssk替换动作位置/ssk_cry05.mtn"}], "ssk_idle01": [{"file": "ssk替换动作位置/ssk_idle01.mtn"}], "ssk_kime01": [{"file": "ssk替换动作位置/ssk_kime01.mtn"}], "ssk_nf01": [{"file": "ssk替换动作位置/ssk_nf01.mtn"}], "ssk_nf02": [{"file": "ssk替换动作位置/ssk_nf02.mtn"}], "ssk_nf03": [{"file": "ssk替换动作位置/ssk_nf03.mtn"}], "ssk_nf04": [{"file": "ssk替换动作位置/ssk_nf04.mtn"}], "ssk_nf05": [{"file": "ssk替换动作位置/ssk_nf05.mtn"}], "ssk_nf_left01": [{"file": "ssk替换动作位置/ssk_nf_left01.mtn"}], "ssk_nf_right01": [{"file": "ssk替换动作位置/ssk_nf_right01.mtn"}], "ssk_nnf01": [{"file": "ssk替换动作位置/ssk_nnf01.mtn"}], "ssk_nnf02": [{"file": "ssk替换动作位置/ssk_nnf02.mtn"}], "ssk_nnf03": [{"file": "ssk替换动作位置/ssk_nnf03.mtn"}], "ssk_nnf04": [{"file": "ssk替换动作位置/ssk_nnf04.mtn"}], "ssk_nnf05": [{"file": "ssk替换动作位置/ssk_nnf05.mtn"}], "ssk_nnf_left01": [{"file": "ssk替换动作位置/ssk_nnf_left01.mtn"}], "ssk_nnf_right01": [{"file": "ssk替换动作位置/ssk_nnf_right01.mtn"}], "ssk_nod01": [{"file": "ssk替换动作位置/ssk_nod01.mtn"}], "ssk_odoodo01": [{"file": "ssk替换动作位置/ssk_odoodo01.mtn"}], "ssk_sad01": [{"file": "ssk替换动作位置/ssk_sad01.mtn"}], "ssk_sad02": [{"file": "ssk替换动作位置/ssk_sad02.mtn"}], "ssk_serious01": [{"file": "ssk替换动作位置/ssk_serious01.mtn"}], "ssk_serious02": [{"file": "ssk替换动作位置/ssk_serious02.mtn"}], "ssk_shame01": [{"file": "ssk替换动作位置/ssk_shame01.mtn"}], "ssk_shame02": [{"file": "ssk替换动作位置/ssk_shame02.mtn"}], "ssk_sigh01": [{"file": "ssk替换动作位置/ssk_sigh01.mtn"}], "ssk_sigh02": [{"file": "ssk替换动作位置/ssk_sigh02.mtn"}], "ssk_smile01": [{"file": "ssk替换动作位置/ssk_smile01.mtn"}], "ssk_smile02": [{"file": "ssk替换动作位置/ssk_smile02.mtn"}], "ssk_smile03": [{"file": "ssk替换动作位置/ssk_smile03.mtn"}], "ssk_smile04": [{"file": "ssk替换动作位置/ssk_smile04.mtn"}], "ssk_smile05": [{"file": "ssk替换动作位置/ssk_smile05.mtn"}], "ssk_smile06": [{"file": "ssk替换动作位置/ssk_smile06.mtn"}], "ssk_surprised01": [{"file": "ssk替换动作位置/ssk_surprised01.mtn"}], "ssk_surprised02": [{"file": "ssk替换动作位置/ssk_surprised02.mtn"}], "ssk_thinking01": [{"file": "ssk替换动作位置/ssk_thinking01.mtn"}], "ssk_thinking02": [{"file": "ssk替换动作位置/ssk_thinking02.mtn"}]}, "expressions": [{"name": "angry01", "file": "live2d/chara/341_general_rip/angry01.exp.json"}, {"name": "sad01", "file": "live2d/chara/341_general_rip/sad01.exp.json"}, {"name": "smile02", "file": "live2d/chara/341_general_rip/smile02.exp.json"}, {"name": "default", "file": "live2d/chara/341_general_rip/default.exp.json"}, {"name": "idle01", "file": "live2d/chara/341_general_rip/idle01.exp.json"}, {"name": "邪恶睦头", "file": "live2d/chara/341_general_rip/邪恶睦头.exp.json"}, {"name": "挨打睦头", "file": "live2d/chara/341_general_rip/挨打睦头.exp.json"}, {"name": "应当睦头", "file": "live2d/chara/341_general_rip/应当睦头.exp.json"}, {"name": "smile01", "file": "live2d/chara/341_general_rip/smile01.exp.json"}, {"name": "smile04", "file": "live2d/chara/341_general_rip/smile04.exp.json"}, {"name": "surprised01", "file": "live2d/chara/341_general_rip/surprised01.exp.json"}, {"name": "ssk_angry01", "file": "ssk替换动作位置/ssk_angry01.exp.json"}, {"name": "ssk_angry02", "file": "ssk替换动作位置/ssk_angry02.exp.json"},  {"name": "ssk_骑士变身", "file": "ssk替换动作位置/ssk_angry02 - 副本.exp.json"}, {"name": "ssk_angry07", "file": "ssk替换动作位置/ssk_angry07.exp.json"}, {"name": "ssk_cry01", "file": "ssk替换动作位置/ssk_cry01.exp.json"}, {"name": "ssk_cry02", "file": "ssk替换动作位置/ssk_cry02.exp.json"}, {"name": "ssk_cry03", "file": "ssk替换动作位置/ssk_cry03.exp.json"}, {"name": "ssk_cry04", "file": "ssk替换动作位置/ssk_cry04.exp.json"}, {"name": "ssk_default", "file": "ssk替换动作位置/ssk_default.exp.json"}, {"name": "ssk_idle01", "file": "ssk替换动作位置/ssk_idle01.exp.json"}, {"name": "ssk_kime01", "file": "ssk替换动作位置/ssk_kime01.exp.json"}, {"name": "ssk_odoodo01", "file": "ssk替换动作位置/ssk_odoodo01.exp.json"}, {"name": "ssk_sad01", "file": "ssk替换动作位置/ssk_sad01.exp.json"}, {"name": "ssk_sad02", "file": "ssk替换动作位置/ssk_sad02.exp.json"}, {"name": "ssk_serious01", "file": "ssk替换动作位置/ssk_serious01.exp.json"}, {"name": "ssk_serious02", "file": "ssk替换动作位置/ssk_serious02.exp.json"}, {"name": "ssk_shame01", "file": "ssk替换动作位置/ssk_shame01.exp.json"}, {"name": "ssk_shame02", "file": "ssk替换动作位置/ssk_shame02.exp.json"}, {"name": "ssk_sigh01", "file": "ssk替换动作位置/ssk_sigh01.exp.json"}, {"name": "ssk_sigh02", "file": "ssk替换动作位置/ssk_sigh02.exp.json"}, {"name": "ssk_smile01", "file": "ssk替换动作位置/ssk_smile01.exp.json"}, {"name": "ssk_smile02", "file": "ssk替换动作位置/ssk_smile02.exp.json"}, {"name": "ssk_smile03", "file": "ssk替换动作位置/ssk_smile03.exp.json"}, {"name": "ssk_smile04", "file": "ssk替换动作位置/ssk_smile04.exp.json"}, {"name": "ssk_smile05", "file": "ssk替换动作位置/ssk_smile05.exp.json"}, {"name": "ssk_smile06", "file": "ssk替换动作位置/ssk_smile06.exp.json"}, {"name": "ssk_surprised01", "file": "ssk替换动作位置/ssk_surprised01.exp.json"}, {"name": "ssk_surprised02", "file": "ssk替换动作位置/ssk_surprised02.exp.json"}, {"name": "ssk_thinking01", "file": "ssk替换动作位置/ssk_thinking01.exp.json"}, {"name": "ssk_thinking02", "file": "ssk替换动作位置/ssk_thinking02.exp.json"}]}