{"type":"Live2D Physics","physics_hair":[{"label":"clothes_a","setup":{"length":0.1,"regist":0.56,"mass":0.11},"src":[{"id":"PARAM_BODY_ANGLE_Z","ptype":"angle","scale":2.4,"weight":0.5},{"id":"PARAM_BODY_ANGLE_X","ptype":"x","scale":0.015,"weight":0.5},{"id":"PARAM_ANGLE_Z","ptype":"angle","scale":0.8,"weight":2},{"id":"PARAM_ANGLE_X","ptype":"x","scale":0.005,"weight":2}],"targets":[{"id":"PARAM_CLOTHES_A","ptype":"angle","scale":0.012,"weight":1}]},{"label":"clothes_b","setup":{"length":0.12,"regist":0.58,"mass":0.11},"src":[{"id":"PARAM_BODY_ANGLE_Z","ptype":"angle","scale":2.4,"weight":0.5},{"id":"PARAM_BODY_ANGLE_X","ptype":"x","scale":0.015,"weight":0.5},{"id":"PARAM_ANGLE_Z","ptype":"angle","scale":0.8,"weight":2},{"id":"PARAM_ANGLE_X","ptype":"x","scale":0.005,"weight":2}],"targets":[{"id":"PARAM_CLOTHES_B","ptype":"angle","scale":0.02,"weight":1}]},{"label":"clothes_c","setup":{"length":0.13,"regist":0.6,"mass":0.17},"src":[{"id":"PARAM_BODY_ANGLE_Z","ptype":"angle","scale":2.4,"weight":0.5},{"id":"PARAM_BODY_ANGLE_X","ptype":"x","scale":0.015,"weight":0.5},{"id":"PARAM_ANGLE_Z","ptype":"angle","scale":0.8,"weight":2},{"id":"PARAM_ANGLE_X","ptype":"x","scale":0.005,"weight":2}],"targets":[{"id":"PARAM_CLOTHES_C","ptype":"angle","scale":0.022,"weight":1}]},{"label":"clothes_d","setup":{"length":0.12,"regist":0.57,"mass":0.15},"src":[{"id":"PARAM_BODY_ANGLE_Z","ptype":"angle","scale":0.8,"weight":1},{"id":"PARAM_BODY_ANGLE_X","ptype":"x","scale":0.005,"weight":1}],"targets":[{"id":"PARAM_CLOTHES_D","ptype":"angle","scale":0.021,"weight":1}]},{"label":"clothes_e","setup":{"length":0.1,"regist":0.55,"mass":0.12},"src":[{"id":"PARAM_BODY_ANGLE_Z","ptype":"angle","scale":0.8,"weight":1},{"id":"PARAM_BODY_ANGLE_X","ptype":"x","scale":0.005,"weight":1}],"targets":[{"id":"PARAM_CLOTHES_E","ptype":"angle","scale":0.022,"weight":1}]},{"label":"clothes_f","setup":{"length":0.1,"regist":0.6,"mass":0.12},"src":[{"id":"PARAM_BODY_ANGLE_Z","ptype":"angle","scale":0.8,"weight":1},{"id":"PARAM_BODY_ANGLE_X","ptype":"x","scale":0.005,"weight":1}],"targets":[{"id":"PARAM_CLOTHES_F","ptype":"angle","scale":0.021,"weight":1}]},{"label":"clothes_g","setup":{"length":0.15,"regist":0.56,"mass":0.13},"src":[{"id":"PARAM_BODY_ANGLE_Z","ptype":"angle","scale":0.8,"weight":1},{"id":"PARAM_BODY_ANGLE_X","ptype":"x","scale":0.005,"weight":1}],"targets":[{"id":"PARAM_CLOTHES_G","ptype":"angle","scale":0.023,"weight":1}]},{"label":"clothes_h","setup":{"length":0.16,"regist":0.55,"mass":0.13},"src":[{"id":"PARAM_BODY_ANGLE_Z","ptype":"angle","scale":0.8,"weight":1},{"id":"PARAM_BODY_ANGLE_X","ptype":"x","scale":0.005,"weight":1}],"targets":[{"id":"PARAM_CLOTHES_H","ptype":"angle","scale":0.025,"weight":1}]},{"label":"clothes_i","setup":{"length":0.16,"regist":0.56,"mass":0.16},"src":[{"id":"PARAM_BODY_ANGLE_Z","ptype":"angle","scale":0.8,"weight":1},{"id":"PARAM_BODY_ANGLE_X","ptype":"x","scale":0.005,"weight":1}],"targets":[{"id":"PARAM_CLOTHES_I","ptype":"angle","scale":0.025,"weight":1}]},{"label":"clothes_j","setup":{"length":0.13,"regist":0.58,"mass":0.14},"src":[{"id":"PARAM_BODY_ANGLE_Z","ptype":"angle","scale":0.8,"weight":1},{"id":"PARAM_BODY_ANGLE_X","ptype":"x","scale":0.005,"weight":1}],"targets":[{"id":"PARAM_CLOTHES_J","ptype":"angle","scale":0.023,"weight":1}]},{"label":"clothes_k","setup":{"length":0.29,"regist":0.55,"mass":0.18},"src":[{"id":"PARAM_BODY_ANGLE_Z","ptype":"angle","scale":0.8,"weight":1},{"id":"PARAM_BODY_ANGLE_X","ptype":"x","scale":0.005,"weight":1}],"targets":[{"id":"PARAM_CLOTHES_K","ptype":"angle","scale":0.023,"weight":1}]},{"label":"clothes_l","setup":{"length":0.21,"regist":0.58,"mass":0.14},"src":[{"id":"PARAM_BODY_ANGLE_Z","ptype":"angle","scale":0.8,"weight":1},{"id":"PARAM_BODY_ANGLE_X","ptype":"x","scale":0.005,"weight":1}],"targets":[{"id":"PARAM_CLOTHES_L","ptype":"angle","scale":0.028,"weight":1}]}]}