{
	"type":"Live2D Expression",
	"fade_in":500,
	"fade_out":500,
	"params":[
		{"id":"PARAM_EYE_L_OPEN","val":0.75,"calc":"mult"},
		{"id":"PARAM_EYE_R_OPEN","val":0.75,"calc":"mult"},
		{"id":"PARAM_EYE_BALL_Y","val":-1},
		{"id":"PARAM_EYE_SCALE","val":-0.34},
		{"id":"PARAM_TEAR","val":0.5},
		{"id":"PARAM_BROW_L_Y","val":-0.71},
		{"id":"PARAM_BROW_R_Y","val":-0.65},
		{"id":"PARAM_BROW_L_ANGLE","val":0.22},
		{"id":"PARAM_BROW_R_ANGLE","val":0.23},
		{"id":"PARAM_BROW_L_FORM","val":-0.5},
		{"id":"PARAM_BROW_R_FORM","val":-0.5},
		{"id":"PARAM_MOUTH_FORM_01","val":-1},
		{"id":"PARAM_MOUTH_SCALE","val":0.06}
	]
}