{
	"type":"Live2D Expression",
	"fade_in":500,
	"fade_out":500,
	"params":[
		{"id":"PARAM_EYE_L_OPEN","val":0.95,"calc":"mult"},
		{"id":"PARAM_EYE_L_DOUBLE","val":-0.48},
		{"id":"PARAM_EYE_R_OPEN","val":0.95,"calc":"mult"},
		{"id":"PARAM_EYE_R_DOUBLE","val":-0.59},
		{"id":"PARAM_EYE_SCALE","val":-0.36},
		{"id":"PARAM_BROW_L_Y","val":-0.27},
		{"id":"PARAM_BROW_R_Y","val":-0.29},
		{"id":"PARAM_BROW_L_ANGLE","val":-0.08},
		{"id":"PARAM_BROW_R_ANGLE","val":-0.06},
		{"id":"PARAM_BROW_L_FORM","val":-0.18},
		{"id":"PARAM_BROW_R_FORM","val":-0.21},
		{"id":"PARAM_MOUTH_SCALE","val":-0.32}
	]
}