{
	"type":"Live2D Expression",
	"fade_in":500,
	"fade_out":500,
	"params":[
		{"id":"PARAM_EYE_L_SMILE","val":1},
		{"id":"PARAM_EYE_R_SMILE","val":1},
		{"id":"PARAM_EYE_R_DOUBLE","val":-0.68},
		{"id":"PARAM_EYE_BALL_Y","val":-0.03},
		{"id":"PARAM_BROW_L_X","val":-0.84},
		{"id":"PARAM_BROW_R_X","val":-0.84},
		{"id":"PARAM_BROW_L_ANGLE","val":-0.83},
		{"id":"PARAM_BROW_R_ANGLE","val":-0.83},
		{"id":"PARAM_BROW_L_FORM","val":-0.5},
		{"id":"PARAM_BROW_R_FORM","val":-0.5}
	]
}