{
	"type":"Live2D Expression",
	"fade_in":500,
	"fade_out":500,
	"params":[
		{"id":"PARAM_HAIR_FRONT","val":1},
		{"id":"PARAM_EYE_R_OPEN","val":1.5,"def":1},
		{"id":"PARAM_EYE_R_SMILE","val":1},
		{"id":"PARAM_EYE_L_OPEN","val":1.5,"def":1},
		{"id":"PARAM_EYE_L_SMILE","val":1},
		{"id":"PARAM_EYE_BALL_X","val":0.65},
		{"id":"PARAM_EYE_BALL_Y","val":1},
		{"id":"PARAM_EYE_FORM","val":1},
		{"id":"PARAM_EYE_SCALE","val":-1},
		{"id":"PARAM_EYE_HIGHLIGHT","val":1},
		{"id":"PARAM_BROW_R_Y","val":0.07},
		{"id":"PARAM_BROW_R_X","val":0.13},
		{"id":"PARAM_BROW_R_ANGLE","val":-0.5},
		{"id":"PARAM_BROW_R_FORM","val":-3},
		{"id":"PARAM_BROW_L_Y","val":0.07},
		{"id":"PARAM_BROW_L_X","val":0.13},
		{"id":"PARAM_BROW_L_ANGLE","val":-0.63},
		{"id":"PARAM_BROW_L_FORM","val":-2.77},
		{"id":"PARAM_MOUTH_FORM_01","val":0.5},
		{"id":"PARAM_MOUTH_OPEN_Y","val":1},
		{"id":"PARAM_MOUTH_OPEN_Y_MANUAL","val":0.24},
		{"id":"PARAM_MOUTH_SWITCH","val":1},
		{"id":"PARAM_MOUTH_FORM_Y","val":-0.06},
		{"id":"PARAM_MOUTH_SCALE","val":1},
		{"id":"PARAM_CHEEK","val":1},
		{"id":"PARAM_CHEEK2","val":1}
	]
}