{"version":"Sample 1.0.0","layout":{"center_x":0,"center_y":0,"width":2},"hit_areas_custom":{"head_x":[-0.25,1],
"head_y":[0.25,0.2],
"body_x":[-0.3,0.2],
"body_y":[0.3,-1.9]},"model":"338_casual-2023/mutsumi_casual-2023.moc","physics":"338_casual-2023/mutsumi_casual-2023.physics.json","textures":["338_general/texture_00_Mo2.png","338_casual-2023/texture_01.png"],
"motions":{"smile02":[{"file":"338_general/smile02.mtn"}],
"nnf_left01":[{"file":"338_general/nnf_left01.mtn"}],
"odoodo01":[{"file":"338_general/odoodo01.mtn"}],
"nnf01":[{"file":"338_general/nnf01.mtn"}],
"nnf02":[{"file":"338_general/nnf02.mtn"}],
"surprised01":[{"file":"338_general/surprised01.mtn"}],
"nf_right01":[{"file":"338_general/nf_right01.mtn"}],
"sad02":[{"file":"338_general/sad02.mtn"}],
"nf_left01":[{"file":"338_general/nf_left01.mtn"}],
"nf01":[{"file":"338_general/nf01.mtn"}],
"nf11":[{"file":"338_general/nf11.mtn"}],
"nf02":[{"file":"338_general/nf02.mtn"}],
"bye01":[{"file":"338_general/bye01.mtn"}],
"nf04":[{"file":"338_general/nf04.mtn"}],
"nf05":[{"file":"338_general/nf05.mtn"}],
"smile01":[{"file":"338_general/smile01.mtn"}],
"nnf04":[{"file":"338_general/nnf04.mtn"}],
"nf03":[{"file":"338_general/nf03.mtn"}],
"idle01":[{"file":"338_general/idle01.mtn"}],
"nnf05":[{"file":"338_general/nnf05.mtn"}],
"nnf03":[{"file":"338_general/nnf03.mtn"}],
"thinking01":[{"file":"338_general/thinking01.mtn"}],
"smile04":[{"file":"338_general/smile04.mtn"}],
"angry01":[{"file":"338_general/angry01.mtn"}],
"nnf_right01":[{"file":"338_general/nnf_right01.mtn"}],
"sad01":[{"file":"338_general/sad01.mtn"}],
"kime01":[{"file":"338_general/kime01.mtn"}]},"expressions":[{"name":"angry01","file":"338_general/angry01.exp.json"},{"name":"default","file":"338_general/default.exp.json"},{"name":"sad01","file":"338_general/sad01.exp.json"},{"name":"右转身","file":"338_general/R_boby.exp.json"},
{"name":"左转身","file":"338_general/L_boby.exp.json"},{"name":"smile02","file":"338_general/smile02.exp.json"},{"name":"smile01","file":"338_general/smile01.exp.json"},{"name":"idle01","file":"338_general/idle01.exp.json"},
{"name":"shame01","file":"338_general/shame01.exp.json"},{"name":"surprised01","file":"338_general/surprised01.exp.json"},{"name":"smile04","file":"338_general/smile04.exp.json"}]}