{"version":"Sample 1.0.0","layout":{"center_x":0,"center_y":0,"width":2},"hit_areas_custom":{"head_x":[-0.25,1],"head_y":[0.25,0.2],"body_x":[-0.3,0.2],"body_y":[0.3,-1.9]},"model":"039_casual-2023/soyo_casual-2023.moc","physics":"039_casual-2023/soyo_casual-2023.physics.json","textures":["039_general/texture_00_Mo2.png","039_casual-2023/texture_01.png"],"motions":{"nnf03":[{"file":"039_general/nnf03.mtn"}],"idle01":[{"file":"039_general/idle01.mtn"}],"bye01":[{"file":"039_general/bye01.mtn"}],"nnf_left01":[{"file":"039_general/nnf_left01.mtn"}],"nnf04":[{"file":"039_general/nnf04.mtn"}],"angry02":[{"file":"039_general/angry02.mtn"}],"nnf01":[{"file":"039_general/nnf01.mtn"}],"nnf_right01":[{"file":"039_general/nnf_right01.mtn"}],"nf05":[{"file":"039_general/nf05.mtn"}],"nf04":[{"file":"039_general/nf04.mtn"}],"serious03":[{"file":"039_general/serious03.mtn"}],"serious04":[{"file":"039_general/serious04.mtn"}],"nnf05":[{"file":"039_general/nnf05.mtn"}],"nf01":[{"file":"039_general/nf01.mtn"}],"smile04":[{"file":"039_general/smile04.mtn"}],"sad02":[{"file":"039_general/sad02.mtn"}],"shame01":[{"file":"039_general/shame01.mtn"}],"cry02":[{"file":"039_general/cry02.mtn"}],"angry03":[{"file":"039_general/angry03.mtn"}],"bye02":[{"file":"039_general/bye02.mtn"}],"smile02":[{"file":"039_general/smile02.mtn"}],"smile03":[{"file":"039_general/smile03.mtn"}],"nf02":[{"file":"039_general/nf02.mtn"}],"nf_right01":[{"file":"039_general/nf_right01.mtn"}],"sad03":[{"file":"039_general/sad03.mtn"}],"shame02":[{"file":"039_general/shame02.mtn"}],"shame11":[{"file":"039_general/shame11.mtn"}],"serious02":[{"file":"039_general/serious02.mtn"}],"odoodo01":[{"file":"039_general/odoodo01.mtn"}],"thinking01":[{"file":"039_general/thinking01.mtn"}],"thinking11":[{"file":"039_general/thinking11.mtn"}],"nf03":[{"file":"039_general/nf03.mtn"}],"wink01":[{"file":"039_general/wink01.mtn"}],"smile01":[{"file":"039_general/smile01.mtn"}],"nf_left01":[{"file":"039_general/nf_left01.mtn"}],"surprised01":[{"file":"039_general/surprised01.mtn"}],"sad01":[{"file":"039_general/sad01.mtn"}],"ando01":[{"file":"039_general/ando01.mtn"}],"nnf02":[{"file":"039_general/nnf02.mtn"}],"nnf11":[{"file":"039_general/nnf11.mtn"}],"smile05":[{"file":"039_general/smile05.mtn"}],"serious01":[{"file":"039_general/serious01.mtn"}],"thinking02":[{"file":"039_general/thinking02.mtn"}],"thinking12":[{"file":"039_general/thinking12.mtn"}],"kandou01":[{"file":"039_general/kandou01.mtn"}],"kime01":[{"file":"039_general/kime01.mtn"}],"angry01":[{"file":"039_general/angry01.mtn"}],"surprised02":[{"file":"039_general/surprised02.mtn"}],"surprised11":[{"file":"039_general/surprised11.mtn"}],"cry01":[{"file":"039_general/cry01.mtn"}]},"expressions":[{"name":"ando01","file":"039_general/ando01.exp.json"},{"name":"bye02","file":"039_general/bye02.exp.json"},{"name":"bye01","file":"039_general/bye01.exp.json"},{"name":"angry03","file":"039_general/angry03.exp.json"},{"name":"cry02","file":"039_general/cry02.exp.json"},{"name":"idle01","file":"039_general/idle01.exp.json"},{"name":"angry01","file":"039_general/angry01.exp.json"},{"name":"odoodo01","file":"039_general/odoodo01.exp.json"},{"name":"thinking02","file":"039_general/thinking02.exp.json"},{"name":"default","file":"039_general/default.exp.json"},{"name":"surprised01","file":"039_general/surprised01.exp.json"},{"name":"kandou01","file":"039_general/kandou01.exp.json"},{"name":"smile03","file":"039_general/smile03.exp.json"},{"name":"kime01","file":"039_general/kime01.exp.json"},{"name":"smile01","file":"039_general/smile01.exp.json"},{"name":"smile02","file":"039_general/smile02.exp.json"},{"name":"thinking01","file":"039_general/thinking01.exp.json"},{"name":"cry01","file":"039_general/cry01.exp.json"},{"name":"angry02","file":"039_general/angry02.exp.json"},{"name":"serious01","file":"039_general/serious01.exp.json"},{"name":"smile05","file":"039_general/smile05.exp.json"},{"name":"serious02","file":"039_general/serious02.exp.json"},{"name":"serious04","file":"039_general/serious04.exp.json"},{"name":"serious03","file":"039_general/serious03.exp.json"},{"name":"wink01","file":"039_general/wink01.exp.json"},{"name":"sad03","file":"039_general/sad03.exp.json"},{"name":"smile04","file":"039_general/smile04.exp.json"},{"name":"左转身","file":"039_general/L_Boby.exp.json"},{"name":"右转身","file":"039_general/R_boby.exp.json"},{"name":"shame01","file":"039_general/shame01.exp.json"},{"name":"sad01","file":"039_general/sad01.exp.json"},{"name":"shame02","file":"039_general/shame02.exp.json"},
{"name":"shame03","file":"039_general/shame03.exp.json"},{"name":"sad02","file":"039_general/sad02.exp.json"}]}