{"type":"Live2D Expression","fade_in":500,"fade_out":500,"params":[{"id":"PARAM_EYE_R_OPEN","val":0.7,"calc":"mult"},{"id":"PARAM_EYE_R_SMILE","val":1},{"id":"PARAM_EYE_L_OPEN","val":0.7,"calc":"mult"},{"id":"PARAM_EYE_L_SMILE","val":1},{"id":"PARAM_EYE_FORM","val":0.69},{"id":"PARAM_TEAR","val":1},{"id":"PARAM_BROW_R_Y","val":-0.35},{"id":"PARAM_BROW_R_ANGLE","val":0.36},{"id":"PARAM_BROW_R_FORM","val":-3},{"id":"PARAM_BROW_L_Y","val":-0.35},{"id":"PARAM_BROW_L_ANGLE","val":0.36},{"id":"PARAM_BROW_L_FORM","val":-3},{"id":"PARAM_CHEEK","val":0.3},{"id":"PARAM_CHEEK2","val":1}]}