{
    "version":"Sample 1.0.0",
    "layout":{"center_x":0,"center_y":0,"width":2},
    "hit_areas_custom":{"head_x":[-0.25,1],"head_y":[0.25,0.2],"body_x":[-0.3,0.2],"body_y":[0.3,-1.9]},
    "model":"live2d/chara/037_school_summer-2023_rip/anon_school_summer-2023.moc",
    "physics":"live2d/chara/037_school_summer-2023_rip/anon_school_summer-2023.physics.json",
    "textures":["live2d/chara/037_general_rip/texture_00.png","live2d/chara/037_school_summer-2023_rip/texture_01.png"],
    "motions":{
        "nf_right01_mu":[{"file":"live2d/chara/037_general_rip/nf_right01_mu.mtn"}],
    "nf_right01_rui": [{"file": "live2d/chara/037_general_rip/nf_right01_rui.mtn"}],

    "nf_left01_sk": [{"file": "live2d/chara/037_general_rip/nf_left01_sk.mtn"}],
      "cry04_sk": [{"file": "live2d/chara/037_general_rip/cry04_sk.mtn"}],
      "kime01_sk": [{"file": "live2d/chara/037_general_rip/kime01_sk.mtn"}],
      "cry01_sk": [{"file": "live2d/chara/037_general_rip/cry01_sk.mtn"}],
      "angry05_sk": [{"file": "live2d/chara/037_general_rip/angry05_sk.mtn"}],
      "nf_right01_sk": [{"file": "live2d/chara/037_general_rip/nf_right01_sk.mtn"}],
      "nf04_sk": [{"file": "live2d/chara/037_general_rip/nf04_sk.mtn"}],
      "nod01_sk": [{"file": "live2d/chara/037_general_rip/nod01_sk.mtn"}],
      "shame02_sk": [{"file": "live2d/chara/037_general_rip/shame02_sk.mtn"}],
      "angry07_sk": [{"file": "live2d/chara/037_general_rip/angry07_sk.mtn"}],
      "nf03_sk": [{"file": "live2d/chara/037_general_rip/nf03_sk.mtn"}],
      "sigh01_sk": [{"file": "live2d/chara/037_general_rip/sigh01_sk.mtn"}],
      "sigh02_sk": [{"file": "live2d/chara/037_general_rip/sigh02_sk.mtn"}],
      "nf01_sk": [{"file": "live2d/chara/037_general_rip/nf01_sk.mtn"}],
      "smile04_sk": [{"file": "live2d/chara/037_general_rip/smile04_sk.mtn"}],
      "thinking01_sk": [{"file": "live2d/chara/037_general_rip/thinking01_sk.mtn"}],
      "nf05_sk": [{"file": "live2d/chara/037_general_rip/nf05_sk.mtn"}],
      "surprised02_sk": [{"file": "live2d/chara/037_general_rip/surprised02_sk.mtn"}],
      "bye01_sk": [{"file": "live2d/chara/037_general_rip/bye01_sk.mtn"}],
      "bye01_anon_sk": [{"file": "live2d/chara/037_general_rip/bye01_anon_sk.mtn"}],
      "bye02_sk": [{"file": "live2d/chara/037_general_rip/bye02_sk.mtn"}],
      "odoodo01_sk": [{"file": "live2d/chara/037_general_rip/odoodo01_sk.mtn"}],
      "serious01_sk": [{"file": "live2d/chara/037_general_rip/serious01_sk.mtn"}],
      "smile03_sk": [{"file": "live2d/chara/037_general_rip/smile03_sk.mtn"}],
      "angry04_sk": [{"file": "live2d/chara/037_general_rip/angry04_sk.mtn"}],
      "angry02_sk": [{"file": "live2d/chara/037_general_rip/angry02_sk.mtn"}],
      "sad01_sk": [{"file": "live2d/chara/037_general_rip/sad01_sk.mtn"}],
      "nf02_sk": [{"file": "live2d/chara/037_general_rip/nf02_sk.mtn"}],
      "surprised01_sk": [{"file": "live2d/chara/037_general_rip/surprised01_sk.mtn"}],
      "cry03_sk": [{"file": "live2d/chara/037_general_rip/cry03_sk.mtn"}],
      "smile02_sk": [{"file": "live2d/chara/037_general_rip/smile02_sk.mtn"}],
      "smile05_sk": [{"file": "live2d/chara/037_general_rip/smile05_sk.mtn"}],
      "cry05_sk": [{"file": "live2d/chara/037_general_rip/cry05_sk.mtn"}],
      "angry01_sk": [{"file": "live2d/chara/037_general_rip/angry01_sk.mtn"}],
      "serious02_sk": [{"file": "live2d/chara/037_general_rip/serious02_sk.mtn"}],
      "cry02_sk": [{"file": "live2d/chara/037_general_rip/cry02_sk.mtn"}],
      "angry03_sk": [{"file": "live2d/chara/037_general_rip/angry03_sk.mtn"}],
      "smile01_sk": [{"file": "live2d/chara/037_general_rip/smile01_sk.mtn"}],
      "thinking02_sk": [{"file": "live2d/chara/037_general_rip/thinking02_sk.mtn"}],
      "smile06_sk": [{"file": "live2d/chara/037_general_rip/smile06_sk.mtn"}],
      "angry06_sk": [{"file": "live2d/chara/037_general_rip/angry06_sk.mtn"}],
      "idle01_sk": [{"file": "live2d/chara/037_general_rip/idle01_sk.mtn"}],
      "sad02_sk": [{"file": "live2d/chara/037_general_rip/sad02_sk.mtn"}],
      "shame01_sk": [{"file": "live2d/chara/037_general_rip/shame01_sk.mtn"}],
      "smirk_sk":[{"file":"live2d/chara/037_general_rip/smirk_sk.mtn"}],

    "bye01_kokoro":[{"file":"live2d/chara/037_general_rip/bye01_kokoro.mtn"}],

    "ando01_masking": [{"file": "live2d/chara/037_general_rip/ando01_masking.mtn"}], 
    "angry01_masking": [{"file": "live2d/chara/037_general_rip/angry01_masking.mtn"}],
    "angry02_masking": [{"file": "live2d/chara/037_general_rip/angry02_masking.mtn"}], 
    "angry03_masking": [{"file": "live2d/chara/037_general_rip/angry03_masking.mtn"}], 
    "bye01_masking": [{"file": "live2d/chara/037_general_rip/bye01_masking.mtn"}], 
    "cry01_masking": [{"file": "live2d/chara/037_general_rip/cry01_masking.mtn"}], 
    "cry02_masking": [{"file": "live2d/chara/037_general_rip/cry02_masking.mtn"}], 
    "eeto01_masking": [{"file": "live2d/chara/037_general_rip/eeto01_masking.mtn"}], 
    "eeto02_masking": [{"file": "live2d/chara/037_general_rip/eeto02_masking.mtn"}], 
    "gattsu01_masking": [{"file": "live2d/chara/037_general_rip/gattsu01_masking.mtn"}], 
    "gattsu02_masking": [{"file": "live2d/chara/037_general_rip/gattsu02_masking.mtn"}], 
    "idle01_masking": [{"file": "live2d/chara/037_general_rip/idle01_masking.mtn"}], 
    "kime01_masking": [{"file": "live2d/chara/037_general_rip/kime01_masking.mtn"}],
    "nf01_masking": [{"file": "live2d/chara/037_general_rip/nf01_masking.mtn"}],
    "nf02_masking": [{"file": "live2d/chara/037_general_rip/nf02_masking.mtn"}],
    "nf03_masking": [{"file": "live2d/chara/037_general_rip/nf03_masking.mtn"}],
    "nf04_masking": [{"file": "live2d/chara/037_general_rip/nf04_masking.mtn"}],
    "nf05_masking": [{"file": "live2d/chara/037_general_rip/nf05_masking.mtn"}],
    "nf_left01_masking": [{"file": "live2d/chara/037_general_rip/nf_left01_masking.mtn"}],
    "nf_right01_masking": [{"file": "live2d/chara/037_general_rip/nf_right01_masking.mtn"}],
    "sad01_masking": [{"file": "live2d/chara/037_general_rip/sad01_masking.mtn"}],
    "sad02_masking": [{"file": "live2d/chara/037_general_rip/sad02_masking.mtn"}],
    "serious01_masking": [{"file": "live2d/chara/037_general_rip/serious01_masking.mtn"}],
    "serious02_masking": [{"file": "live2d/chara/037_general_rip/serious02_masking.mtn"}],
    "serious03_masking": [{"file": "live2d/chara/037_general_rip/serious03_masking.mtn"}],
    "shame01_masking": [{"file": "live2d/chara/037_general_rip/shame01_masking.mtn"}],
    "shame02_masking": [{"file": "live2d/chara/037_general_rip/shame02_masking.mtn"}],
    "smile01_masking": [{"file": "live2d/chara/037_general_rip/smile01_masking.mtn"}],
    "smile02_masking": [{"file": "live2d/chara/037_general_rip/smile02_masking.mtn"}],
    "smile04_masking": [{"file": "live2d/chara/037_general_rip/smile04_masking.mtn"}],
    "surprised01_masking": [{"file": "live2d/chara/037_general_rip/surprised01_masking.mtn"}],
    "surprised02_masking": [{"file": "live2d/chara/037_general_rip/surprised02_masking.mtn"}],
    "wink01_masking": [{"file": "live2d/chara/037_general_rip/wink01_masking.mtn"}],

    "nf02_soyo":[{"file":"live2d/chara/037_general_rip/nf02_soyo.mtn"}],
    "nf_right01_soyo":[{"file":"live2d/chara/037_general_rip/nf_right01_soyo.mtn"}],
    "nf05_soyo":[{"file":"live2d/chara/037_general_rip/nf05_soyo.mtn"}],
    "nf03_soyo":[{"file":"live2d/chara/037_general_rip/nf03_soyo.mtn"}],
    "nf_left01_soyo":[{"file":"live2d/chara/037_general_rip/nf_left01_soyo.mtn"}],
    "serious01_soyo":[{"file":"live2d/chara/037_general_rip/serious01_soyo.mtn"}],
    "angry02_soyo":[{"file":"live2d/chara/037_general_rip/angry02_soyo.mtn"}],
    "smile01_soyo":[{"file":"live2d/chara/037_general_rip/smile01_soyo.mtn"}],
    "sad01_soyo":[{"file":"live2d/chara/037_general_rip/sad01_soyo.mtn"}],
    "nf01_soyo":[{"file":"live2d/chara/037_general_rip/nf01_soyo.mtn"}],
    "surprised01_soyo":[{"file":"live2d/chara/037_general_rip/surprised01_soyo.mtn"}],
    "idle01_soyo":[{"file":"live2d/chara/037_general_rip/idle01_soyo.mtn"}],
    "smile05_soyo":[{"file":"live2d/chara/037_general_rip/smile05_soyo.mtn"}],
    "nf04_soyo":[{"file":"live2d/chara/037_general_rip/nf04_soyo.mtn"}],
    "cry02_soyo":[{"file":"live2d/chara/037_general_rip/cry02_soyo.mtn"}],
    "odoodo01_soyo":[{"file":"live2d/chara/037_general_rip/odoodo01_soyo.mtn"}],
    "serious02_soyo":[{"file":"live2d/chara/037_general_rip/serious02_soyo.mtn"}],
    "bye01_soyo":[{"file":"live2d/chara/037_general_rip/bye01_soyo.mtn"}],
    "sad02_soyo":[{"file":"live2d/chara/037_general_rip/sad02_soyo.mtn"}],
    "thinking02_soyo":[{"file":"live2d/chara/037_general_rip/thinking02_soyo.mtn"}],
    "smile03_soyo":[{"file":"live2d/chara/037_general_rip/smile03_soyo.mtn"}],
    "cry01_soyo":[{"file":"live2d/chara/037_general_rip/cry01_soyo.mtn"}],
    "sad03_soyo":[{"file":"live2d/chara/037_general_rip/sad03_soyo.mtn"}],
    "smile04_soyo":[{"file":"live2d/chara/037_general_rip/smile04_soyo.mtn"}],
    "shame01_soyo":[{"file":"live2d/chara/037_general_rip/shame01_soyo.mtn"}],
    "angry03_soyo":[{"file":"live2d/chara/037_general_rip/angry03_soyo.mtn"}],
    "kime01_soyo":[{"file":"live2d/chara/037_general_rip/kime01_soyo.mtn"}],
    "thinking01_soyo":[{"file":"live2d/chara/037_general_rip/thinking01_soyo.mtn"}],
    "smile02_soyo":[{"file":"live2d/chara/037_general_rip/smile02_soyo.mtn"}],
    "wink01_soyo":[{"file":"live2d/chara/037_general_rip/wink01_soyo.mtn"}],
    "serious04_soyo":[{"file":"live2d/chara/037_general_rip/serious04_soyo.mtn"}],
    "ando01_soyo":[{"file":"live2d/chara/037_general_rip/ando01_soyo.mtn"}],
    "bye02_soyo":[{"file":"live2d/chara/037_general_rip/bye02_soyo.mtn"}],
    "angry01_soyo":[{"file":"live2d/chara/037_general_rip/angry01_soyo.mtn"}],
    "serious03_soyo":[{"file":"live2d/chara/037_general_rip/serious03_soyo.mtn"}],
    "shame02_soyo":[{"file":"live2d/chara/037_general_rip/shame02_soyo.mtn"}],
    "kandou01_soyo":[{"file":"live2d/chara/037_general_rip/kandou01_soyo.mtn"}],

    "surprised_misaki":[{"file":"live2d/chara/037_general_rip/surprised_misaki.mtn"}],
    "surprised01_eve":[{"file":"live2d/chara/037_general_rip/surprised01_eve.mtn"}],
    "shame01_kokoro":[{"file":"live2d/chara/037_general_rip/shame01_kokoro.mtn"}],

    "nod01_maya":[{"file":"live2d/chara/037_general_rip/nod01_maya.mtn"}],
    "nod01_chisato":[{"file":"live2d/chara/037_general_rip/nod01_chisato.mtn"}],
    "nod01_yukina":[{"file":"live2d/chara/037_general_rip/nod01_yukina.mtn"}],
    "nod01_tsugumi":[{"file":"live2d/chara/037_general_rip/nod01_tsugumi.mtn"}],
    "nod01_saya":[{"file":"live2d/chara/037_general_rip/nod01_saya.mtn"}],
    "nod01_nanami":[{"file":"live2d/chara/037_general_rip/nod01_nanami.mtn"}],
    "nod01_lisa":[{"file":"live2d/chara/037_general_rip/nod01_lisa.mtn"}],
    "nod01_kokoro":[{"file":"live2d/chara/037_general_rip/nod01_kokoro.mtn"}],
    "nod01_kasumi":[{"file":"live2d/chara/037_general_rip/nod01_kasumi.mtn"}],
    "nod01_kaoru":[{"file":"live2d/chara/037_general_rip/nod01_kaoru.mtn"}],
    "nod02_kokoro":[{"file":"live2d/chara/037_general_rip/nod02_kokoro.mtn"}],
    "nod02_kasumi":[{"file":"live2d/chara/037_general_rip/nod02_kasumi.mtn"}],

    "sigh01_rui": [{"file": "live2d/chara/037_general_rip/sigh01_rui.mtn"}],
    "sigh02_rui": [{"file": "live2d/chara/037_general_rip/sigh02_rui.mtn"}],
    
    "sigh01": [{"file": "live2d/chara/037_general_rip/sigh01.mtn"}],
    "sigh02": [{"file": "live2d/chara/037_general_rip/sigh02.mtn"}],

    "angry01":[{"file":"live2d/chara/037_general_rip/angry01.mtn"}],
    "smile01":[{"file":"live2d/chara/037_general_rip/smile01.mtn"}],
    "thinking01":[{"file":"live2d/chara/037_general_rip/thinking01.mtn"}],
    "nnf02":[{"file":"live2d/chara/037_general_rip/nnf02.mtn"}],
    "smile04":[{"file":"live2d/chara/037_general_rip/smile04.mtn"}],
    "serious02":[{"file":"live2d/chara/037_general_rip/serious02.mtn"}],
    "smile02":[{"file":"live2d/chara/037_general_rip/smile02.mtn"}],
    "angry04":[{"file":"live2d/chara/037_general_rip/angry04.mtn"}],
    "nnf_right01":[{"file":"live2d/chara/037_general_rip/nnf_right01.mtn"}],
    "nf05":[{"file":"live2d/chara/037_general_rip/nf05.mtn"}],
    "nnf05":[{"file":"live2d/chara/037_general_rip/nnf05.mtn"}],
    "angry02":[{"file":"live2d/chara/037_general_rip/angry02.mtn"}],
    "nnf04":[{"file":"live2d/chara/037_general_rip/nnf04.mtn"}],
    "thinking03":[{"file":"live2d/chara/037_general_rip/thinking03.mtn"}],
    "angry03":[{"file":"live2d/chara/037_general_rip/angry03.mtn"}],
    "nf_right01":[{"file":"live2d/chara/037_general_rip/nf_right01.mtn"}],
    "sad01":[{"file":"live2d/chara/037_general_rip/sad01.mtn"}],
    "nf_left01":[{"file":"live2d/chara/037_general_rip/nf_left01.mtn"}],
    "kandou02":[{"file":"live2d/chara/037_general_rip/kandou02.mtn"}],
    "shame01":[{"file":"live2d/chara/037_general_rip/shame01.mtn"}],
    "cry01":[{"file":"live2d/chara/037_general_rip/cry01.mtn"}],
    "nf03":[{"file":"live2d/chara/037_general_rip/nf03.mtn"}],
    "cry02":[{"file":"live2d/chara/037_general_rip/cry02.mtn"}],
    "nnf03":[{"file":"live2d/chara/037_general_rip/nnf03.mtn"}],
    "nf02":[{"file":"live2d/chara/037_general_rip/nf02.mtn"}],
    "bye01":[{"file":"live2d/chara/037_general_rip/bye01.mtn"}],
    "shame02":[{"file":"live2d/chara/037_general_rip/shame02.mtn"}],
    "smile03":[{"file":"live2d/chara/037_general_rip/smile03.mtn"}],
    "sad02":[{"file":"live2d/chara/037_general_rip/sad02.mtn"}],
    "wink01":[{"file":"live2d/chara/037_general_rip/wink01.mtn"}],
    "thinking02":[{"file":"live2d/chara/037_general_rip/thinking02.mtn"}],
    "kime02":[{"file":"live2d/chara/037_general_rip/kime02.mtn"}],
    "nnf01":[{"file":"live2d/chara/037_general_rip/nnf01.mtn"}],
    "nf01":[{"file":"live2d/chara/037_general_rip/nf01.mtn"}],
    "nnf_left01":[{"file":"live2d/chara/037_general_rip/nnf_left01.mtn"}],
    "kandou01":[{"file":"live2d/chara/037_general_rip/kandou01.mtn"}],
    "nf04":[{"file":"live2d/chara/037_general_rip/nf04.mtn"}],
    "surprised01":[{"file":"live2d/chara/037_general_rip/surprised01.mtn"}],
    "serious01":[{"file":"live2d/chara/037_general_rip/serious01.mtn"}],
    "idle01":[{"file":"live2d/chara/037_general_rip/idle01.mtn"}],
    "kime01":[{"file":"live2d/chara/037_general_rip/kime01.mtn"}],
    "handsleft":[{"file":"live2d/chara/037_general_rip/idle_H01L.mtn"}],
    "handsright":[{"file":"live2d/chara/037_general_rip/idle_H01R.mtn"}],
    
    "zb_angry01":[{"file":"live2d/chara/037_general_rip/zb_angry01.mtn"}],
    "zb_cry02":[{"file":"live2d/chara/037_general_rip/zb_cry02.mtn"}],
    "zb_cry01":[{"file":"live2d/chara/037_general_rip/zb_cry01.mtn"}],
    "zb_nf03":[{"file":"live2d/chara/037_general_rip/zb_nf03.mtn"}],
    "zb_idle01":[{"file":"live2d/chara/037_general_rip/zb_idle01.mtn"}],
    "zb_sad01":[{"file":"live2d/chara/037_general_rip/zb_sad01.mtn"}],
    "zb_nf_left01":[{"file":"live2d/chara/037_general_rip/zb_nf_left01.mtn"}],
    "zb_kandou01":[{"file":"live2d/chara/037_general_rip/zb_kandou01.mtn"}],
    "zb_shame01":[{"file":"live2d/chara/037_general_rip/zb_shame01.mtn"}],
    "zb_angry03":[{"file":"live2d/chara/037_general_rip/zb_angry03.mtn"}],
    "zb_angry02":[{"file":"live2d/chara/037_general_rip/zb_angry02.mtn"}],
    "zb_nnf02":[{"file":"live2d/chara/037_general_rip/zb_nnf02.mtn"}],
    "zb_nf04":[{"file":"live2d/chara/037_general_rip/zb_nf04.mtn"}],
    "zb_kandou02":[{"file":"live2d/chara/037_general_rip/zb_kandou02.mtn"}],
    "zb_shame02":[{"file":"live2d/chara/037_general_rip/zb_shame02.mtn"}],
    "zb_thinking03":[{"file":"live2d/chara/037_general_rip/zb_thinking03.mtn"}],
    "zb_smile04":[{"file":"live2d/chara/037_general_rip/zb_smile04.mtn"}],
    "zb_serious01":[{"file":"live2d/chara/037_general_rip/zb_serious01.mtn"}],
    "zb_smile03":[{"file":"live2d/chara/037_general_rip/zb_smile03.mtn"}],
    "zb_surprised01":[{"file":"live2d/chara/037_general_rip/zb_surprised01.mtn"}],
    "zb_nnf03":[{"file":"live2d/chara/037_general_rip/zb_nnf03.mtn"}],
    "zb_angry04":[{"file":"live2d/chara/037_general_rip/zb_angry04.mtn"}],
    "zb_bye01":[{"file":"live2d/chara/037_general_rip/zb_bye01.mtn"}],
    "zb_sad02":[{"file":"live2d/chara/037_general_rip/zb_sad02.mtn"}],
    "zb_nf02":[{"file":"live2d/chara/037_general_rip/zb_nf02.mtn"}],
    "zb_kime01":[{"file":"live2d/chara/037_general_rip/zb_kime01.mtn"}],
    "zb_nnf_right01":[{"file":"live2d/chara/037_general_rip/zb_nnf_right01.mtn"}],
    "zb_nf05":[{"file":"live2d/chara/037_general_rip/zb_nf05.mtn"}],
    "zb_wink01":[{"file":"live2d/chara/037_general_rip/zb_wink01.mtn"}],
    "zb_kime02":[{"file":"live2d/chara/037_general_rip/zb_kime02.mtn"}],
    "zb_serious02":[{"file":"live2d/chara/037_general_rip/zb_serious02.mtn"}],
    "zb_smile02":[{"file":"live2d/chara/037_general_rip/zb_smile02.mtn"}],
    "zb_nf01":[{"file":"live2d/chara/037_general_rip/zb_nf01.mtn"}],
    "zb_thinking02":[{"file":"live2d/chara/037_general_rip/zb_thinking02.mtn"}],
    "zb_nnf01":[{"file":"live2d/chara/037_general_rip/zb_nnf01.mtn"}],
    "zb_nf_right01":[{"file":"live2d/chara/037_general_rip/zb_nf_right01.mtn"}],
    "zb_nnf05":[{"file":"live2d/chara/037_general_rip/zb_nnf05.mtn"}],
    "zb_thinking01":[{"file":"live2d/chara/037_general_rip/zb_thinking01.mtn"}],
    "zb_smile01":[{"file":"live2d/chara/037_general_rip/zb_smile01.mtn"}],
    "zb_nnf04":[{"file":"live2d/chara/037_general_rip/zb_nnf04.mtn"}],
    "zb_nnf_left01":[{"file":"live2d/chara/037_general_rip/zb_nnf_left01.mtn"}]
    },
    "expressions":[
        {"name": "smile06_sk","file": "live2d/chara/037_general_rip/smile06_sk.exp.json"},
            {"name": "serious02_sk","file": "live2d/chara/037_general_rip/serious02_sk.exp.json"},
            {"name": "idle01_sk","file": "live2d/chara/037_general_rip/idle01_sk.exp.json"},    
            {"name": "thinking02_sk","file": "live2d/chara/037_general_rip/thinking02_sk.exp.json"},
            {"name": "sad02_sk","file": "live2d/chara/037_general_rip/sad02_sk.exp.json"},
            {"name": "cry02_sk","file": "live2d/chara/037_general_rip/cry02_sk.exp.json"},
            {"name": "angry01_sk","file": "live2d/chara/037_general_rip/angry01_sk.exp.json"},
            {"name": "shame01_sk","file": "live2d/chara/037_general_rip/shame01_sk.exp.json"},
            {"name": "smile05_sk","file": "live2d/chara/037_general_rip/smile05_sk.exp.json"},
            {"name": "smile03_sk","file": "live2d/chara/037_general_rip/smile03_sk.exp.json"},
            {"name": "shame02_sk","file": "live2d/chara/037_general_rip/shame02_sk.exp.json"},
            {"name": "cry04_sk","file": "live2d/chara/037_general_rip/cry04_sk.exp.json"},
            {"name": "smile02_sk","file": "live2d/chara/037_general_rip/smile02_sk.exp.json"},
            {"name": "serious01_sk","file": "live2d/chara/037_general_rip/serious01_sk.exp.json"},
            {"name": "default_sk","file": "live2d/chara/037_general_rip/default_sk.exp.json"},
            {"name": "odoodo01_sk","file": "live2d/chara/037_general_rip/odoodo01_sk.exp.json"},
            {"name": "cry03_sk","file": "live2d/chara/037_general_rip/cry03_sk.exp.json"},
            {"name": "surprised02_sk","file": "live2d/chara/037_general_rip/surprised02_sk.exp.json"},
            {"name": "sad01_sk","file": "live2d/chara/037_general_rip/sad01_sk.exp.json"},
            {"name": "smile01_sk","file": "live2d/chara/037_general_rip/smile01_sk.exp.json"},
            {"name": "smile04_sk","file": "live2d/chara/037_general_rip/smile04_sk.exp.json"},
            {"name": "surprised01_sk","file": "live2d/chara/037_general_rip/surprised01_sk.exp.json"},
            {"name": "cry01_sk","file": "live2d/chara/037_general_rip/cry01_sk.exp.json"},
            {"name": "thinking01_sk","file": "live2d/chara/037_general_rip/thinking01_sk.exp.json"},
            {"name": "kime01_sk","file": "live2d/chara/037_general_rip/kime01_sk.exp.json"},
            {"name": "angry07_sk","file": "live2d/chara/037_general_rip/angry07_sk.exp.json"},
            {"name": "angry02_sk","file": "live2d/chara/037_general_rip/angry02_sk.exp.json"},
            {"name":"smirk","file":"live2d/chara/037_general_rip/smirk_sk.exp.json"},
            {"name": "sigh01","file": "live2d/chara/037_general_rip/sigh01.exp.json"},
            {"name": "sigh02","file": "live2d/chara/037_general_rip/sigh02.exp.json"},

        {"name": "angry01_masking","file": "live2d/chara/037_general_rip/angry01_masking.exp.json"},
            {"name": "cry01_masking","file": "live2d/chara/037_general_rip/cry01_masking.exp.json"},
            {"name": "default_masking","file": "live2d/chara/037_general_rip/default_masking.exp.json"},
            {"name": "idle01_masking","file": "live2d/chara/037_general_rip/idle01_masking.exp.json"},
            {"name": "kime01_masking","file": "live2d/chara/037_general_rip/kime01_masking.exp.json"},
            {"name": "sad01_masking","file": "live2d/chara/037_general_rip/sad01_masking.exp.json"},
            {"name": "serious01_masking","file": "live2d/chara/037_general_rip/serious01_masking.exp.json"},
            {"name": "smile01_masking","file": "live2d/chara/037_general_rip/smile01_masking.exp.json"},
            {"name": "smile02_masking","file": "live2d/chara/037_general_rip/smile02_masking.exp.json"},
            {"name": "surprised01_masking","file": "live2d/chara/037_general_rip/surprised01_masking.exp.json"},

       

        {"name":"f01","file":"live2d/chara/037_general_rip/f01.exp.json"},
        {"name":"f02","file":"live2d/chara/037_general_rip/f02.exp.json"},
        {"name":"f03","file":"live2d/chara/037_general_rip/f03.exp.json"},
        {"name":"f04","file":"live2d/chara/037_general_rip/f04.exp.json"},
        {"name":"f05","file":"live2d/chara/037_general_rip/f05.exp.json"},

        {"name":"R_body_down","file":"live2d/chara/037_general_rip/R_boby_Down.exp.json"},
        {"name":"Down_look","file":"live2d/chara/037_general_rip/Down_look.exp.json"},
        {"name":"L_Boby_Down","file":"live2d/chara/037_general_rip/L_Boby_Down.exp.json"},
        {"name":"L_Boby_UP","file":"live2d/chara/037_general_rip/L_Boby_UP.exp.json"},
        {"name":"R_boby_UP","file":"live2d/chara/037_general_rip/R_boby_UP.exp.json"},
        {"name":"Up_look","file":"live2d/chara/037_general_rip/Up_look.exp.json"},
        {"name":"turnL","file":"live2d/chara/037_general_rip/L_Boby.exp.json"},
        {"name":"turnR","file":"live2d/chara/037_general_rip/R_Boby.exp.json"},

        {"name":"default","file":"live2d/chara/037_general_rip/default.exp.json"},
        {"name":"angry02","file":"live2d/chara/037_general_rip/angry02.exp.json"},
        {"name":"kandou02","file":"live2d/chara/037_general_rip/kandou02.exp.json"},
        {"name":"thinking01","file":"live2d/chara/037_general_rip/thinking01.exp.json"},
        {"name":"idle01","file":"live2d/chara/037_general_rip/idle01.exp.json"},
        {"name":"shame02","file":"live2d/chara/037_general_rip/shame02.exp.json"},
        {"name":"surprised01","file":"live2d/chara/037_general_rip/surprised01.exp.json"},
        {"name":"kime01","file":"live2d/chara/037_general_rip/kime01.exp.json"},
        {"name":"shame01","file":"live2d/chara/037_general_rip/shame01.exp.json"},
        {"name":"bye01","file":"live2d/chara/037_general_rip/bye01.exp.json"},
        {"name":"cry01","file":"live2d/chara/037_general_rip/cry01.exp.json"},
        {"name":"cry02","file":"live2d/chara/037_general_rip/cry02.exp.json"},
        {"name":"serious02","file":"live2d/chara/037_general_rip/serious02.exp.json"},
        {"name":"angry04","file":"live2d/chara/037_general_rip/angry04.exp.json"},
        {"name":"thinking03","file":"live2d/chara/037_general_rip/thinking03.exp.json"},
        {"name":"kandou01","file":"live2d/chara/037_general_rip/kandou01.exp.json"},
        {"name":"smile03","file":"live2d/chara/037_general_rip/smile03.exp.json"},
        {"name":"kime02","file":"live2d/chara/037_general_rip/kime02.exp.json"},
        {"name":"smile01","file":"live2d/chara/037_general_rip/smile01.exp.json"},
        {"name":"wink01","file":"live2d/chara/037_general_rip/wink01.exp.json"},
        {"name":"thinking02","file":"live2d/chara/037_general_rip/thinking02.exp.json"},
        {"name":"sad01","file":"live2d/chara/037_general_rip/sad01.exp.json"},
        {"name":"angry01","file":"live2d/chara/037_general_rip/angry01.exp.json"},
        {"name":"angry03","file":"live2d/chara/037_general_rip/angry03.exp.json"},
        {"name":"smile02","file":"live2d/chara/037_general_rip/smile02.exp.json"},
        {"name":"serious01","file":"live2d/chara/037_general_rip/serious01.exp.json"},
        {"name":"smile04","file":"live2d/chara/037_general_rip/smile04.exp.json"},
        {"name":"sad02","file":"live2d/chara/037_general_rip/sad02.exp.json"}
    ]
}