{
    "version":"Sample 1.0.0",
    "layout":{"center_x":0,"center_y":0,"width":2},"hit_areas_custom":{"head_x":[-0.25,1],"head_y":[0.25,0.2],"body_x":[-0.3,0.2],"body_y":[0.3,-1.9]},
    "model":"live2d/chara/341_casual-2023_rip/sakiko_casual-2023.moc","physics":"live2d/chara/341_casual-2023_rip/sakiko_casual-2023.physics.json",
    "textures":["live2d/chara/341_general_rip/texture_00.png","live2d/chara/341_casual-2023_rip/texture_01.png"],
    "motions":{
        "angry01_anon":[{"file":"live2d/chara/341_general_rip/angry01_anon.mtn"}],
        "smile01_anon":[{"file":"live2d/chara/341_general_rip/smile01_anon.mtn"}],
        "thinking01_anon":[{"file":"live2d/chara/341_general_rip/thinking01_anon.mtn"}],
        "smile04_anon":[{"file":"live2d/chara/341_general_rip/smile04_anon.mtn"}],
        "serious02_anon":[{"file":"live2d/chara/341_general_rip/serious02_anon.mtn"}],
        "smile02_anon":[{"file":"live2d/chara/341_general_rip/smile02_anon.mtn"}],
        "angry04_anon":[{"file":"live2d/chara/341_general_rip/angry04_anon.mtn"}],
        "nf05_anon":[{"file":"live2d/chara/341_general_rip/nf05_anon.mtn"}],
        "angry02_anon":[{"file":"live2d/chara/341_general_rip/angry02_anon.mtn"}],
        "thinking03_anon":[{"file":"live2d/chara/341_general_rip/thinking03_anon.mtn"}],
        "angry03_anon":[{"file":"live2d/chara/341_general_rip/angry03_anon.mtn"}],
        "nf_right01_anon":[{"file":"live2d/chara/341_general_rip/nf_right01_anon.mtn"}],
        "sad01_anon":[{"file":"live2d/chara/341_general_rip/sad01_anon.mtn"}],
        "nf_left01_anon":[{"file":"live2d/chara/341_general_rip/nf_left01_anon.mtn"}],
        "kandou02_anon":[{"file":"live2d/chara/341_general_rip/kandou02_anon.mtn"}],
        "shame01_anon":[{"file":"live2d/chara/341_general_rip/shame01_anon.mtn"}],
        "cry01_anon":[{"file":"live2d/chara/341_general_rip/cry01_anon.mtn"}],
        "nf03_anon":[{"file":"live2d/chara/341_general_rip/nf03_anon.mtn"}],
        "cry02_anon":[{"file":"live2d/chara/341_general_rip/cry02_anon.mtn"}],
        "nf02_anon":[{"file":"live2d/chara/341_general_rip/nf02_anon.mtn"}],
        "bye01_anon":[{"file":"live2d/chara/341_general_rip/bye01_anon.mtn"}],
        "shame02_anon":[{"file":"live2d/chara/341_general_rip/shame02_anon.mtn"}],
        "smile03_anon":[{"file":"live2d/chara/341_general_rip/smile03_anon.mtn"}],
        "sad02_anon":[{"file":"live2d/chara/341_general_rip/sad02_anon.mtn"}],
        "wink01_anon":[{"file":"live2d/chara/341_general_rip/wink01_anon.mtn"}],
        "thinking02_anon":[{"file":"live2d/chara/341_general_rip/thinking02_anon.mtn"}],
        "kime02_anon":[{"file":"live2d/chara/341_general_rip/kime02_anon.mtn"}],
        "nf01_anon":[{"file":"live2d/chara/341_general_rip/nf01_anon.mtn"}],
        "kandou01_anon":[{"file":"live2d/chara/341_general_rip/kandou01_anon.mtn"}],
        "nf04_anon":[{"file":"live2d/chara/341_general_rip/nf04_anon.mtn"}],
        "surprised01_anon":[{"file":"live2d/chara/341_general_rip/surprised01_anon.mtn"}],
        "serious01_anon":[{"file":"live2d/chara/341_general_rip/serious01_anon.mtn"}],
        "idle01_anon":[{"file":"live2d/chara/341_general_rip/idle01_anon.mtn"}],
        "kime01_anon":[{"file":"live2d/chara/341_general_rip/kime01_anon.mtn"}],

        "angry01_kokoro": [{"file": "live2d/chara/341_general_rip/angry01_kokoro.mtn"}],
        "bye01_kokoro": [{"file": "live2d/chara/341_general_rip/bye01_kokoro.mtn"}],
        "cry01_kokoro": [{"file": "live2d/chara/341_general_rip/cry01_kokoro.mtn"}],
        "gattsu01_kokoro": [{"file": "live2d/chara/341_general_rip/gattsu01_kokoro.mtn"}],
        "humming01_kokoro": [{"file": "live2d/chara/341_general_rip/humming01_kokoro.mtn"}],
        "idle01_kokoro": [{"file": "live2d/chara/341_general_rip/idle01_kokoro.mtn"}],
        "idle02_kokoro": [{"file": "live2d/chara/341_general_rip/idle02_kokoro.mtn"}],
        "jaan01_kokoro": [{"file": "live2d/chara/341_general_rip/jaan01_kokoro.mtn"}],
        "kime01_kokoro": [{"file": "live2d/chara/341_general_rip/kime01_kokoro.mtn"}],
        "nf01_kokoro": [{"file": "live2d/chara/341_general_rip/nf01_kokoro.mtn"}],
        "nf02_kokoro": [{"file": "live2d/chara/341_general_rip/nf02_kokoro.mtn"}],
        "nf03_kokoro": [{"file": "live2d/chara/341_general_rip/nf03_kokoro.mtn"}],
        "nf04_kokoro": [{"file": "live2d/chara/341_general_rip/nf04_kokoro.mtn"}],
        "nf05_kokoro": [{"file": "live2d/chara/341_general_rip/nf05_kokoro.mtn"}],
        "nf_left01_kokoro": [{"file": "live2d/chara/341_general_rip/nf_left01_kokoro.mtn"}],
        "nf_right01_kokoro": [{"file": "live2d/chara/341_general_rip/nf_right01_kokoro.mtn"}],
        "nod01_kokoro": [{"file": "live2d/chara/341_general_rip/nod01_kokoro.mtn"}],
        "nod02_kokoro": [{"file": "live2d/chara/341_general_rip/nod02_kokoro.mtn"}],
        "oowarai01_kokoro": [{"file": "live2d/chara/341_general_rip/oowarai01_kokoro.mtn"}],
        "sad01_kokoro": [{"file": "live2d/chara/341_general_rip/sad01_kokoro.mtn"}],
        "sad02_kokoro": [{"file": "live2d/chara/341_general_rip/sad02_kokoro.mtn"}],
        "sad03_kokoro": [{"file": "live2d/chara/341_general_rip/sad03_kokoro.mtn"}],
        "serious01_kokoro": [{"file": "live2d/chara/341_general_rip/serious01_kokoro.mtn"}],
        "shame01_kokoro": [{"file": "live2d/chara/341_general_rip/shame01_kokoro.mtn"}],
        "sleep01_kokoro": [{"file": "live2d/chara/341_general_rip/sleep01_kokoro.mtn"}],
        "sleep02_kokoro": [{"file": "live2d/chara/341_general_rip/sleep02_kokoro.mtn"}],
        "smile01_kokoro": [{"file": "live2d/chara/341_general_rip/smile01_kokoro.mtn"}],
        "smile02_kokoro": [{"file": "live2d/chara/341_general_rip/smile02_kokoro.mtn"}],
        "surprised01_kokoro": [{"file": "live2d/chara/341_general_rip/surprised01_kokoro.mtn"}],
        "wink01_kokoro": [{"file": "live2d/chara/341_general_rip/wink01_kokoro.mtn"}],
        "wondering01_kokoro": [{"file": "live2d/chara/341_general_rip/wondering01_kokoro.mtn"}],

        "nnf01":[{"file":"live2d/chara/341_general_rip/nnf01.mtn"}],
        "nf03":[{"file":"live2d/chara/341_general_rip/nf03.mtn"}],
        "nnf04":[{"file":"live2d/chara/341_general_rip/nnf04.mtn"}],"nnf_left01":[{"file":"live2d/chara/341_general_rip/nnf_left01.mtn"}],"bye02":[{"file":"live2d/chara/341_general_rip/bye02.mtn"}],"bye01":[{"file":"live2d/chara/341_general_rip/bye01.mtn"}],"nf02":[{"file":"live2d/chara/341_general_rip/nf02.mtn"}],"angry05":[{"file":"live2d/chara/341_general_rip/angry05.mtn"}],"surprised02":[{"file":"live2d/chara/341_general_rip/surprised02.mtn"}],"odoodo01":[{"file":"live2d/chara/341_general_rip/odoodo01.mtn"}],"surprised01":[{"file":"live2d/chara/341_general_rip/surprised01.mtn"}],"nf_left01":[{"file":"live2d/chara/341_general_rip/nf_left01.mtn"}],"nf04":[{"file":"live2d/chara/341_general_rip/nf04.mtn"}],"nnf02":[{"file":"live2d/chara/341_general_rip/nnf02.mtn"}],"angry02":[{"file":"live2d/chara/341_general_rip/angry02.mtn"}],"cry01":[{"file":"live2d/chara/341_general_rip/cry01.mtn"}],"angry04":[{"file":"live2d/chara/341_general_rip/angry04.mtn"}],"angry07":[{"file":"live2d/chara/341_general_rip/angry07.mtn"}],"nnf05":[{"file":"live2d/chara/341_general_rip/nnf05.mtn"}],"nf_right01":[{"file":"live2d/chara/341_general_rip/nf_right01.mtn"}],"angry03":[{"file":"live2d/chara/341_general_rip/angry03.mtn"}],"sigh02":[{"file":"live2d/chara/341_general_rip/sigh02.mtn"}],"angry06":[{"file":"live2d/chara/341_general_rip/angry06.mtn"}],"cry04":[{"file":"live2d/chara/341_general_rip/cry04.mtn"}],"nf01":[{"file":"live2d/chara/341_general_rip/nf01.mtn"}],"smile06":[{"file":"live2d/chara/341_general_rip/smile06.mtn"}],"nnf03":[{"file":"live2d/chara/341_general_rip/nnf03.mtn"}],"nnf_right01":[{"file":"live2d/chara/341_general_rip/nnf_right01.mtn"}],"kime01":[{"file":"live2d/chara/341_general_rip/kime01.mtn"}],"smile03":[{"file":"live2d/chara/341_general_rip/smile03.mtn"}],"sad01":[{"file":"live2d/chara/341_general_rip/sad01.mtn"}],"thinking02":[{"file":"live2d/chara/341_general_rip/thinking02.mtn"}],"serious01":[{"file":"live2d/chara/341_general_rip/serious01.mtn"}],"nod01":[{"file":"live2d/chara/341_general_rip/nod01.mtn"}],"smile01":[{"file":"live2d/chara/341_general_rip/smile01.mtn"}],"nf05":[{"file":"live2d/chara/341_general_rip/nf05.mtn"}],"cry03":[{"file":"live2d/chara/341_general_rip/cry03.mtn"}],"cry05":[{"file":"live2d/chara/341_general_rip/cry05.mtn"}],"serious02":[{"file":"live2d/chara/341_general_rip/serious02.mtn"}],"cry02":[{"file":"live2d/chara/341_general_rip/cry02.mtn"}],"angry01":[{"file":"live2d/chara/341_general_rip/angry01.mtn"}],"idle01":[{"file":"live2d/chara/341_general_rip/idle01.mtn"}],"smile05":[{"file":"live2d/chara/341_general_rip/smile05.mtn"}],"sigh01":[{"file":"live2d/chara/341_general_rip/sigh01.mtn"}],"smile02":[{"file":"live2d/chara/341_general_rip/smile02.mtn"}],"smile04":[{"file":"live2d/chara/341_general_rip/smile04.mtn"}],"thinking01":[{"file":"live2d/chara/341_general_rip/thinking01.mtn"}],"shame01":[{"file":"live2d/chara/341_general_rip/shame01.mtn"}],"sad02":[{"file":"live2d/chara/341_general_rip/sad02.mtn"}],"shame02":[{"file":"live2d/chara/341_general_rip/shame02.mtn"}]
        },
    "expressions":[
        {"name": "smirk",        "file": "live2d/chara/341_general_rip/smirk.exp.json"},

        {"name": "angry01_kokoro",        "file": "live2d/chara/341_general_rip/angry01_kokoro.exp.json"},
        {"name": "cry01_kokoro",        "file": "live2d/chara/341_general_rip/cry01_kokoro.exp.json"},
        {"name": "kime01_kokoro",        "file": "live2d/chara/341_general_rip/kime01_kokoro.exp.json"},
        {"name": "kokoro_default_kokoro",        "file": "live2d/chara/341_general_rip/kokoro_default.exp.json"},
        {"name": "kokoro_sad_kokoro",        "file": "live2d/chara/341_general_rip/kokoro_sad.exp.json"},
        {"name": "kokoro_serious_kokoro",        "file": "live2d/chara/341_general_rip/kokoro_serious.exp.json"},
        {"name": "kokoro_smile01_kokoro",        "file": "live2d/chara/341_general_rip/kokoro_smile01.exp.json"},
        {"name": "kokoro_smile02_kokoro",        "file": "live2d/chara/341_general_rip/kokoro_smile02.exp.json"},
        {"name": "kokoro_special_kokoro",        "file": "live2d/chara/341_general_rip/kokoro_special.exp.json"},
        {"name": "kokoro_suprised_kokoro",        "file": "live2d/chara/341_general_rip/kokoro_suprised.exp.json"},
        {"name": "sad01_kokoro",        "file": "live2d/chara/341_general_rip/sad01_kokoro.exp.json"},
        {"name": "serious01_kokoro",        "file": "live2d/chara/341_general_rip/serious01_kokoro.exp.json"},
        {"name": "smile01_kokoro",        "file": "live2d/chara/341_general_rip/smile01_kokoro.exp.json"},
        {"name": "smile02_kokoro",        "file": "live2d/chara/341_general_rip/smile02_kokoro.exp.json"},
        {"name": "suprised01_kokoro",        "file": "live2d/chara/341_general_rip/suprised01_kokoro.exp.json"},

        {"name":"default_anon","file":"live2d/chara/341_general_rip/default_anon.exp.json"},
        {"name":"angry02_anon","file":"live2d/chara/341_general_rip/angry02_anon.exp.json"},
        {"name":"kandou02_anon","file":"live2d/chara/341_general_rip/kandou02_anon.exp.json"},
        {"name":"thinking01_anon","file":"live2d/chara/341_general_rip/thinking01_anon.exp.json"},
        {"name":"idle01_anon","file":"live2d/chara/341_general_rip/idle01_anon.exp.json"},
        {"name":"shame02_anon","file":"live2d/chara/341_general_rip/shame02_anon.exp.json"},
        {"name":"surprised01_anon","file":"live2d/chara/341_general_rip/surprised01_anon.exp.json"},
        {"name":"kime01_anon","file":"live2d/chara/341_general_rip/kime01_anon.exp.json"},
        {"name":"shame01_anon","file":"live2d/chara/341_general_rip/shame01_anon.exp.json"},
        {"name":"bye01_anon","file":"live2d/chara/341_general_rip/bye01_anon.exp.json"},
        {"name":"cry01_anon","file":"live2d/chara/341_general_rip/cry01_anon.exp.json"},
        {"name":"cry02_anon","file":"live2d/chara/341_general_rip/cry02_anon.exp.json"},
        {"name":"serious02_anon","file":"live2d/chara/341_general_rip/serious02_anon.exp.json"},
        {"name":"angry04_anon","file":"live2d/chara/341_general_rip/angry04_anon.exp.json"},
        {"name":"thinking03_anon","file":"live2d/chara/341_general_rip/thinking03_anon.exp.json"},
        {"name":"kandou01_anon","file":"live2d/chara/341_general_rip/kandou01_anon.exp.json"},
        {"name":"smile03_anon","file":"live2d/chara/341_general_rip/smile03_anon.exp.json"},
        {"name":"kime02_anon","file":"live2d/chara/341_general_rip/kime02_anon.exp.json"},
        {"name":"smile01_anon","file":"live2d/chara/341_general_rip/smile01_anon.exp.json"},
        {"name":"wink01_anon","file":"live2d/chara/341_general_rip/wink01_anon.exp.json"},
        {"name":"thinking02_anon","file":"live2d/chara/341_general_rip/thinking02_anon.exp.json"},
        {"name":"sad01_anon","file":"live2d/chara/341_general_rip/sad01_anon.exp.json"},
        {"name":"angry01_anon","file":"live2d/chara/341_general_rip/angry01_anon.exp.json"},
        {"name":"angry03_anon","file":"live2d/chara/341_general_rip/angry03_anon.exp.json"},
        {"name":"smile02_anon","file":"live2d/chara/341_general_rip/smile02_anon.exp.json"},
        {"name":"serious01_anon","file":"live2d/chara/341_general_rip/serious01_anon.exp.json"},
        {"name":"smile04_anon","file":"live2d/chara/341_general_rip/smile04_anon.exp.json"},
        {"name":"sad02_anon","file":"live2d/chara/341_general_rip/sad02_anon.exp.json"},

        {"name":"angry02","file":"live2d/chara/341_general_rip/angry02.exp.json"},{"name":"default","file":"live2d/chara/341_general_rip/default.exp.json"},{"name":"kime01","file":"live2d/chara/341_general_rip/kime01.exp.json"},{"name":"cry04","file":"live2d/chara/341_general_rip/cry04.exp.json"},{"name":"angry07","file":"live2d/chara/341_general_rip/angry07.exp.json"},{"name":"idle01","file":"live2d/chara/341_general_rip/idle01.exp.json"},{"name":"sad01","file":"live2d/chara/341_general_rip/sad01.exp.json"},{"name":"smile04","file":"live2d/chara/341_general_rip/smile04.exp.json"},{"name":"surprised02","file":"live2d/chara/341_general_rip/surprised02.exp.json"},{"name":"sigh01","file":"live2d/chara/341_general_rip/sigh01.exp.json"},{"name":"shame02","file":"live2d/chara/341_general_rip/shame02.exp.json"},{"name":"cry03","file":"live2d/chara/341_general_rip/cry03.exp.json"},{"name":"cry02","file":"live2d/chara/341_general_rip/cry02.exp.json"},{"name":"odoodo01","file":"live2d/chara/341_general_rip/odoodo01.exp.json"},{"name":"cry01","file":"live2d/chara/341_general_rip/cry01.exp.json"},{"name":"smile02","file":"live2d/chara/341_general_rip/smile02.exp.json"},{"name":"angry01","file":"live2d/chara/341_general_rip/angry01.exp.json"},{"name":"smile03","file":"live2d/chara/341_general_rip/smile03.exp.json"},{"name":"thinking02","file":"live2d/chara/341_general_rip/thinking02.exp.json"},{"name":"shame01","file":"live2d/chara/341_general_rip/shame01.exp.json"},{"name":"smile01","file":"live2d/chara/341_general_rip/smile01.exp.json"},{"name":"serious02","file":"live2d/chara/341_general_rip/serious02.exp.json"},{"name":"sigh02","file":"live2d/chara/341_general_rip/sigh02.exp.json"},{"name":"smile05","file":"live2d/chara/341_general_rip/smile05.exp.json"},{"name":"sad02","file":"live2d/chara/341_general_rip/sad02.exp.json"},{"name":"smile06","file":"live2d/chara/341_general_rip/smile06.exp.json"},{"name":"surprised01","file":"live2d/chara/341_general_rip/surprised01.exp.json"},{"name":"serious01","file":"live2d/chara/341_general_rip/serious01.exp.json"},{"name":"thinking01","file":"live2d/chara/341_general_rip/thinking01.exp.json"}]}