{"version":"Sample 1.0.0","layout":{"center_x":0,"center_y":0,"width":2},"hit_areas_custom":{"head_x":[-0.25,1],"head_y":[0.25,0.2],"body_x":[-0.3,0.2],"body_y":[0.3,-1.9]},"model":"live2d/chara/341_school_summer-2023_rip/sakiko_school_summer-2023.moc","physics":"live2d/chara/341_school_summer-2023_rip/sakiko_school_summer-2023.physics.json","textures":["live2d/chara/341_general_rip/texture_00.png","live2d/chara/341_school_summer-2023_rip/texture_01.png"],"motions":{"LN-angry01":[{"file":"live2d/chara/341_general_rip/LN-angry01.mtn"}],
"LN-angry02":[{"file":"live2d/chara/341_general_rip/LN-angry02.mtn"}],
"LN-angry03":[{"file":"live2d/chara/341_general_rip/LN-angry03.mtn"}],
"LN-bye01":[{"file":"live2d/chara/341_general_rip/LN-bye01.mtn"}],
"LN-cry01":[{"file":"live2d/chara/341_general_rip/LN-cry01.mtn"}],
"LN-idle01":[{"file":"live2d/chara/341_general_rip/LN-idle01.mtn"}],
"LN-kime01":[{"file":"live2d/chara/341_general_rip/LN-kime01.mtn"}],
"LN-nf01":[{"file":"live2d/chara/341_general_rip/LN-nf01.mtn"}],
"LN-nf02":[{"file":"live2d/chara/341_general_rip/LN-nf02.mtn"}],
"LN-nf03":[{"file":"live2d/chara/341_general_rip/LN-nf03.mtn"}],
"LN-nf04":[{"file":"live2d/chara/341_general_rip/LN-nf04.mtn"}],
"LN-nf05":[{"file":"live2d/chara/341_general_rip/LN-nf05.mtn"}],
"LN-nf_left01":[{"file":"live2d/chara/341_general_rip/LN-nf_left01.mtn"}],
"LN-nf_right01":[{"file":"live2d/chara/341_general_rip/LN-nf_right01.mtn"}],
"LN-niya01":[{"file":"live2d/chara/341_general_rip/LN-niya01.mtn"}],
"LN-nnf01":[{"file":"live2d/chara/341_general_rip/LN-nnf01.mtn"}],
"LN-nnf02":[{"file":"live2d/chara/341_general_rip/LN-nnf02.mtn"}],
"LN-nnf03":[{"file":"live2d/chara/341_general_rip/LN-nnf03.mtn"}],
"LN-nnf04":[{"file":"live2d/chara/341_general_rip/LN-nnf04.mtn"}],
"LN-nnf05":[{"file":"live2d/chara/341_general_rip/LN-nnf05.mtn"}],
"LN-nnf_left01":[{"file":"live2d/chara/341_general_rip/LN-nnf_left01.mtn"}],
"LN-nnf_right01":[{"file":"live2d/chara/341_general_rip/LN-nnf_right01.mtn"}],
"LN-sad01":[{"file":"live2d/chara/341_general_rip/LN-sad01.mtn"}],
"LN-serious01":[{"file":"live2d/chara/341_general_rip/LN-serious01.mtn"}],
"LN-serious02":[{"file":"live2d/chara/341_general_rip/LN-serious02.mtn"}],
"LN-shame01":[{"file":"live2d/chara/341_general_rip/LN-shame01.mtn"}],
"LN-sigh01":[{"file":"live2d/chara/341_general_rip/LN-sigh01.mtn"}],
"LN-smile01":[{"file":"live2d/chara/341_general_rip/LN-smile01.mtn"}],
"LN-smile02":[{"file":"live2d/chara/341_general_rip/LN-smile02.mtn"}],
"LN-smile04":[{"file":"live2d/chara/341_general_rip/LN-smile04.mtn"}],
"LN-surprised01":[{"file":"live2d/chara/341_general_rip/LN-surprised01.mtn"}],
"LN-thinking01":[{"file":"live2d/chara/341_general_rip/LN-thinking01.mtn"}],"Nya-angry01":[{"file":"live2d/chara/341_general_rip/Nya-angry01.mtn"}],
"Nya-bye01":[{"file":"live2d/chara/341_general_rip/Nya-bye01.mtn"}],
"Nya-cry01":[{"file":"live2d/chara/341_general_rip/Nya-cry01.mtn"}],
"Nya-idle01":[{"file":"live2d/chara/341_general_rip/Nya-idle01.mtn"}],
"Nya-kime01":[{"file":"live2d/chara/341_general_rip/Nya-kime01.mtn"}],
"Nya-kime02":[{"file":"live2d/chara/341_general_rip/Nya-kime02.mtn"}],
"Nya-nf01":[{"file":"live2d/chara/341_general_rip/Nya-nf01.mtn"}],
"Nya-nf02":[{"file":"live2d/chara/341_general_rip/Nya-nf02.mtn"}],
"Nya-nf03":[{"file":"live2d/chara/341_general_rip/Nya-nf03.mtn"}],
"Nya-nf04":[{"file":"live2d/chara/341_general_rip/Nya-nf04.mtn"}],
"Nya-nf05":[{"file":"live2d/chara/341_general_rip/Nya-nf05.mtn"}],
"Nya-nf_left01":[{"file":"live2d/chara/341_general_rip/Nya-nf_left01.mtn"}],
"Nya-nf_right01":[{"file":"live2d/chara/341_general_rip/Nya-nf_right01.mtn"}],
"Nya-nnf01":[{"file":"live2d/chara/341_general_rip/Nya-nnf01.mtn"}],
"Nya-nnf02":[{"file":"live2d/chara/341_general_rip/Nya-nnf02.mtn"}],
"Nya-nnf03":[{"file":"live2d/chara/341_general_rip/Nya-nnf03.mtn"}],
"Nya-nnf04":[{"file":"live2d/chara/341_general_rip/Nya-nnf04.mtn"}],
"Nya-nnf05":[{"file":"live2d/chara/341_general_rip/Nya-nnf05.mtn"}],
"Nya-nnf_left01":[{"file":"live2d/chara/341_general_rip/Nya-nnf_left01.mtn"}],
"Nya-nnf_right01":[{"file":"live2d/chara/341_general_rip/Nya-nnf_right01.mtn"}],
"Nya-sad01":[{"file":"live2d/chara/341_general_rip/Nya-sad01.mtn"}],
"Nya-serious01":[{"file":"live2d/chara/341_general_rip/Nya-serious01.mtn"}],
"Nya-smile01":[{"file":"live2d/chara/341_general_rip/Nya-smile01.mtn"}],
"Nya-smile02":[{"file":"live2d/chara/341_general_rip/Nya-smile02.mtn"}],
"Nya-smile03":[{"file":"live2d/chara/341_general_rip/Nya-smile03.mtn"}],
"Nya-surprised01":[{"file":"live2d/chara/341_general_rip/Nya-surprised01.mtn"}],
"Nya-surprised02":[{"file":"live2d/chara/341_general_rip/Nya-surprised02.mtn"}],"angry07":[{"file":"live2d/chara/341_general_rip/angry07.mtn"}],"nf02":[{"file":"live2d/chara/341_general_rip/nf02.mtn"}],"nf01":[{"file":"live2d/chara/341_general_rip/nf01.mtn"}],"bye01":[{"file":"live2d/chara/341_general_rip/bye01.mtn"}],"nf04":[{"file":"live2d/chara/341_general_rip/nf04.mtn"}],"nnf01":[{"file":"live2d/chara/341_general_rip/nnf01.mtn"}],"kime01":[{"file":"live2d/chara/341_general_rip/kime01.mtn"}],"cry05":[{"file":"live2d/chara/341_general_rip/cry05.mtn"}],"bye02":[{"file":"live2d/chara/341_general_rip/bye02.mtn"}],"nf_left01":[{"file":"live2d/chara/341_general_rip/nf_left01.mtn"}],"angry02":[{"file":"live2d/chara/341_general_rip/angry02.mtn"}],"cry02":[{"file":"live2d/chara/341_general_rip/cry02.mtn"}],"nnf03":[{"file":"live2d/chara/341_general_rip/nnf03.mtn"}],"nf_right01":[{"file":"live2d/chara/341_general_rip/nf_right01.mtn"}],"nnf02":[{"file":"live2d/chara/341_general_rip/nnf02.mtn"}],"nnf04":[{"file":"live2d/chara/341_general_rip/nnf04.mtn"}],"odoodo01":[{"file":"live2d/chara/341_general_rip/odoodo01.mtn"}],"angry03":[{"file":"live2d/chara/341_general_rip/angry03.mtn"}],"nf03":[{"file":"live2d/chara/341_general_rip/nf03.mtn"}],"idle01":[{"file":"live2d/chara/341_general_rip/idle01.mtn"}],"angry01":[{"file":"live2d/chara/341_general_rip/angry01.mtn"}],"surprised01":[{"file":"live2d/chara/341_general_rip/surprised01.mtn"}],"surprised02":[{"file":"live2d/chara/341_general_rip/surprised02.mtn"}],"serious01":[{"file":"live2d/chara/341_general_rip/serious01.mtn"}],"nnf_left01":[{"file":"live2d/chara/341_general_rip/nnf_left01.mtn"}],"serious02":[{"file":"live2d/chara/341_general_rip/serious02.mtn"}],"smile02":[{"file":"live2d/chara/341_general_rip/smile02.mtn"}],"sigh01":[{"file":"live2d/chara/341_general_rip/sigh01.mtn"}],"angry04":[{"file":"live2d/chara/341_general_rip/angry04.mtn"}],"shame01":[{"file":"live2d/chara/341_general_rip/shame01.mtn"}],"sad02":[{"file":"live2d/chara/341_general_rip/sad02.mtn"}],"smile04":[{"file":"live2d/chara/341_general_rip/smile04.mtn"}],"smile06":[{"file":"live2d/chara/341_general_rip/smile06.mtn"}],"angry05":[{"file":"live2d/chara/341_general_rip/angry05.mtn"}],"smile05":[{"file":"live2d/chara/341_general_rip/smile05.mtn"}],"smile03":[{"file":"live2d/chara/341_general_rip/smile03.mtn"}],"smile01":[{"file":"live2d/chara/341_general_rip/smile01.mtn"}],"nod01":[{"file":"live2d/chara/341_general_rip/nod01.mtn"}],"shame02":[{"file":"live2d/chara/341_general_rip/shame02.mtn"}],"cry03":[{"file":"live2d/chara/341_general_rip/cry03.mtn"}],"nnf_right01":[{"file":"live2d/chara/341_general_rip/nnf_right01.mtn"}],"cry01":[{"file":"live2d/chara/341_general_rip/cry01.mtn"}],"sad01":[{"file":"live2d/chara/341_general_rip/sad01.mtn"}],"cry04":[{"file":"live2d/chara/341_general_rip/cry04.mtn"}],"angry06":[{"file":"live2d/chara/341_general_rip/angry06.mtn"}],"nnf05":[{"file":"live2d/chara/341_general_rip/nnf05.mtn"}],"nf05":[{"file":"live2d/chara/341_general_rip/nf05.mtn"}],"thinking02":[{"file":"live2d/chara/341_general_rip/thinking02.mtn"}],"sigh02":[{"file":"live2d/chara/341_general_rip/sigh02.mtn"}],"thinking01":[{"file":"live2d/chara/341_general_rip/thinking01.mtn"}]},"expressions":[{"name":"LN-angry01.exp","file":"live2d/chara/341_general_rip/LN-angry01.exp.exp.json"}, 
{"name":"LN-angry02.exp","file":"live2d/chara/341_general_rip/LN-angry02.exp.exp.json"}, 
{"name":"LN-angry03.exp","file":"live2d/chara/341_general_rip/LN-angry03.exp.exp.json"}, 
{"name":"LN-bye01.exp","file":"live2d/chara/341_general_rip/LN-bye01.exp.exp.json"}, 
{"name":"LN-cry01.exp","file":"live2d/chara/341_general_rip/LN-cry01.exp.exp.json"}, 
{"name":"LN-default.exp","file":"live2d/chara/341_general_rip/LN-default.exp.exp.json"}, 
{"name":"LN-idle01.exp","file":"live2d/chara/341_general_rip/LN-idle01.exp.exp.json"}, 
{"name":"LN-kime01.exp","file":"live2d/chara/341_general_rip/LN-kime01.exp.exp.json"}, 
{"name":"LN-niya01.exp","file":"live2d/chara/341_general_rip/LN-niya01.exp.exp.json"}, 
{"name":"LN-sad01.exp","file":"live2d/chara/341_general_rip/LN-sad01.exp.exp.json"}, 
{"name":"LN-serious01.exp","file":"live2d/chara/341_general_rip/LN-serious01.exp.exp.json"}, 
{"name":"LN-serious02.exp","file":"live2d/chara/341_general_rip/LN-serious02.exp.exp.json"}, 
{"name":"LN-shame01.exp","file":"live2d/chara/341_general_rip/LN-shame01.exp.exp.json"}, 
{"name":"LN-sigh01.exp","file":"live2d/chara/341_general_rip/LN-sigh01.exp.exp.json"}, 
{"name":"LN-smile01.exp","file":"live2d/chara/341_general_rip/LN-smile01.exp.exp.json"}, 
{"name":"LN-smile02.exp","file":"live2d/chara/341_general_rip/LN-smile02.exp.exp.json"}, 
{"name":"LN-smile04.exp","file":"live2d/chara/341_general_rip/LN-smile04.exp.exp.json"}, 
{"name":"LN-surprised01.exp","file":"live2d/chara/341_general_rip/LN-surprised01.exp.exp.json"}, 
{"name":"LN-thinking01.exp","file":"live2d/chara/341_general_rip/LN-thinking01.exp.exp.json"},{"name":"Nya-angry01.exp","file":"live2d/chara/341_general_rip/Nya-angry01.exp.exp.json"}, 
{"name":"Nya-cry01.exp","file":"live2d/chara/341_general_rip/Nya-cry01.exp.exp.json"}, 
{"name":"Nya-default.exp","file":"live2d/chara/341_general_rip/Nya-default.exp.exp.json"}, 
{"name":"Nya-idle01.exp","file":"live2d/chara/341_general_rip/Nya-idle01.exp.exp.json"}, 
{"name":"Nya-sad01.exp","file":"live2d/chara/341_general_rip/Nya-sad01.exp.exp.json"}, 
{"name":"Nya-serious01.exp","file":"live2d/chara/341_general_rip/Nya-serious01.exp.exp.json"}, 
{"name":"Nya-smile01.exp","file":"live2d/chara/341_general_rip/Nya-smile01.exp.exp.json"}, 
{"name":"Nya-smile02.exp","file":"live2d/chara/341_general_rip/Nya-smile02.exp.exp.json"}, 
{"name":"Nya-smile03.exp","file":"live2d/chara/341_general_rip/Nya-smile03.exp.exp.json"}, 
{"name":"Nya-surprised01.exp","file":"live2d/chara/341_general_rip/Nya-surprised01.exp.exp.json"},  
{"name":"angry01","file":"live2d/chara/341_general_rip/angry01.exp.json"},{"name":"cry04","file":"live2d/chara/341_general_rip/cry04.exp.json"},{"name":"surprised01","file":"live2d/chara/341_general_rip/surprised01.exp.json"},{"name":"cry01","file":"live2d/chara/341_general_rip/cry01.exp.json"},{"name":"idle01","file":"live2d/chara/341_general_rip/idle01.exp.json"},{"name":"default","file":"live2d/chara/341_general_rip/default.exp.json"},{"name":"smile03","file":"live2d/chara/341_general_rip/smile03.exp.json"},{"name":"smile04","file":"live2d/chara/341_general_rip/smile04.exp.json"},{"name":"smile06","file":"live2d/chara/341_general_rip/smile06.exp.json"},{"name":"serious01","file":"live2d/chara/341_general_rip/serious01.exp.json"},{"name":"angry02","file":"live2d/chara/341_general_rip/angry02.exp.json"},{"name":"sad01","file":"live2d/chara/341_general_rip/sad01.exp.json"},{"name":"sigh02","file":"live2d/chara/341_general_rip/sigh02.exp.json"},{"name":"smile01","file":"live2d/chara/341_general_rip/smile01.exp.json"},{"name":"kime01","file":"live2d/chara/341_general_rip/kime01.exp.json"},{"name":"angry07","file":"live2d/chara/341_general_rip/angry07.exp.json"},{"name":"smile02","file":"live2d/chara/341_general_rip/smile02.exp.json"},{"name":"thinking01","file":"live2d/chara/341_general_rip/thinking01.exp.json"},{"name":"sigh01","file":"live2d/chara/341_general_rip/sigh01.exp.json"},{"name":"cry02","file":"live2d/chara/341_general_rip/cry02.exp.json"},{"name":"sad02","file":"live2d/chara/341_general_rip/sad02.exp.json"},{"name":"odoodo01","file":"live2d/chara/341_general_rip/odoodo01.exp.json"},{"name":"shame02","file":"live2d/chara/341_general_rip/shame02.exp.json"},{"name":"shame01","file":"live2d/chara/341_general_rip/shame01.exp.json"},{"name":"surprised02","file":"live2d/chara/341_general_rip/surprised02.exp.json"},{"name":"serious02","file":"live2d/chara/341_general_rip/serious02.exp.json"},{"name":"thinking02","file":"live2d/chara/341_general_rip/thinking02.exp.json"},{"name":"smile05","file":"live2d/chara/341_general_rip/smile05.exp.json"},{"name":"cry03","file":"live2d/chara/341_general_rip/cry03.exp.json"}]}