{
	"type":"Live2D Physics",
	"physics_hair":[
		{
			"label":"bound",
			"setup":{
				"length":0.33,
				"regist":0.35,
				"mass":0.35
			},
			"src":[
				{
					"id":"PARAM_ANGLE_Y",
					"ptype":"x",
					"scale":0.005,
					"weight":1
				}
			],
			"targets":[
				{
					"id":"PARAM_BOUND",
					"ptype":"angle",
					"scale":0.005,
					"weight":1
				}
			]
		},
		{
			"label":"clothes_a",
			"setup":{
				"length":0.28,
				"regist":0.33,
				"mass":0.25
			},
			"src":[
				{
					"id":"PARAM_ANGLE_Y",
					"ptype":"x",
					"scale":0.005,
					"weight":0.5
				},
				{
					"id":"PARAM_ANGLE_X",
					"ptype":"x",
					"scale":0.005,
					"weight":2
				}
			],
			"targets":[
				{
					"id":"PARAM_CLOTHES_A",
					"ptype":"angle",
					"scale":0.015,
					"weight":1
				}
			]
		},
		{
			"label":"clothes_b",
			"setup":{
				"length":0.13,
				"regist":0.33,
				"mass":0.15
			},
			"src":[
				{
					"id":"PARAM_ANGLE_Y",
					"ptype":"x",
					"scale":0.005,
					"weight":0.5
				},
				{
					"id":"PARAM_ANGLE_X",
					"ptype":"x",
					"scale":0.005,
					"weight":2
				}
			],
			"targets":[
				{
					"id":"PARAM_CLOTHES_B",
					"ptype":"angle",
					"scale":0.015,
					"weight":1
				}
			]
		},
		{
			"label":"clothes_c",
			"setup":{
				"length":0.31,
				"regist":0.33,
				"mass":0.03
			},
			"src":[
				{
					"id":"PARAM_ANGLE_Y",
					"ptype":"x",
					"scale":0.005,
					"weight":0.5
				},
				{
					"id":"PARAM_ANGLE_X",
					"ptype":"x",
					"scale":0.005,
					"weight":2
				}
			],
			"targets":[
				{
					"id":"PARAM_CLOTHES_C",
					"ptype":"angle",
					"scale":0.04,
					"weight":1
				}
			]
		},
		{
			"label":"clothes_d",
			"setup":{
				"length":0.15,
				"regist":0.33,
				"mass":0.15
			},
			"src":[
				{
					"id":"PARAM_ANGLE_Y",
					"ptype":"x",
					"scale":0.005,
					"weight":0.5
				},
				{
					"id":"PARAM_ANGLE_X",
					"ptype":"x",
					"scale":0.005,
					"weight":2
				}
			],
			"targets":[
				{
					"id":"PARAM_CLOTHES_D",
					"ptype":"angle",
					"scale":0.015,
					"weight":1
				}
			]
		},
		{
			"label":"clothes_e",
			"setup":{
				"length":0.15,
				"regist":0.33,
				"mass":0.03
			},
			"src":[
				{
					"id":"PARAM_ANGLE_Y",
					"ptype":"x",
					"scale":0.005,
					"weight":0.5
				},
				{
					"id":"PARAM_ANGLE_X",
					"ptype":"x",
					"scale":0.005,
					"weight":2
				}
			],
			"targets":[
				{
					"id":"PARAM_CLOTHES_E",
					"ptype":"angle",
					"scale":0.045,
					"weight":1
				}
			]
		},
		{
			"label":"clothes_f",
			"setup":{
				"length":0.14,
				"regist":0.33,
				"mass":0.03
			},
			"src":[
				{
					"id":"PARAM_ANGLE_Y",
					"ptype":"x",
					"scale":0.005,
					"weight":0.5
				},
				{
					"id":"PARAM_ANGLE_X",
					"ptype":"x",
					"scale":0.005,
					"weight":2
				}
			],
			"targets":[
				{
					"id":"PARAM_CLOTHES_F",
					"ptype":"angle",
					"scale":0.045,
					"weight":1
				}
			]
		},
		{
			"label":"clothes_g",
			"setup":{
				"length":0.16,
				"regist":0.33,
				"mass":0.03
			},
			"src":[
				{
					"id":"PARAM_ANGLE_Y",
					"ptype":"x",
					"scale":0.005,
					"weight":0.5
				},
				{
					"id":"PARAM_ANGLE_X",
					"ptype":"x",
					"scale":0.005,
					"weight":2
				}
			],
			"targets":[
				{
					"id":"PARAM_CLOTHES_G",
					"ptype":"angle",
					"scale":0.045,
					"weight":1
				}
			]
		}
	]
}