{
	"type":"Live2D Physics",
	"physics_hair":[
		{
			"label":"clothes_a",
			"setup":{
				"length":0.14,
				"regist":0.4,
				"mass":0.14
			},
			"src":[
				{
					"id":"PARAM_BODY_ANGLE_Z",
					"ptype":"angle",
					"scale":0.8,
					"weight":1
				},
				{
					"id":"PARAM_BODY_ANGLE_X",
					"ptype":"x",
					"scale":0.005,
					"weight":1
				}
			],
			"targets":[
				{
					"id":"PARAM_CLOTHES_A",
					"ptype":"angle",
					"scale":0.047,
					"weight":1
				}
			]
		},
		{
			"label":"clothes_b",
			"setup":{
				"length":0.2,
				"regist":0.51,
				"mass":0.14
			},
			"src":[
				{
					"id":"PARAM_BODY_ANGLE_Z",
					"ptype":"angle",
					"scale":0.8,
					"weight":1
				},
				{
					"id":"PARAM_BODY_ANGLE_X",
					"ptype":"x",
					"scale":0.005,
					"weight":1
				}
			],
			"targets":[
				{
					"id":"PARAM_CLOTHES_B",
					"ptype":"angle",
					"scale":0.045,
					"weight":1
				}
			]
		}
	]
}