{"version":"Sample 1.0.0","layout":{"center_x":0,"center_y":0,"width":2},"hit_areas_custom":{"head_x":[-0.25,1],"head_y":[0.25,0.2],"body_x":[-0.3,0.2],"body_y":[0.3,-1.9]},"model":"umiri_黑西装_v1/umiri_school_winter-2023.moc","physics":"umiri_黑西装_v1/umiri_school_winter-2023.physics.json","textures":["339_general/texture_00.png","umiri_黑西装_v1/texture_01.png"],"motions":{"bye01":[{"file":"339_general/bye01.mtn"}],"nnf02":[{"file":"339_general/nnf02.mtn"}],"nf_right01":[{"file":"339_general/nf_right01.mtn"}],"sigh01":[{"file":"339_general/sigh01.mtn"}],"idle01":[{"file":"339_general/idle01.mtn"}],"nf_left01":[{"file":"339_general/nf_left01.mtn"}],"surprised01":[{"file":"339_general/surprised01.mtn"}],"nnf04":[{"file":"339_general/nnf04.mtn"}],"nnf_right01":[{"file":"339_general/nnf_right01.mtn"}],"nf02":[{"file":"339_general/nf02.mtn"}],"nf03":[{"file":"339_general/nf03.mtn"}],"nnf01":[{"file":"339_general/nnf01.mtn"}],"nf01":[{"file":"339_general/nf01.mtn"}],"angry02":[{"file":"339_general/angry02.mtn"}],"smile01":[{"file":"339_general/smile01.mtn"}],"kime01":[{"file":"339_general/kime01.mtn"}],"nnf05":[{"file":"339_general/nnf05.mtn"}],"smile03":[{"file":"339_general/smile03.mtn"}],"nf04":[{"file":"339_general/nf04.mtn"}],"nnf_left01":[{"file":"339_general/nnf_left01.mtn"}],"angry01":[{"file":"339_general/angry01.mtn"}],"nf05":[{"file":"339_general/nf05.mtn"}],"serious01":[{"file":"339_general/serious01.mtn"}],"nnf03":[{"file":"339_general/nnf03.mtn"}],"smile02":[{"file":"339_general/smile02.mtn"}],"smile05":[{"file":"339_general/smile05.mtn"}],"smile04":[{"file":"339_general/smile04.mtn"}],"thinking01":[{"file":"339_general/thinking01.mtn"}],"sad01":[{"file":"339_general/sad01.mtn"}]},"expressions":[{"name":"serious01","file":"339_general/serious01.exp.json"},{"name":"smile02","file":"339_general/smile02.exp.json"},{"name":"smile04","file":"339_general/smile04.exp.json"},{"name":"sigh01","file":"339_general/sigh01.exp.json"},{"name":"左转身","file":"339_general/L_Boby.exp.json"},{"name":"右转身","file":"339_general/R_Boby.exp.json"},{"name":"smile03","file":"339_general/smile03.exp.json"},{"name":"smile01","file":"339_general/smile01.exp.json"},{"name":"idle01","file":"339_general/idle01.exp.json"},{"name":"angry01","file":"339_general/angry01.exp.json"},{"name":"default","file":"339_general/default.exp.json"},{"name":"sad01","file":"339_general/sad01.exp.json"},{"name":"smile05","file":"339_general/smile05.exp.json"},{"name":"surprised01","file":"339_general/surprised01.exp.json"}]}