{
	"type":"Live2D Expression",
	"fade_in":500,
	"fade_out":500,
	"params":[
		{"id":"PARAM_EYE_L_OPEN","val":0.88,"calc":"mult"},
		{"id":"PARAM_EYE_L_DOUBLE","val":-0.75},
		{"id":"PARAM_EYE_R_OPEN","val":0.88,"calc":"mult"},
		{"id":"PARAM_EYE_R_DOUBLE","val":-0.74},
		{"id":"PARAM_EYE_BALL_Y","val":-0.2},
		{"id":"PARAM_EYE_FORM","val":-0.71},
		{"id":"PARAM_EYE_HIGHLIGHT","val":0.75},
		{"id":"PARAM_BROW_L_Y","val":-0.97},
		{"id":"PARAM_BROW_R_Y","val":-0.94},
		{"id":"PARAM_BROW_L_X","val":-0.39},
		{"id":"PARAM_BROW_R_X","val":-0.39},
		{"id":"PARAM_BROW_L_ANGLE","val":-0.84},
		{"id":"PARAM_BROW_R_ANGLE","val":-0.81},
		{"id":"PARAM_BROW_L_FORM","val":-1},
		{"id":"PARAM_BROW_R_FORM","val":-1},
		{"id":"PARAM_MOUTH_FORM_01","val":-1,"def":1},
		{"id":"PARAM_MOUTH_SCALE","val":0.57}
	]
}