{"version": "Sample 1.0.0", "layout": {"center_x": 0, "center_y": 0, "width": 2}, "hit_areas_custom": {"head_x": [-0.25, 1], "head_y": [0.25, 0.2], "body_x": [-0.3, 0.2], "body_y": [0.3, -1.9]}, "model": "036_casual-2023_rip/tomori_casual-2023.moc", "physics": "036_casual-2023_rip/tomori_casual-2023.physics.json", "textures": ["036_general_rip/texture_00.png", "036_casual-2023_rip/texture_01.png"], "motions": {"愤怒01": [{"file": "036_general_rip/angry01.mtn"}], "愤怒02": [{"file": "036_general_rip/angry02.mtn"}], "再见01": [{"file": "036_general_rip/bye01.mtn"}], "哭泣01": [{"file": "036_general_rip/cry01.mtn"}], "哭泣02": [{"file": "036_general_rip/cry02.mtn"}], "空闲01": [{"file": "036_general_rip/idle01.mtn"}], "感动01": [{"file": "036_general_rip/kandou01.mtn"}], "感动02": [{"file": "036_general_rip/kandou02.mtn"}], "感动03": [{"file": "036_general_rip/kandou03.mtn"}], "得意01": [{"file": "036_general_rip/kime01.mtn"}], "得意02": [{"file": "036_general_rip/kime02.mtn"}], "通用01": [{"file": "036_general_rip/nf01.mtn"}], "通用02": [{"file": "036_general_rip/nf02.mtn"}], "通用03": [{"file": "036_general_rip/nf03.mtn"}], "通用04": [{"file": "036_general_rip/nf04.mtn"}], "通用05": [{"file": "036_general_rip/nf05.mtn"}], "通用_left01": [{"file": "036_general_rip/nf_left01.mtn"}], "通用_right01": [{"file": "036_general_rip/nf_right01.mtn"}], "通用二01": [{"file": "036_general_rip/nnf01.mtn"}], "通用二02": [{"file": "036_general_rip/nnf02.mtn"}], "通用二03": [{"file": "036_general_rip/nnf03.mtn"}], "通用二04": [{"file": "036_general_rip/nnf04.mtn"}], "通用二05": [{"file": "036_general_rip/nnf05.mtn"}], "通用二_left01": [{"file": "036_general_rip/nnf_left01.mtn"}], "通用二_right01": [{"file": "036_general_rip/nnf_right01.mtn"}], "悲伤01": [{"file": "036_general_rip/sad01.mtn"}], "悲伤02": [{"file": "036_general_rip/sad02.mtn"}], "悲伤03": [{"file": "036_general_rip/sad03.mtn"}], "悲伤04": [{"file": "036_general_rip/sad04.mtn"}], "严肃01": [{"file": "036_general_rip/serious01.mtn"}], "严肃02": [{"file": "036_general_rip/serious02.mtn"}], "害羞01": [{"file": "036_general_rip/shame01.mtn"}], "害羞02": [{"file": "036_general_rip/shame02.mtn"}], "唱01": [{"file": "036_general_rip/sing01.mtn"}], "唱02": [{"file": "036_general_rip/sing02.mtn"}], "微笑01": [{"file": "036_general_rip/smile01.mtn"}], "微笑02": [{"file": "036_general_rip/smile02.mtn"}], "微笑03": [{"file": "036_general_rip/smile03.mtn"}], "微笑04": [{"file": "036_general_rip/smile04.mtn"}], "惊讶01": [{"file": "036_general_rip/surprised01.mtn"}], "思考01": [{"file": "036_general_rip/thinking01.mtn"}], "思考02": [{"file": "036_general_rip/thinking02.mtn"}]}, "expressions": [{"name": "愤怒01", "file": "036_general_rip/angry01.exp.json"}, {"name": "愤怒02", "file": "036_general_rip/angry02.exp.json"}, {"name": "再见01", "file": "036_general_rip/bye01.exp.json"}, {"name": "哭泣01", "file": "036_general_rip/cry01.exp.json"}, {"name": "哭泣02", "file": "036_general_rip/cry02.exp.json"}, {"name": "默认", "file": "036_general_rip/default.exp.json"}, {"name": "空闲", "file": "036_general_rip/idle.exp.json"}, {"name": "感动01", "file": "036_general_rip/kandou01.exp.json"}, {"name": "感动02", "file": "036_general_rip/kandou02.exp.json"}, {"name": "感动03", "file": "036_general_rip/kandou03.exp.json"}, {"name": "得意01", "file": "036_general_rip/kime01.exp.json"}, {"name": "得意02", "file": "036_general_rip/kime02.exp.json"}, {"name": "悲伤01", "file": "036_general_rip/sad01.exp.json"}, {"name": "悲伤02", "file": "036_general_rip/sad02.exp.json"}, {"name": "悲伤03", "file": "036_general_rip/sad03.exp.json"}, {"name": "悲伤04", "file": "036_general_rip/sad04.exp.json"}, {"name": "严肃01", "file": "036_general_rip/serious01.exp.json"}, {"name": "严肃02", "file": "036_general_rip/serious02.exp.json"}, {"name": "害羞01", "file": "036_general_rip/shame01.exp.json"}, {"name": "害羞02", "file": "036_general_rip/shame02.exp.json"}, {"name": "唱01", "file": "036_general_rip/sing01.exp.json"}, {"name": "唱02", "file": "036_general_rip/sing02.exp.json"}, {"name": "微笑01", "file": "036_general_rip/smile01.exp.json"}, {"name": "微笑02", "file": "036_general_rip/smile02.exp.json"}, {"name": "微笑03", "file": "036_general_rip/smile03.exp.json"}, {"name": "微笑04", "file": "036_general_rip/smile04.exp.json"}, {"name": "惊讶01", "file": "036_general_rip/surprised01.exp.json"}, {"name": "思考01", "file": "036_general_rip/thinking01.exp.json"}, {"name": "思考02", "file": "036_general_rip/thinking02.exp.json"}]}