{
	"type":"Live2D Expression",
	"fade_in":500,
	"fade_out":500,
	"params":[
		{"id":"PARAM_EYE_R_OPEN","val":0.81,"calc":"mult"},
		{"id":"PARAM_EYE_R_SMILE","val":1},
		{"id":"PARAM_EYELID_R","val":-0.68},
		{"id":"PARAM_EYE_L_OPEN","val":0,"calc":"mult"},
		{"id":"PARAM_EYE_L_SMILE","val":0.83},
		{"id":"PARAM_EYELID_L","val":-0.66},
		{"id":"PARAM_BROW_R_Y","val":0.17},
		{"id":"PARAM_BROW_R_X","val":-0.01},
		{"id":"PARAM_BROW_R_ANGLE","val":0.62},
		{"id":"PARAM_BROW_R_FORM","val":0.46},
		{"id":"PARAM_BROW_L_Y","val":-0.4},
		{"id":"PARAM_BROW_L_X","val":-0.34},
		{"id":"PARAM_BROW_L_ANGLE","val":0.66},
		{"id":"PARAM_BROW_L_FORM","val":-0.19},
		{"id":"PARAM_MOUTH_FORM_01","val":0.25},
		{"id":"PARAM_CHEEK2","val":0.69}
	]
}