{"type":"Live2D Physics","physics_hair":[{"label":"clothes_a","setup":{"length":0.15,"regist":0.53,"mass":0.18},"src":[{"id":"PARAM_BODY_ANGLE_Z","ptype":"angle","scale":1.5,"weight":0.5},{"id":"PARAM_BODY_ANGLE_X","ptype":"x","scale":0.015,"weight":0.5},{"id":"PARAM_ANGLE_Z","ptype":"angle","scale":0.5,"weight":2},{"id":"PARAM_ANGLE_X","ptype":"x","scale":0.005,"weight":2}],"targets":[{"id":"PARAM_CLOTHES_A","ptype":"angle","scale":0.02,"weight":1}]},{"label":"clothes_b","setup":{"length":0.16,"regist":0.5,"mass":0.18},"src":[{"id":"PARAM_BODY_ANGLE_Z","ptype":"angle","scale":1.5,"weight":0.5},{"id":"PARAM_BODY_ANGLE_X","ptype":"x","scale":0.015,"weight":0.5},{"id":"PARAM_ANGLE_Z","ptype":"angle","scale":0.5,"weight":2},{"id":"PARAM_ANGLE_X","ptype":"x","scale":0.005,"weight":2}],"targets":[{"id":"PARAM_CLOTHES_B","ptype":"angle","scale":0.015,"weight":1}]},{"label":"clothes_c","setup":{"length":0.14,"regist":0.44,"mass":0.17},"src":[{"id":"PARAM_BODY_ANGLE_Z","ptype":"angle","scale":2.4,"weight":0.5},{"id":"PARAM_BODY_ANGLE_X","ptype":"x","scale":0.015,"weight":0.5},{"id":"PARAM_ANGLE_Z","ptype":"angle","scale":0.8,"weight":2},{"id":"PARAM_ANGLE_X","ptype":"x","scale":0.005,"weight":2}],"targets":[{"id":"PARAM_CLOTHES_C","ptype":"angle","scale":0.02,"weight":1}]},{"label":"clothes_d","setup":{"length":0.2,"regist":0.28,"mass":0.15},"src":[{"id":"PARAM_BODY_ANGLE_Z","ptype":"angle","scale":0.8,"weight":1},{"id":"PARAM_BODY_ANGLE_Y","ptype":"x","scale":0.01,"weight":0.5},{"id":"PARAM_BODY_ANGLE_X","ptype":"x","scale":0.005,"weight":2}],"targets":[{"id":"PARAM_CLOTHES_D","ptype":"angle","scale":0.05,"weight":1}]},{"label":"clothes_e","setup":{"length":0.22,"regist":0.35,"mass":0.13},"src":[{"id":"PARAM_BODY_ANGLE_Z","ptype":"angle","scale":0.8,"weight":1},{"id":"PARAM_BODY_ANGLE_X","ptype":"x","scale":0.005,"weight":1}],"targets":[{"id":"PARAM_CLOTHES_E","ptype":"angle","scale":0.043,"weight":1}]},{"label":"clothes_f","setup":{"length":0.26,"regist":0.53,"mass":0.18},"src":[{"id":"PARAM_BODY_ANGLE_Z","ptype":"angle","scale":0.8,"weight":1},{"id":"PARAM_BODY_ANGLE_X","ptype":"x","scale":0.005,"weight":1}],"targets":[{"id":"PARAM_CLOTHES_F","ptype":"angle","scale":0.05,"weight":1}]}]}