{"version": "Sample 1.0.0", "layout": {"center_x": 0, "center_y": 0, "width": 2}, "hit_areas_custom": {"head_x": [-0.25, 1], "head_y": [0.25, 0.2], "body_x": [-0.3, 0.2], "body_y": [0.3, -1.9]}, "model": "live2d/chara/337_casual-2023_nocap_rip/uika_casual-2023_nocap.moc", "physics": "live2d/chara/337_casual-2023_nocap_rip/uika_casual-2023_nocap.physics.json", "textures": ["live2d/chara/337_general_rip/texture_00.png", "live2d/chara/337_casual-2023_nocap_rip/texture_01.png"], "motions": {"angry01": [{"file": "live2d/chara/337_general_rip/angry01.mtn"}], "bye01": [{"file": "live2d/chara/337_general_rip/bye01.mtn"}], "cry01": [{"file": "live2d/chara/337_general_rip/cry01.mtn"}], "idle01": [{"file": "live2d/chara/337_general_rip/idle01.mtn"}], "idle02": [{"file": "live2d/chara/337_general_rip/idle02.mtn"}], "kime01": [{"file": "live2d/chara/337_general_rip/kime01.mtn"}], "nf01": [{"file": "live2d/chara/337_general_rip/nf01.mtn"}], "nf02": [{"file": "live2d/chara/337_general_rip/nf02.mtn"}], "nf03": [{"file": "live2d/chara/337_general_rip/nf03.mtn"}], "nf04": [{"file": "live2d/chara/337_general_rip/nf04.mtn"}], "nf05": [{"file": "live2d/chara/337_general_rip/nf05.mtn"}], "nf_left01": [{"file": "live2d/chara/337_general_rip/nf_left01.mtn"}], "nf_right01": [{"file": "live2d/chara/337_general_rip/nf_right01.mtn"}], "odoodo01": [{"file": "live2d/chara/337_general_rip/odoodo01.mtn"}], "odoodo02": [{"file": "live2d/chara/337_general_rip/odoodo02.mtn"}], "sad01": [{"file": "live2d/chara/337_general_rip/sad01.mtn"}], "serious01": [{"file": "live2d/chara/337_general_rip/serious01.mtn"}], "shame01": [{"file": "live2d/chara/337_general_rip/shame01.mtn"}], "smile01": [{"file": "live2d/chara/337_general_rip/smile01.mtn"}], "smile02": [{"file": "live2d/chara/337_general_rip/smile02.mtn"}], "smile03": [{"file": "live2d/chara/337_general_rip/smile03.mtn"}], "surprised01": [{"file": "live2d/chara/337_general_rip/surprised01.mtn"}], "uika_angry01": [{"file": "uika替换动作位置/uika_angry01.mtn"}], "uika_cry01": [{"file": "uika替换动作位置/uika_cry01.mtn"}], "uika_idle01": [{"file": "uika替换动作位置/uika_idle01.mtn"}], "uika_kime01": [{"file": "uika替换动作位置/uika_kime01.mtn"}], "uika_mitore01": [{"file": "uika替换动作位置/uika_mitore01.mtn"}], "uika_nf01": [{"file": "uika替换动作位置/uika_nf01.mtn"}], "uika_nf02": [{"file": "uika替换动作位置/uika_nf02.mtn"}], "uika_nf03": [{"file": "uika替换动作位置/uika_nf03.mtn"}], "uika_nf04": [{"file": "uika替换动作位置/uika_nf04.mtn"}], "uika_nf05": [{"file": "uika替换动作位置/uika_nf05.mtn"}], "uika_nf_left01": [{"file": "uika替换动作位置/uika_nf_left01.mtn"}], "uika_nf_right01": [{"file": "uika替换动作位置/uika_nf_right01.mtn"}], "uika_nnf01": [{"file": "uika替换动作位置/uika_nnf01.mtn"}], "uika_nnf02": [{"file": "uika替换动作位置/uika_nnf02.mtn"}], "uika_nnf03": [{"file": "uika替换动作位置/uika_nnf03.mtn"}], "uika_nnf04": [{"file": "uika替换动作位置/uika_nnf04.mtn"}], "uika_nnf05": [{"file": "uika替换动作位置/uika_nnf05.mtn"}], "uika_nnf_left01": [{"file": "uika替换动作位置/uika_nnf_left01.mtn"}], "uika_nnf_right01": [{"file": "uika替换动作位置/uika_nnf_right01.mtn"}], "uika_sad01": [{"file": "uika替换动作位置/uika_sad01.mtn"}], "uika_serious01": [{"file": "uika替换动作位置/uika_serious01.mtn"}], "uika_shame01": [{"file": "uika替换动作位置/uika_shame01.mtn"}], "uika_smile01": [{"file": "uika替换动作位置/uika_smile01.mtn"}], "uika_smile02": [{"file": "uika替换动作位置/uika_smile02.mtn"}], "uika_smile03": [{"file": "uika替换动作位置/uika_smile03.mtn"}], "uika_surprised01": [{"file": "uika替换动作位置/uika_surprised01.mtn"}]}, "expressions": [{"name": "rinko_default", "file": "live2d/chara/337_general_rip/rinko_default.exp.json"}, {"name": "rinko_sad", "file": "live2d/chara/337_general_rip/rinko_sad.exp.json"}, {"name": "rinko_shame", "file": "live2d/chara/337_general_rip/rinko_shame.exp.json"}, {"name": "rinko_smile01", "file": "live2d/chara/337_general_rip/rinko_smile01.exp.json"}, {"name": "rinko_surprised", "file": "live2d/chara/337_general_rip/rinko_surprised.exp.json"}, {"name": "rinko_worry", "file": "live2d/chara/337_general_rip/rinko_worry.exp.json"}, {"name": "uika_angry01", "file": "uika替换动作位置/uika_angry01.exp.json"}, {"name": "uika_cry01", "file": "uika替换动作位置/uika_cry01.exp.json"}, {"name": "uika_default", "file": "uika替换动作位置/uika_default.exp.json"}, {"name": "uika_idle01", "file": "uika替换动作位置/uika_idle01.exp.json"}, {"name": "uika_kime01", "file": "uika替换动作位置/uika_kime01.exp.json"}, {"name": "uika_sad01", "file": "uika替换动作位置/uika_sad01.exp.json"}, {"name": "uika_serious01", "file": "uika替换动作位置/uika_serious01.exp.json"}, {"name": "uika_shame01", "file": "uika替换动作位置/uika_shame01.exp.json"}, {"name": "uika_smile01", "file": "uika替换动作位置/uika_smile01.exp.json"}, {"name": "uika_smile02", "file": "uika替换动作位置/uika_smile02.exp.json"}, {"name": "uika_surprised01", "file": "uika替换动作位置/uika_surprised01.exp.json"}]}