{"version": "Sample 1.0.0", "layout": {"center_x": 0, "center_y": 0, "width": 2}, "hit_areas_custom": {"head_x": [-0.25, 1], "head_y": [0.25, 0.2], "body_x": [-0.3, 0.2], "body_y": [0.3, -1.9]}, "model": "live2d/chara/227_chairperson_casual_rip/chairperson_casual.moc", "physics": "live2d/chara/227_chairperson_casual_rip/chairperson_casual.physics.json", "textures": ["live2d/chara/227_chairperson_casual_rip/texture_00.png"], "motions": {"angry01": [{"file": "live2d/chara/227_general_rip/angry01.mtn"}], "idle01": [{"file": "live2d/chara/227_general_rip/idle01.mtn"}], "nf01": [{"file": "live2d/chara/227_general_rip/nf01.mtn"}], "nf02": [{"file": "live2d/chara/227_general_rip/nf02.mtn"}], "nf03": [{"file": "live2d/chara/227_general_rip/nf03.mtn"}], "nf04": [{"file": "live2d/chara/227_general_rip/nf04.mtn"}], "nf05": [{"file": "live2d/chara/227_general_rip/nf05.mtn"}], "nf_left_01": [{"file": "live2d/chara/227_general_rip/nf_left_01.mtn"}], "nf_right_01": [{"file": "live2d/chara/227_general_rip/nf_right_01.mtn"}], "sad01": [{"file": "live2d/chara/227_general_rip/sad01.mtn"}], "serious01": [{"file": "live2d/chara/227_general_rip/serious01.mtn"}], "smile01": [{"file": "live2d/chara/227_general_rip/smile01.mtn"}], "smile03": [{"file": "live2d/chara/227_general_rip/smile03.mtn"}], "surprised01": [{"file": "live2d/chara/227_general_rip/surprised01.mtn"}]}, "expressions": [{"name": "rinko_default", "file": "live2d/chara/025_general_rip/rinko_default.exp.json"}]}