{"version": "Sample 1.0.0", "layout": {"center_x": 0, "center_y": 0, "width": 2}, "hit_areas_custom": {"head_x": [-0.25, 1], "head_y": [0.25, 0.2], "body_x": [-0.3, 0.2], "body_y": [0.3, -1.9]}, "model": "live2d/chara/338_casual-2023_rip/mutsumi_casual-2023.moc", "physics": "live2d/chara/338_casual-2023_rip/mutsumi_casual-2023.physics.json", "textures": ["live2d/chara/338_general_rip/texture_00.png", "live2d/chara/338_casual-2023_rip/texture_01.png"], "motions": {"nf02": [{"file": "live2d/chara/338_general_rip/nf02.mtn"}], "nf_left01": [{"file": "live2d/chara/338_general_rip/nf_left01.mtn"}], "nf01": [{"file": "live2d/chara/338_general_rip/nf01.mtn"}], "bye01": [{"file": "live2d/chara/338_general_rip/bye01.mtn"}], "nf_right01": [{"file": "live2d/chara/338_general_rip/nf_right01.mtn"}], "nnf_left01": [{"file": "live2d/chara/338_general_rip/nnf_left01.mtn"}], "nnf02": [{"file": "live2d/chara/338_general_rip/nnf02.mtn"}], "smile02": [{"file": "live2d/chara/338_general_rip/smile02.mtn"}], "surprised01": [{"file": "live2d/chara/338_general_rip/surprised01.mtn"}], "angry01": [{"file": "live2d/chara/338_general_rip/angry01.mtn"}], "nf04": [{"file": "live2d/chara/338_general_rip/nf04.mtn"}], "idle01": [{"file": "live2d/chara/338_general_rip/idle01.mtn"}], "邪恶睦头": [{"file": "live2d/chara/338_general_rip/邪恶睦头.mtn"}], "挨打睦头": [{"file": "live2d/chara/338_general_rip/挨打睦头.mtn"}], "应当睦头": [{"file": "live2d/chara/338_general_rip/应当睦头.mtn"}], "nnf01": [{"file": "live2d/chara/338_general_rip/nnf01.mtn"}], "kime01": [{"file": "live2d/chara/338_general_rip/kime01.mtn"}], "sad02": [{"file": "live2d/chara/338_general_rip/sad02.mtn"}], "nf03": [{"file": "live2d/chara/338_general_rip/nf03.mtn"}], "nf05": [{"file": "live2d/chara/338_general_rip/nf05.mtn"}], "nnf05": [{"file": "live2d/chara/338_general_rip/nnf05.mtn"}], "nnf04": [{"file": "live2d/chara/338_general_rip/nnf04.mtn"}], "nnf_right01": [{"file": "live2d/chara/338_general_rip/nnf_right01.mtn"}], "smile01": [{"file": "live2d/chara/338_general_rip/smile01.mtn"}], "odoodo01": [{"file": "live2d/chara/338_general_rip/odoodo01.mtn"}], "sad01": [{"file": "live2d/chara/338_general_rip/sad01.mtn"}], "nnf03": [{"file": "live2d/chara/338_general_rip/nnf03.mtn"}], "smile04": [{"file": "live2d/chara/338_general_rip/smile04.mtn"}], "thinking01": [{"file": "live2d/chara/338_general_rip/thinking01.mtn"}], "soyo_ando01": [{"file": "soyo替换动作位置/soyo_ando01.mtn"}], "soyo_angry01": [{"file": "soyo替换动作位置/soyo_angry01.mtn"}], "soyo_angry02": [{"file": "soyo替换动作位置/soyo_angry02.mtn"}], "soyo_angry03": [{"file": "soyo替换动作位置/soyo_angry03.mtn"}], "soyo_bye01": [{"file": "soyo替换动作位置/soyo_bye01.mtn"}], "soyo_bye02": [{"file": "soyo替换动作位置/soyo_bye02.mtn"}], "soyo_cry01": [{"file": "soyo替换动作位置/soyo_cry01.mtn"}], "soyo_cry02": [{"file": "soyo替换动作位置/soyo_cry02.mtn"}], "soyo_idle01": [{"file": "soyo替换动作位置/soyo_idle01.mtn"}], "soyo_kandou01": [{"file": "soyo替换动作位置/soyo_kandou01.mtn"}], "soyo_kime01": [{"file": "soyo替换动作位置/soyo_kime01.mtn"}], "soyo_nf01": [{"file": "soyo替换动作位置/soyo_nf01.mtn"}], "soyo_nf02": [{"file": "soyo替换动作位置/soyo_nf02.mtn"}], "soyo_nf03": [{"file": "soyo替换动作位置/soyo_nf03.mtn"}], "soyo_nf04": [{"file": "soyo替换动作位置/soyo_nf04.mtn"}], "soyo_nf05": [{"file": "soyo替换动作位置/soyo_nf05.mtn"}], "soyo_nf_left01": [{"file": "soyo替换动作位置/soyo_nf_left01.mtn"}], "soyo_nf_right01": [{"file": "soyo替换动作位置/soyo_nf_right01.mtn"}], "soyo_nnf01": [{"file": "soyo替换动作位置/soyo_nnf01.mtn"}], "soyo_nnf02": [{"file": "soyo替换动作位置/soyo_nnf02.mtn"}], "soyo_nnf03": [{"file": "soyo替换动作位置/soyo_nnf03.mtn"}], "soyo_nnf04": [{"file": "soyo替换动作位置/soyo_nnf04.mtn"}], "soyo_nnf05": [{"file": "soyo替换动作位置/soyo_nnf05.mtn"}], "soyo_nnf_left01": [{"file": "soyo替换动作位置/soyo_nnf_left01.mtn"}], "soyo_nnf_right01": [{"file": "soyo替换动作位置/soyo_nnf_right01.mtn"}], "soyo_odoodo01": [{"file": "soyo替换动作位置/soyo_odoodo01.mtn"}], "soyo_sad01": [{"file": "soyo替换动作位置/soyo_sad01.mtn"}], "soyo_sad02": [{"file": "soyo替换动作位置/soyo_sad02.mtn"}], "soyo_sad03": [{"file": "soyo替换动作位置/soyo_sad03.mtn"}], "soyo_serious01": [{"file": "soyo替换动作位置/soyo_serious01.mtn"}], "soyo_serious02": [{"file": "soyo替换动作位置/soyo_serious02.mtn"}], "soyo_serious03": [{"file": "soyo替换动作位置/soyo_serious03.mtn"}], "soyo_serious04": [{"file": "soyo替换动作位置/soyo_serious04.mtn"}], "soyo_shame01": [{"file": "soyo替换动作位置/soyo_shame01.mtn"}], "soyo_shame02": [{"file": "soyo替换动作位置/soyo_shame02.mtn"}], "soyo_smile01": [{"file": "soyo替换动作位置/soyo_smile01.mtn"}], "soyo_smile02": [{"file": "soyo替换动作位置/soyo_smile02.mtn"}], "soyo_smile03": [{"file": "soyo替换动作位置/soyo_smile03.mtn"}], "soyo_smile04": [{"file": "soyo替换动作位置/soyo_smile04.mtn"}], "soyo_smile05": [{"file": "soyo替换动作位置/soyo_smile05.mtn"}], "soyo_surprised01": [{"file": "soyo替换动作位置/soyo_surprised01.mtn"}], "soyo_thinking01": [{"file": "soyo替换动作位置/soyo_thinking01.mtn"}], "soyo_thinking02": [{"file": "soyo替换动作位置/soyo_thinking02.mtn"}], "soyo_wink01": [{"file": "soyo替换动作位置/soyo_wink01.mtn"}], "kkr_angry01": [{"file": "kkr替换动作位置/kkr_angry01.mtn"}], "kkr_bye01": [{"file": "kkr替换动作位置/kkr_bye01.mtn"}], "kkr_cry01": [{"file": "kkr替换动作位置/kkr_cry01.mtn"}], "kkr_gattsu01": [{"file": "kkr替换动作位置/kkr_gattsu01.mtn"}], "kkr_humming01": [{"file": "kkr替换动作位置/kkr_humming01.mtn"}], "kkr_idle01": [{"file": "kkr替换动作位置/kkr_idle01.mtn"}], "kkr_idle02": [{"file": "kkr替换动作位置/kkr_idle02.mtn"}], "kkr_jaan01": [{"file": "kkr替换动作位置/kkr_jaan01.mtn"}], "kkr_kime01": [{"file": "kkr替换动作位置/kkr_kime01.mtn"}], "kkr_nf01": [{"file": "kkr替换动作位置/kkr_nf01.mtn"}], "kkr_nf02": [{"file": "kkr替换动作位置/kkr_nf02.mtn"}], "kkr_nf03": [{"file": "kkr替换动作位置/kkr_nf03.mtn"}], "kkr_nf04": [{"file": "kkr替换动作位置/kkr_nf04.mtn"}], "kkr_nf05": [{"file": "kkr替换动作位置/kkr_nf05.mtn"}], "kkr_nf_left01": [{"file": "kkr替换动作位置/kkr_nf_left01.mtn"}], "kkr_nf_right01": [{"file": "kkr替换动作位置/kkr_nf_right01.mtn"}], "kkr_nnf01": [{"file": "kkr替换动作位置/kkr_nnf01.mtn"}], "kkr_nnf02": [{"file": "kkr替换动作位置/kkr_nnf02.mtn"}], "kkr_nnf03": [{"file": "kkr替换动作位置/kkr_nnf03.mtn"}], "kkr_nnf04": [{"file": "kkr替换动作位置/kkr_nnf04.mtn"}], "kkr_nnf05": [{"file": "kkr替换动作位置/kkr_nnf05.mtn"}], "kkr_nnf_left01": [{"file": "kkr替换动作位置/kkr_nnf_left01.mtn"}], "kkr_nnf_right01": [{"file": "kkr替换动作位置/kkr_nnf_right01.mtn"}], "kkr_nod01": [{"file": "kkr替换动作位置/kkr_nod01.mtn"}], "kkr_nod02": [{"file": "kkr替换动作位置/kkr_nod02.mtn"}], "kkr_oowarai01": [{"file": "kkr替换动作位置/kkr_oowarai01.mtn"}], "kkr_sad01": [{"file": "kkr替换动作位置/kkr_sad01.mtn"}], "kkr_sad02": [{"file": "kkr替换动作位置/kkr_sad02.mtn"}], "kkr_sad03": [{"file": "kkr替换动作位置/kkr_sad03.mtn"}], "kkr_serious01": [{"file": "kkr替换动作位置/kkr_serious01.mtn"}], "kkr_shame01": [{"file": "kkr替换动作位置/kkr_shame01.mtn"}], "kkr_sleep01": [{"file": "kkr替换动作位置/kkr_sleep01.mtn"}], "kkr_sleep02": [{"file": "kkr替换动作位置/kkr_sleep02.mtn"}], "kkr_smile01": [{"file": "kkr替换动作位置/kkr_smile01.mtn"}], "kkr_smile02": [{"file": "kkr替换动作位置/kkr_smile02.mtn"}], "kkr_surprised01": [{"file": "kkr替换动作位置/kkr_surprised01.mtn"}], "kkr_wink01": [{"file": "kkr替换动作位置/kkr_wink01.mtn"}], "kkr_wondering01": [{"file": "kkr替换动作位置/kkr_wondering01.mtn"}]}, "expressions": [{"name": "angry01", "file": "live2d/chara/338_general_rip/angry01.exp.json"}, {"name": "sad01", "file": "live2d/chara/338_general_rip/sad01.exp.json"}, {"name": "smile02", "file": "live2d/chara/338_general_rip/smile02.exp.json"}, {"name": "default", "file": "live2d/chara/338_general_rip/default.exp.json"}, {"name": "idle01", "file": "live2d/chara/338_general_rip/idle01.exp.json"}, {"name": "邪恶睦头", "file": "live2d/chara/338_general_rip/邪恶睦头.exp.json"}, {"name": "挨打睦头", "file": "live2d/chara/338_general_rip/挨打睦头.exp.json"}, {"name": "应当睦头", "file": "live2d/chara/338_general_rip/应当睦头.exp.json"}, {"name": "smile01", "file": "live2d/chara/338_general_rip/smile01.exp.json"}, {"name": "smile04", "file": "live2d/chara/338_general_rip/smile04.exp.json"}, {"name": "surprised01", "file": "live2d/chara/338_general_rip/surprised01.exp.json"}, {"name": "soyo_ando01", "file": "soyo替换动作位置/soyo_ando01.exp.json"}, {"name": "soyo_angry01", "file": "soyo替换动作位置/soyo_angry01.exp.json"}, {"name": "soyo_angry02", "file": "soyo替换动作位置/soyo_angry02.exp.json"}, {"name": "soyo_angry03", "file": "soyo替换动作位置/soyo_angry03.exp.json"}, {"name": "soyo_bye01", "file": "soyo替换动作位置/soyo_bye01.exp.json"}, {"name": "soyo_bye02", "file": "soyo替换动作位置/soyo_bye02.exp.json"}, {"name": "soyo_cry01", "file": "soyo替换动作位置/soyo_cry01.exp.json"}, {"name": "soyo_cry02", "file": "soyo替换动作位置/soyo_cry02.exp.json"}, {"name": "soyo_default", "file": "soyo替换动作位置/soyo_default.exp.json"}, {"name": "soyo_idle01", "file": "soyo替换动作位置/soyo_idle01.exp.json"}, {"name": "soyo_kandou01", "file": "soyo替换动作位置/soyo_kandou01.exp.json"}, {"name": "soyo_kime01", "file": "soyo替换动作位置/soyo_kime01.exp.json"}, {"name": "soyo_odoodo01", "file": "soyo替换动作位置/soyo_odoodo01.exp.json"}, {"name": "soyo_sad01", "file": "soyo替换动作位置/soyo_sad01.exp.json"}, {"name": "soyo_sad02", "file": "soyo替换动作位置/soyo_sad02.exp.json"}, {"name": "soyo_sad03", "file": "soyo替换动作位置/soyo_sad03.exp.json"}, {"name": "soyo_serious01", "file": "soyo替换动作位置/soyo_serious01.exp.json"}, {"name": "soyo_serious02", "file": "soyo替换动作位置/soyo_serious02.exp.json"}, {"name": "soyo_serious03", "file": "soyo替换动作位置/soyo_serious03.exp.json"}, {"name": "soyo_serious04", "file": "soyo替换动作位置/soyo_serious04.exp.json"}, {"name": "soyo_shame01", "file": "soyo替换动作位置/soyo_shame01.exp.json"}, {"name": "soyo_shame02", "file": "soyo替换动作位置/soyo_shame02.exp.json"}, {"name": "soyo_smile01", "file": "soyo替换动作位置/soyo_smile01.exp.json"}, {"name": "soyo_smile02", "file": "soyo替换动作位置/soyo_smile02.exp.json"}, {"name": "soyo_smile03", "file": "soyo替换动作位置/soyo_smile03.exp.json"}, {"name": "soyo_smile04", "file": "soyo替换动作位置/soyo_smile04.exp.json"}, {"name": "soyo_smile05", "file": "soyo替换动作位置/soyo_smile05.exp.json"}, {"name": "soyo_surprised01", "file": "soyo替换动作位置/soyo_surprised01.exp.json"}, {"name": "soyo_thinking01", "file": "soyo替换动作位置/soyo_thinking01.exp.json"}, {"name": "soyo_thinking02", "file": "soyo替换动作位置/soyo_thinking02.exp.json"}, {"name": "soyo_wink01", "file": "soyo替换动作位置/soyo_wink01.exp.json"}, {"name": "kkr_angry01", "file": "kkr替换动作位置/kkr_angry01.exp.json"}, {"name": "kkr_cry01", "file": "kkr替换动作位置/kkr_cry01.exp.json"}, {"name": "kkr_default", "file": "kkr替换动作位置/kkr_default.exp.json"}, {"name": "kkr_idle01", "file": "kkr替换动作位置/kkr_idle01.exp.json"}, {"name": "kkr_kime01", "file": "kkr替换动作位置/kkr_kime01.exp.json"}, {"name": "kkr_kokoro_default", "file": "kkr替换动作位置/kkr_kokoro_default.exp.json"}, {"name": "kkr_kokoro_sad", "file": "kkr替换动作位置/kkr_kokoro_sad.exp.json"}, {"name": "kkr_kokoro_serious", "file": "kkr替换动作位置/kkr_kokoro_serious.exp.json"}, {"name": "kkr_kokoro_smile01", "file": "kkr替换动作位置/kkr_kokoro_smile01.exp.json"}, {"name": "kkr_kokoro_smile02", "file": "kkr替换动作位置/kkr_kokoro_smile02.exp.json"}, {"name": "kkr_kokoro_special", "file": "kkr替换动作位置/kkr_kokoro_special.exp.json"}, {"name": "kkr_kokoro_suprised", "file": "kkr替换动作位置/kkr_kokoro_suprised.exp.json"}, {"name": "kkr_sad01", "file": "kkr替换动作位置/kkr_sad01.exp.json"}, {"name": "kkr_serious01", "file": "kkr替换动作位置/kkr_serious01.exp.json"}, {"name": "kkr_smile01", "file": "kkr替换动作位置/kkr_smile01.exp.json"}, {"name": "kkr_smile02", "file": "kkr替换动作位置/kkr_smile02.exp.json"}, {"name": "kkr_suprised01", "file": "kkr替换动作位置/kkr_suprised01.exp.json"}]}