{"type":"Live2D Physics","physics_hair":[{"label":"clothes_a","setup":{"length":0.23,"regist":0.35,"mass":0.15},"src":[{"id":"PARAM_BODY_ANGLE_Z","ptype":"angle","scale":0.8,"weight":1},{"id":"PARAM_BODY_ANGLE_X","ptype":"x","scale":0.005,"weight":1}],"targets":[{"id":"PARAM_CLOTHES_A","ptype":"angle","scale":0.05,"weight":1}]},{"label":"clothes_b","setup":{"length":0.25,"regist":0.35,"mass":0.1},"src":[{"id":"PARAM_BODY_ANGLE_X","ptype":"x","scale":0.015,"weight":1},{"id":"PARAM_BODY_ANGLE_Z","ptype":"angle","scale":2.4,"weight":1}],"targets":[{"id":"PARAM_CLOTHES_B","ptype":"angle","scale":0.03,"weight":0.5}]},{"label":"clothes_c","setup":{"length":0.18,"regist":0.65,"mass":0.23},"src":[{"id":"PARAM_BODY_ANGLE_Z","ptype":"angle","scale":2.4,"weight":0.5},{"id":"PARAM_BODY_ANGLE_X","ptype":"x","scale":0.015,"weight":0.5},{"id":"PARAM_ANGLE_Z","ptype":"angle","scale":0.8,"weight":2},{"id":"PARAM_ANGLE_X","ptype":"x","scale":0.005,"weight":2}],"targets":[{"id":"PARAM_CLOTHES_C","ptype":"angle","scale":0.015,"weight":1}]}]}