{
  "type": "Live2D Expression",
  "fade_in": 500,
  "fade_out": 500,
  "params": [
    {
      "id": "PARAM_EYE_R_OPEN",
      "val": 0.68,
      "calc": "mult"
    },
    {
      "id": "PARAM_EYE_L_OPEN",
      "val": 0.68,
      "calc": "mult"
    },
    {
      "id": "PARAM_EYE_FORM",
      "val": 0.7
    },
    {
      "id": "PARAM_BROW_R_Y",
      "val": -0.4
    },
    {
      "id": "PARAM_BROW_R_X",
      "val": -0.46
    },
    {
      "id": "PARAM_BROW_R_ANGLE",
      "val": 0.17
    },
    {
      "id": "PARAM_BROW_R_FORM",
      "val": -1.27
    },
    {
      "id": "PARAM_BROW_L_Y",
      "val": -0.34
    },
    {
      "id": "PARAM_BROW_L_X",
      "val": -0.38
    },
    {
      "id": "PARAM_BROW_L_FORM",
      "val": -1.16
    },
    {
      "id": "PARAM_MOUTH_FORM_01",
      "val": -0.5
    }
  ]
}