{
	"type":"Live2D Expression",
	"fade_in":500,
	"fade_out":500,
	"params":[
		{"id":"PARAM_EYE_L_OPEN","val":0,"calc":"mult"},
		{"id":"PARAM_EYE_L_SMILE","val":1},
		{"id":"PARAM_EYE_L_DOUBLE","val":1},
		{"id":"PARAM_EYE_R_OPEN","val":0,"calc":"mult"},
		{"id":"PARAM_EYE_R_SMILE","val":1},
		{"id":"PARAM_EYE_R_DOUBLE","val":1},
		{"id":"PARAM_BROW_L_ANGLE","val":0.18},
		{"id":"PARAM_BROW_R_ANGLE","val":0.18},
		{"id":"PARAM_BROW_L_FORM","val":0.4},
		{"id":"PARAM_BROW_R_FORM","val":0.35},
		{"id":"PARAM_MOUTH_FORM_01","val":0.92,"def":1},
		{"id":"PARAM_MOUTH_FORM_02","val":1}
	]
}