{"version":"Sample 1.0.0","layout":{"center_x":0,"center_y":0,"width":2},"hit_areas_custom":{"head_x":[-0.25,1],"head_y":[0.25,0.2],"body_x":[-0.3,0.2],"body_y":[0.3,-1.9]},"model":"live2d/chara/338_school_summer-2023_rip/mutsumi_school_summer-2023.moc","physics":"live2d/chara/338_school_summer-2023_rip/mutsumi_school_summer-2023.physics.json","textures":["live2d/chara/338_general_rip/texture_00.png","live2d/chara/338_school_summer-2023_rip/texture_01.png"],"motions":{"Aono-angry01":[{"file":"live2d/chara/338_general_rip/Aono-angry01.mtn"}],
"Aono-angry02":[{"file":"live2d/chara/338_general_rip/Aono-angry02.mtn"}],
"Aono-angry03":[{"file":"live2d/chara/338_general_rip/Aono-angry03.mtn"}],
"Aono-angry04":[{"file":"live2d/chara/338_general_rip/Aono-angry04.mtn"}],
"Aono-bye01":[{"file":"live2d/chara/338_general_rip/Aono-bye01.mtn"}],
"Aono-cry01":[{"file":"live2d/chara/338_general_rip/Aono-cry01.mtn"}],
"Aono-cry02":[{"file":"live2d/chara/338_general_rip/Aono-cry02.mtn"}],
"Aono-idle01":[{"file":"live2d/chara/338_general_rip/Aono-idle01.mtn"}],
"Aono-kandou01":[{"file":"live2d/chara/338_general_rip/Aono-kandou01.mtn"}],
"Aono-kandou02":[{"file":"live2d/chara/338_general_rip/Aono-kandou02.mtn"}],
"Aono-kime01":[{"file":"live2d/chara/338_general_rip/Aono-kime01.mtn"}],
"Aono-kime02":[{"file":"live2d/chara/338_general_rip/Aono-kime02.mtn"}],
"Aono-nf01":[{"file":"live2d/chara/338_general_rip/Aono-nf01.mtn"}],
"Aono-nf02":[{"file":"live2d/chara/338_general_rip/Aono-nf02.mtn"}],
"Aono-nf03":[{"file":"live2d/chara/338_general_rip/Aono-nf03.mtn"}],
"Aono-nf04":[{"file":"live2d/chara/338_general_rip/Aono-nf04.mtn"}],
"Aono-nf05":[{"file":"live2d/chara/338_general_rip/Aono-nf05.mtn"}],
"Aono-nf_left01":[{"file":"live2d/chara/338_general_rip/Aono-nf_left01.mtn"}],
"Aono-nf_right01":[{"file":"live2d/chara/338_general_rip/Aono-nf_right01.mtn"}],
"Aono-nnf01":[{"file":"live2d/chara/338_general_rip/Aono-nnf01.mtn"}],
"Aono-nnf02":[{"file":"live2d/chara/338_general_rip/Aono-nnf02.mtn"}],
"Aono-nnf03":[{"file":"live2d/chara/338_general_rip/Aono-nnf03.mtn"}],
"Aono-nnf04":[{"file":"live2d/chara/338_general_rip/Aono-nnf04.mtn"}],
"Aono-nnf05":[{"file":"live2d/chara/338_general_rip/Aono-nnf05.mtn"}],
"Aono-nnf_left01":[{"file":"live2d/chara/338_general_rip/Aono-nnf_left01.mtn"}],
"Aono-nnf_right01":[{"file":"live2d/chara/338_general_rip/Aono-nnf_right01.mtn"}],
"Aono-sad01":[{"file":"live2d/chara/338_general_rip/Aono-sad01.mtn"}],
"Aono-sad02":[{"file":"live2d/chara/338_general_rip/Aono-sad02.mtn"}],
"Aono-serious01":[{"file":"live2d/chara/338_general_rip/Aono-serious01.mtn"}],
"Aono-serious02":[{"file":"live2d/chara/338_general_rip/Aono-serious02.mtn"}],
"Aono-shame01":[{"file":"live2d/chara/338_general_rip/Aono-shame01.mtn"}],
"Aono-shame02":[{"file":"live2d/chara/338_general_rip/Aono-shame02.mtn"}],
"Aono-smile01":[{"file":"live2d/chara/338_general_rip/Aono-smile01.mtn"}],
"Aono-smile02":[{"file":"live2d/chara/338_general_rip/Aono-smile02.mtn"}],
"Aono-smile03":[{"file":"live2d/chara/338_general_rip/Aono-smile03.mtn"}],
"Aono-smile04":[{"file":"live2d/chara/338_general_rip/Aono-smile04.mtn"}],
"Aono-surprised01":[{"file":"live2d/chara/338_general_rip/Aono-surprised01.mtn"}],
"Aono-thinking01":[{"file":"live2d/chara/338_general_rip/Aono-thinking01.mtn"}],
"Aono-thinking02":[{"file":"live2d/chara/338_general_rip/Aono-thinking02.mtn"}],
"Aono-thinking03":[{"file":"live2d/chara/338_general_rip/Aono-thinking03.mtn"}],
"Aono-wink01":[{"file":"live2d/chara/338_general_rip/Aono-wink01.mtn"}],"T-angry01": [{"file": "live2d/chara/338_general_rip/T-angry01.mtn"}],
 "T-bye01": [{"file": "live2d/chara/338_general_rip/T-bye01.mtn"}], 
"T-cry01": [{"file": "live2d/chara/338_general_rip/T-cry01.mtn"}],
 "T-idle01": [{"file": "live2d/chara/338_general_rip/T-idle01.mtn"}], 
"T-idle02": [{"file": "live2d/chara/338_general_rip/T-idle02.mtn"}], 
"T-kime01": [{"file": "live2d/chara/338_general_rip/T-kime01.mtn"}],
 "T-kime02": [{"file": "live2d/chara/338_general_rip/T-kime02.mtn"}], 
"T-kime03": [{"file": "live2d/chara/338_general_rip/T-kime03.mtn"}], 
"T-kime04": [{"file": "live2d/chara/338_general_rip/T-kime04.mtn"}], 
"T-kime05": [{"file": "live2d/chara/338_general_rip/T-kime05.mtn"}], 
"T-natural01": [{"file": "live2d/chara/338_general_rip/T-natural01.mtn"}], 
"T-nf01": [{"file": "live2d/chara/338_general_rip/T-nf01.mtn"}], 
"T-nf02": [{"file": "live2d/chara/338_general_rip/T-nf02.mtn"}], 
"T-nf03": [{"file": "live2d/chara/338_general_rip/T-nf03.mtn"}], 
"T-nf04": [{"file": "live2d/chara/338_general_rip/T-nf04.mtn"}], 
"T-nf05": [{"file": "live2d/chara/338_general_rip/T-nf05.mtn"}], 
"T-nf_left01": [{"file": "live2d/chara/338_general_rip/T-nf_left01.mtn"}], 
"T-nf_right01": [{"file": "live2d/chara/338_general_rip/T-nf_right01.mtn"}], 
"T-nnf01": [{"file": "live2d/chara/338_general_rip/T-nnf01.mtn"}],
 "T-nnf02": [{"file": "live2d/chara/338_general_rip/T-nnf02.mtn"}], 
"T-nnf03": [{"file": "live2d/chara/338_general_rip/T-nnf03.mtn"}], 
"T-nnf04": [{"file": "live2d/chara/338_general_rip/T-nnf04.mtn"}],
 "T-nnf05": [{"file": "live2d/chara/338_general_rip/T-nnf05.mtn"}], 
"T-nnf_left01": [{"file": "live2d/chara/338_general_rip/T-nnf_left01.mtn"}], 
"T-nnf_right01": [{"file": "live2d/chara/338_general_rip/T-nnf_right01.mtn"}], 
"T-nod01": [{"file": "live2d/chara/338_general_rip/T-nod01.mtn"}], 
"T-sad01": [{"file": "live2d/chara/338_general_rip/T-sad01.mtn"}],
 "T-serious01": [{"file": "live2d/chara/338_general_rip/T-serious01.mtn"}], 
"T-serious02": [{"file": "live2d/chara/338_general_rip/T-serious02.mtn"}], 
"T-shame01": [{"file": "live2d/chara/338_general_rip/T-shame01.mtn"}], 
"T-smile01": [{"file": "live2d/chara/338_general_rip/T-smile01.mtn"}], 
"T-smile04": [{"file": "live2d/chara/338_general_rip/T-smile04.mtn"}], 
"T-surprised01": [{"file": "live2d/chara/338_general_rip/T-surprised01.mtn"}], 
"T-surprised02": [{"file": "live2d/chara/338_general_rip/T-surprised02.mtn"}], 
"T-wink01": [{"file": "live2d/chara/338_general_rip/T-wink01.mtn"}], 
"T-worry01": [{"file": "live2d/chara/338_general_rip/T-worry01.mtn"}],
 "T-worry02": [{"file": "live2d/chara/338_general_rip/T-worry02.mtn"}],
"angry01":[{"file":"live2d/chara/338_general_rip/angry01.mtn"}],"kime01":[{"file":"live2d/chara/338_general_rip/kime01.mtn"}],"nf03":[{"file":"live2d/chara/338_general_rip/nf03.mtn"}],"nnf03":[{"file":"live2d/chara/338_general_rip/nnf03.mtn"}],"nnf02":[{"file":"live2d/chara/338_general_rip/nnf02.mtn"}],"nf04":[{"file":"live2d/chara/338_general_rip/nf04.mtn"}],"nnf04":[{"file":"live2d/chara/338_general_rip/nnf04.mtn"}],"bye01":[{"file":"live2d/chara/338_general_rip/bye01.mtn"}],"nf02":[{"file":"live2d/chara/338_general_rip/nf02.mtn"}],"surprised01":[{"file":"live2d/chara/338_general_rip/surprised01.mtn"}],"odoodo01":[{"file":"live2d/chara/338_general_rip/odoodo01.mtn"}],"smile02":[{"file":"live2d/chara/338_general_rip/smile02.mtn"}],"idle01":[{"file":"live2d/chara/338_general_rip/idle01.mtn"}],"sad02":[{"file":"live2d/chara/338_general_rip/sad02.mtn"}],"smile01":[{"file":"live2d/chara/338_general_rip/smile01.mtn"}],"sad01":[{"file":"live2d/chara/338_general_rip/sad01.mtn"}],"thinking01":[{"file":"live2d/chara/338_general_rip/thinking01.mtn"}],"nnf_left01":[{"file":"live2d/chara/338_general_rip/nnf_left01.mtn"}],"nf_left01":[{"file":"live2d/chara/338_general_rip/nf_left01.mtn"}],"nnf_right01":[{"file":"live2d/chara/338_general_rip/nnf_right01.mtn"}],"nnf01":[{"file":"live2d/chara/338_general_rip/nnf01.mtn"}],"nf_right01":[{"file":"live2d/chara/338_general_rip/nf_right01.mtn"}],"nf05":[{"file":"live2d/chara/338_general_rip/nf05.mtn"}],"nf01":[{"file":"live2d/chara/338_general_rip/nf01.mtn"}],"nnf05":[{"file":"live2d/chara/338_general_rip/nnf05.mtn"}],"smile04":[{"file":"live2d/chara/338_general_rip/smile04.mtn"}]},"expressions":[{"name":"Aono-angry01.exp","file":"live2d/chara/338_general_rip/Aono-angry01.exp.exp.json"}, 
{"name":"Aono-angry02.exp","file":"live2d/chara/338_general_rip/Aono-angry02.exp.exp.json"}, 
{"name":"Aono-angry03.exp","file":"live2d/chara/338_general_rip/Aono-angry03.exp.exp.json"}, 
{"name":"Aono-angry04.exp","file":"live2d/chara/338_general_rip/Aono-angry04.exp.exp.json"}, 
{"name":"Aono-bye01.exp","file":"live2d/chara/338_general_rip/Aono-bye01.exp.exp.json"}, 
{"name":"Aono-cry01.exp","file":"live2d/chara/338_general_rip/Aono-cry01.exp.exp.json"}, 
{"name":"Aono-cry02.exp","file":"live2d/chara/338_general_rip/Aono-cry02.exp.exp.json"}, 
{"name":"Aono-default.exp","file":"live2d/chara/338_general_rip/Aono-default.exp.exp.json"}, 
{"name":"Aono-idle01.exp","file":"live2d/chara/338_general_rip/Aono-idle01.exp.exp.json"}, 
{"name":"Aono-kandou01.exp","file":"live2d/chara/338_general_rip/Aono-kandou01.exp.exp.json"}, 
{"name":"Aono-kandou02.exp","file":"live2d/chara/338_general_rip/Aono-kandou02.exp.exp.json"}, 
{"name":"Aono-kime01.exp","file":"live2d/chara/338_general_rip/Aono-kime01.exp.exp.json"}, 
{"name":"Aono-kime02.exp","file":"live2d/chara/338_general_rip/Aono-kime02.exp.exp.json"}, 
{"name":"Aono-sad01.exp","file":"live2d/chara/338_general_rip/Aono-sad01.exp.exp.json"}, 
{"name":"Aono-sad02.exp","file":"live2d/chara/338_general_rip/Aono-sad02.exp.exp.json"}, 
{"name":"Aono-serious01.exp","file":"live2d/chara/338_general_rip/Aono-serious01.exp.exp.json"}, 
{"name":"Aono-serious02.exp","file":"live2d/chara/338_general_rip/Aono-serious02.exp.exp.json"}, 
{"name":"Aono-shame01.exp","file":"live2d/chara/338_general_rip/Aono-shame01.exp.exp.json"}, 
{"name":"Aono-shame02.exp","file":"live2d/chara/338_general_rip/Aono-shame02.exp.exp.json"}, 
{"name":"Aono-smile01.exp","file":"live2d/chara/338_general_rip/Aono-smile01.exp.exp.json"}, 
{"name":"Aono-smile02.exp","file":"live2d/chara/338_general_rip/Aono-smile02.exp.exp.json"}, 
{"name":"Aono-smile03.exp","file":"live2d/chara/338_general_rip/Aono-smile03.exp.exp.json"}, 
{"name":"Aono-smile04.exp","file":"live2d/chara/338_general_rip/Aono-smile04.exp.exp.json"}, 
{"name":"Aono-surprised01.exp","file":"live2d/chara/338_general_rip/Aono-surprised01.exp.exp.json"}, 
{"name":"Aono-thinking01.exp","file":"live2d/chara/338_general_rip/Aono-thinking01.exp.exp.json"}, 
{"name":"Aono-thinking02.exp","file":"live2d/chara/338_general_rip/Aono-thinking02.exp.exp.json"}, 
{"name":"Aono-thinking03.exp","file":"live2d/chara/338_general_rip/Aono-thinking03.exp.exp.json"}, 
{"name":"Aono-wink01.exp","file":"live2d/chara/338_general_rip/Aono-wink01.exp.exp.json"}, {"name": "T-angry01", "file": "live2d/chara/338_general_rip/T-angry01.exp.json"}, 
{"name": "T-cry01", "file": "live2d/chara/338_general_rip/T-cry01.exp.json"}, 
{"name": "T-default", "file": "live2d/chara/338_general_rip/T-default.exp.json"}, 
{"name": "T-idle01", "file": "live2d/chara/338_general_rip/T-idle01.exp.json"}, 
{"name": "T-kaoru_default", "file": "live2d/chara/338_general_rip/T-kaoru_default.exp.json"}, 
{"name": "T-kaoru_sad", "file": "live2d/chara/338_general_rip/T-kaoru_sad.exp.json"}, 
{"name": "T-kaoru_smile01", "file": "live2d/chara/338_general_rip/T-kaoru_smile01.exp.json"}, 
{"name": "T-kaoru_special", "file": "live2d/chara/338_general_rip/T-kaoru_special.exp.json"}, 
{"name": "T-kaoru_special02", "file": "live2d/chara/338_general_rip/T-kaoru_special02.exp.json"},
 {"name": "T-kaoru_surprised", "file": "live2d/chara/338_general_rip/T-kaoru_surprised.exp.json"}, 
{"name": "T-kime01", "file": "live2d/chara/338_general_rip/T-kime01.exp.json"}, 
{"name": "T-kime02", "file": "live2d/chara/338_general_rip/T-kime02.exp.json"}, 
{"name": "T-kime04", "file": "live2d/chara/338_general_rip/T-kime04.exp.json"}, 
{"name": "T-sad01", "file": "live2d/chara/338_general_rip/T-sad01.exp.json"}, 
{"name": "T-serious01", "file": "live2d/chara/338_general_rip/T-serious01.exp.json"},
 {"name": "T-smile01", "file": "live2d/chara/338_general_rip/T-smile01.exp.json"}, 
{"name": "T-surprised01", "file": "live2d/chara/338_general_rip/T-surprised01.exp.json"}, 
{"name": "T-worry01", "file": "live2d/chara/338_general_rip/T-worry01.exp.json"},{"name":"angry01","file":"live2d/chara/338_general_rip/angry01.exp.json"},{"name":"smile01","file":"live2d/chara/338_general_rip/smile01.exp.json"},{"name":"surprised01","file":"live2d/chara/338_general_rip/surprised01.exp.json"},{"name":"smile04","file":"live2d/chara/338_general_rip/smile04.exp.json"},{"name":"sad01","file":"live2d/chara/338_general_rip/sad01.exp.json"},{"name":"idle01","file":"live2d/chara/338_general_rip/idle01.exp.json"},{"name":"default","file":"live2d/chara/338_general_rip/default.exp.json"},{"name":"smile02","file":"live2d/chara/338_general_rip/smile02.exp.json"}]}