{
  "version": "Sample 1.0.0",
  "type": 0,
  "model": "live2d/chara/341_casual-2023_rip/sakiko_casual-2023.moc",
  "textures": [
    "live2d/chara/341_general_rip/texture_00.png",
    "live2d/chara/341_casual-2023_rip/texture_01.png"
  ],
  "controllers": {
    "param_hit": {},
    "param_loop": {},
    "key_trigger": {},
    "param_trigger": {},
    "area_trigger": {},
    "hand_trigger": {},
    "eye_blink": {
      "min_interval": 500,
      "max_interval": 6000,
      "enabled": true
    },
    "lip_sync": {
      "gain": 5.0
    },
    "mouse_tracking": {
      "smooth_time": 0.15,
      "enabled": true
    },
    "auto_breath": {
      "enabled": true
    },
    "extra_motion": {},
    "accelerometer": {
      "enabled": true
    },
    "microphone": {},
    "transform": {},
    "face_tracking": {
      "enabled": true
    },
    "hand_tracking": {},
    "param_value": {},
    "part_opacity": {},
    "artmesh_opacity": {},
    "artmesh_color": {},
    "artmesh_culling": {
      "default_mode": 0
    },
    "intimacy_system": {}
  },
  "motions": {
    "nf_left01": [
      {
        "file": "live2d/chara/341_general_rip/nf_left01.mtn"
      }
    ],
    "odoodo01": [
      {
        "file": "live2d/chara/341_general_rip/odoodo01.mtn"
      }
    ],
    "surprised01": [
      {
        "file": "live2d/chara/341_general_rip/surprised01.mtn"
      }
    ],
    "nf01": [
      {
        "file": "live2d/chara/341_general_rip/nf01.mtn"
      }
    ],
    "cry01": [
      {
        "file": "live2d/chara/341_general_rip/cry01.mtn"
      }
    ],
    "nnf01": [
      {
        "file": "live2d/chara/341_general_rip/nnf01.mtn"
      }
    ],
    "angry05": [
      {
        "file": "live2d/chara/341_general_rip/angry05.mtn"
      }
    ],
    "angry07": [
      {
        "file": "live2d/chara/341_general_rip/angry07.mtn"
      }
    ],
    "surprised02": [
      {
        "file": "live2d/chara/341_general_rip/surprised02.mtn"
      }
    ],
    "surprised03": [
      {
        "file": "live2d/chara/341_general_rip/surprised03.mtn"
      }
    ],
    "sad01": [
      {
        "file": "live2d/chara/341_general_rip/sad01.mtn"
      }
    ],
    "bye02": [
      {
        "file": "live2d/chara/341_general_rip/bye02.mtn"
      }
    ],
    "nnf05": [
      {
        "file": "live2d/chara/341_general_rip/nnf05.mtn"
      }
    ],
    "angry02": [
      {
        "file": "live2d/chara/341_general_rip/angry02.mtn"
      }
    ],
    "smile03": [
      {
        "file": "live2d/chara/341_general_rip/smile03.mtn"
      }
    ],
    "nnf03": [
      {
        "file": "live2d/chara/341_general_rip/nnf03.mtn"
      }
    ],
    "nnf_right01": [
      {
        "file": "live2d/chara/341_general_rip/nnf_right01.mtn"
      }
    ],
    "nnf02": [
      {
        "file": "live2d/chara/341_general_rip/nnf02.mtn"
      }
    ],
    "angry01": [
      {
        "file": "live2d/chara/341_general_rip/angry01.mtn"
      }
    ],
    "smile01": [
      {
        "file": "live2d/chara/341_general_rip/smile01.mtn"
      }
    ],
    "idle01": [
      {
        "file": "live2d/chara/341_general_rip/idle01.mtn"
      }
    ],
    "smile02": [
      {
        "file": "live2d/chara/341_general_rip/smile02.mtn"
      }
    ],
    "nnf_left01": [
      {
        "file": "live2d/chara/341_general_rip/nnf_left01.mtn"
      }
    ],
    "shame01": [
      {
        "file": "live2d/chara/341_general_rip/shame01.mtn"
      }
    ],
    "nf05": [
      {
        "file": "live2d/chara/341_general_rip/nf05.mtn"
      }
    ],
    "nf03": [
      {
        "file": "live2d/chara/341_general_rip/nf03.mtn"
      }
    ],
    "cry02": [
      {
        "file": "live2d/chara/341_general_rip/cry02.mtn"
      }
    ],
    "nnf04": [
      {
        "file": "live2d/chara/341_general_rip/nnf04.mtn"
      }
    ],
    "nf_right01": [
      {
        "file": "live2d/chara/341_general_rip/nf_right01.mtn"
      }
    ],
    "serious01": [
      {
        "file": "live2d/chara/341_general_rip/serious01.mtn"
      }
    ],
    "smile05": [
      {
        "file": "live2d/chara/341_general_rip/smile05.mtn"
      }
    ],
    "nf02": [
      {
        "file": "live2d/chara/341_general_rip/nf02.mtn"
      }
    ],
    "thinking01": [
      {
        "file": "live2d/chara/341_general_rip/thinking01.mtn"
      }
    ],
    "angry03": [
      {
        "file": "live2d/chara/341_general_rip/angry03.mtn"
      }
    ],
    "cry03": [
      {
        "file": "live2d/chara/341_general_rip/cry03.mtn"
      }
    ],
    "angry04": [
      {
        "file": "live2d/chara/341_general_rip/angry04.mtn"
      }
    ],
    "bye01": [
      {
        "file": "live2d/chara/341_general_rip/bye01.mtn"
      }
    ],
    "cry04": [
      {
        "file": "live2d/chara/341_general_rip/cry04.mtn"
      }
    ],
    "angry06": [
      {
        "file": "live2d/chara/341_general_rip/angry06.mtn"
      }
    ],
    "sad02": [
      {
        "file": "live2d/chara/341_general_rip/sad02.mtn"
      }
    ],
    "shame02": [
      {
        "file": "live2d/chara/341_general_rip/shame02.mtn"
      }
    ],
    "thinking02": [
      {
        "file": "live2d/chara/341_general_rip/thinking02.mtn"
      }
    ],
    "serious02": [
      {
        "file": "live2d/chara/341_general_rip/serious02.mtn"
      }
    ],
    "sigh01": [
      {
        "file": "live2d/chara/341_general_rip/sigh01.mtn"
      }
    ],
    "smile06": [
      {
        "file": "live2d/chara/341_general_rip/smile06.mtn"
      }
    ],
    "kime01": [
      {
        "file": "live2d/chara/341_general_rip/kime01.mtn"
      }
    ],
    "nod01": [
      {
        "file": "live2d/chara/341_general_rip/nod01.mtn"
      }
    ],
    "sigh02": [
      {
        "file": "live2d/chara/341_general_rip/sigh02.mtn"
      }
    ],
    "smile04": [
      {
        "file": "live2d/chara/341_general_rip/smile04.mtn"
      }
    ],
    "nf04": [
      {
        "file": "live2d/chara/341_general_rip/nf04.mtn"
      }
    ],
    "挺好颜01": [
      {
        "file": "live2d/chara/341_general_rip/TingHao1.mtn"
      }
    ],
    "挺好颜02": [
      {
        "file": "live2d/chara/341_general_rip/TingHao2.mtn"
      }
    ],
    "cry05": [
      {
        "file": "live2d/chara/341_general_rip/cry05.mtn"
      }
    ],
    "z_nnf01": [
      {
        "file": "live2d/chara/341_general_rip/UR_nnf01.mtn"
      }
    ],
    "z_nnf_right01": [
      {
        "file": "live2d/chara/341_general_rip/UR_nnf_right01.mtn"
      }
    ],
    "z_nnf03": [
      {
        "file": "live2d/chara/341_general_rip/UR_nnf03.mtn"
      }
    ],
    "z_nnf_left01": [
      {
        "file": "live2d/chara/341_general_rip/UR_nnf_left01.mtn"
      }
    ],
    "z_nf01": [
      {
        "file": "live2d/chara/341_general_rip/UR_nf01.mtn"
      }
    ],
    "z_nnf02": [
      {
        "file": "live2d/chara/341_general_rip/UR_nnf02.mtn"
      }
    ],
    "z_cry01": [
      {
        "file": "live2d/chara/341_general_rip/UR_cry01.mtn"
      }
    ],
    "z_nf_left01": [
      {
        "file": "live2d/chara/341_general_rip/UR_nf_left01.mtn"
      }
    ],
    "z_nf_right01": [
      {
        "file": "live2d/chara/341_general_rip/UR_nf_right01.mtn"
      }
    ],
    "z_smile03": [
      {
        "file": "live2d/chara/341_general_rip/UR_smile03.mtn"
      }
    ],
    "z_nnf04": [
      {
        "file": "live2d/chara/341_general_rip/UR_nnf04.mtn"
      }
    ],
    "z_nnf05": [
      {
        "file": "live2d/chara/341_general_rip/UR_nnf05.mtn"
      }
    ],
    "z_nf02": [
      {
        "file": "live2d/chara/341_general_rip/UR_nf02.mtn"
      }
    ],
    "z_nf03": [
      {
        "file": "live2d/chara/341_general_rip/UR_nf03.mtn"
      }
    ],
    "z_idle01": [
      {
        "file": "live2d/chara/341_general_rip/UR_idle01.mtn"
      }
    ],
    "z_mitore01": [
      {
        "file": "live2d/chara/341_general_rip/UR_mitore01.mtn"
      }
    ],
    "z_smile01": [
      {
        "file": "live2d/chara/341_general_rip/UR_smile01.mtn"
      }
    ],
    "z_serious01": [
      {
        "file": "live2d/chara/341_general_rip/UR_serious01.mtn"
      }
    ],
    "z_smile02": [
      {
        "file": "live2d/chara/341_general_rip/UR_smile02.mtn"
      }
    ],
    "z_angry01": [
      {
        "file": "live2d/chara/341_general_rip/UR_angry01.mtn"
      }
    ],
    "z_sad01": [
      {
        "file": "live2d/chara/341_general_rip/UR_sad01.mtn"
      }
    ],
    "z_nf04": [
      {
        "file": "live2d/chara/341_general_rip/UR_nf04.mtn"
      }
    ],
    "z_shame01": [
      {
        "file": "live2d/chara/341_general_rip/UR_shame01.mtn"
      }
    ],
    "z_kime01": [
      {
        "file": "live2d/chara/341_general_rip/UR_kime01.mtn"
      }
    ],
    "z_nf05": [
      {
        "file": "live2d/chara/341_general_rip/UR_nf05.mtn"
      }
    ],
    "z_surprised01": [
      {
        "file": "live2d/chara/341_general_rip/UR_surprised01.mtn"
      }
    ]
  },
  "expressions": [
    {
      "name": "thinking02",
      "file": "live2d/chara/341_general_rip/thinking02.exp.json"
    },
    {
      "name": "angry01",
      "file": "live2d/chara/341_general_rip/angry01.exp.json"
    },
    {
      "name": "idle01",
      "file": "live2d/chara/341_general_rip/idle01.exp.json"
    },
    {
      "name": "shame02",
      "file": "live2d/chara/341_general_rip/shame02.exp.json"
    },
    {
      "name": "thinking01",
      "file": "live2d/chara/341_general_rip/thinking01.exp.json"
    },
    {
      "name": "odoodo01",
      "file": "live2d/chara/341_general_rip/odoodo01.exp.json"
    },
    {
      "name": "serious02",
      "file": "live2d/chara/341_general_rip/serious02.exp.json"
    },
    {
      "name": "cry04",
      "file": "live2d/chara/341_general_rip/cry04.exp.json"
    },
    {
      "name": "surprised02",
      "file": "live2d/chara/341_general_rip/surprised02.exp.json"
    },
    {
      "name": "smile02",
      "file": "live2d/chara/341_general_rip/smile02.exp.json"
    },
    {
      "name": "sigh02",
      "file": "live2d/chara/341_general_rip/sigh02.exp.json"
    },
    {
      "name": "angry07",
      "file": "live2d/chara/341_general_rip/angry07.exp.json"
    },
    {
      "name": "serious01",
      "file": "live2d/chara/341_general_rip/serious01.exp.json"
    },
    {
      "name": "smile01",
      "file": "live2d/chara/341_general_rip/smile01.exp.json"
    },
    {
      "name": "surprised01",
      "file": "live2d/chara/341_general_rip/surprised01.exp.json"
    },
    {
      "name": "shame01",
      "file": "live2d/chara/341_general_rip/shame01.exp.json"
    },
    {
      "name": "sad01",
      "file": "live2d/chara/341_general_rip/sad01.exp.json"
    },
    {
      "name": "cry03",
      "file": "live2d/chara/341_general_rip/cry03.exp.json"
    },
    {
      "name": "smile03",
      "file": "live2d/chara/341_general_rip/smile03.exp.json"
    },
    {
      "name": "default",
      "file": "live2d/chara/341_general_rip/default.exp.json"
    },
    {
      "name": "cry01",
      "file": "live2d/chara/341_general_rip/cry01.exp.json"
    },
    {
      "name": "smile05",
      "file": "live2d/chara/341_general_rip/smile05.exp.json"
    },
    {
      "name": "angry02",
      "file": "live2d/chara/341_general_rip/angry02.exp.json"
    },
    {
      "name": "smile04",
      "file": "live2d/chara/341_general_rip/smile04.exp.json"
    },
    {
      "name": "左转身",
      "file": "live2d/chara/341_general_rip/L_Boby.exp.json"
    },
    {
      "name": "右转身",
      "file": "live2d/chara/341_general_rip/R_boby.exp.json"
    },
    {
      "name": "左抬头",
      "file": "live2d/chara/341_general_rip/L_Boby_UP.exp.json"
    },
    {
      "name": "右抬头",
      "file": "live2d/chara/341_general_rip/R_boby_UP.exp.json"
    },
    {
      "name": "左低头",
      "file": "live2d/chara/341_general_rip/L_Boby_Down.exp.json"
    },
    {
      "name": "右低头",
      "file": "live2d/chara/341_general_rip/R_Boby_Down.exp.json"
    },
    {
      "name": "sigh01",
      "file": "live2d/chara/341_general_rip/sigh01.exp.json"
    },
    {
      "name": "cry02",
      "file": "live2d/chara/341_general_rip/cry02.exp.json"
    },
    {
      "name": "smile06",
      "file": "live2d/chara/341_general_rip/smile06.exp.json"
    },
    {
      "name": "sad02",
      "file": "live2d/chara/341_general_rip/sad02.exp.json"
    },
    {
      "name": "kime01",
      "file": "live2d/chara/341_general_rip/kime01.exp.json"
    }
  ],
  "physics": "live2d/chara/341_casual-2023_rip/sakiko_casual-2023.physics.json",
  "physics_v2": {
    "file": "live2d/chara/341_casual-2023_rip/sakiko_casual-2023.physics.json"
  },
  "options": {
    "scale_factor": 0.979999959
  }
}