{"version": "Sample 1.0.0",
 "layout": {"center_x": 0, "center_y": 0, "width": 2}, 
 "hit_areas_custom": {"head_x": [-0.25, 1], "head_y": [0.25, 0.2], "body_x": [-0.3, 0.2], "body_y": [0.3, -1.9]}, 
 "model": "live2d/chara/999_casual_summer_rip/Vn_other-15.moc", 
 "physics": "live2d/chara/999_casual_summer_rip/Vn_other-15.physics.json", 
 "textures": ["live2d/chara/999_casual_summer_rip/texture_00.png", "live2d/chara/999_general_rip/texture_01.png"], 
 "motions": {
    "angry01_rui_rui": [{"file": "live2d/chara/999_general_rip/angry01_rui.mtn"}], 
    "bye01_rui": [{"file": "live2d/chara/999_general_rip/bye01_rui.mtn"}],
    "idle01_rui": [{"file": "live2d/chara/999_general_rip/idle01_rui.mtn"}],
    "kime01_rui": [{"file": "live2d/chara/999_general_rip/kime01_rui.mtn"}],
    "nf01_rui": [{"file": "live2d/chara/999_general_rip/nf01_rui.mtn"}],
    "nf02_rui": [{"file": "live2d/chara/999_general_rip/nf02_rui.mtn"}],
    "nf03_rui": [{"file": "live2d/chara/999_general_rip/nf03_rui.mtn"}],
    "nf04_rui": [{"file": "live2d/chara/999_general_rip/nf04_rui.mtn"}],
    "nf05_rui": [{"file": "live2d/chara/999_general_rip/nf05_rui.mtn"}],
    "nf_left01_rui": [{"file": "live2d/chara/999_general_rip/nf_left01_rui.mtn"}],
    "nf_right01_rui": [{"file": "live2d/chara/999_general_rip/nf_right01_rui.mtn"}],
    "nnf01_rui": [{"file": "live2d/chara/999_general_rip/nnf01_rui.mtn"}],
    "nnf02_rui": [{"file": "live2d/chara/999_general_rip/nnf02_rui.mtn"}],
    "nnf03_rui": [{"file": "live2d/chara/999_general_rip/nnf03_rui.mtn"}],
    "nnf04_rui": [{"file": "live2d/chara/999_general_rip/nnf04_rui.mtn"}],
    "nnf05_rui": [{"file": "live2d/chara/999_general_rip/nnf05_rui.mtn"}],
    "nnf_left01_rui": [{"file": "live2d/chara/999_general_rip/nnf_left01_rui.mtn"}],
    "nnf_right01_rui": [{"file": "live2d/chara/999_general_rip/nnf_right01_rui.mtn"}],
    "odoodo01_rui": [{"file": "live2d/chara/999_general_rip/odoodo01_rui.mtn"}],
    "sad01_rui": [{"file": "live2d/chara/999_general_rip/sad01_rui.mtn"}],
    "sad02_rui": [{"file": "live2d/chara/999_general_rip/sad02_rui.mtn"}],
    "serious01_rui": [{"file": "live2d/chara/999_general_rip/serious01_rui.mtn"}],
    "serious02_rui": [{"file": "live2d/chara/999_general_rip/serious02_rui.mtn"}],
    "sigh01_rui": [{"file": "live2d/chara/999_general_rip/sigh01_rui.mtn"}],
    "sigh02_rui": [{"file": "live2d/chara/999_general_rip/sigh02_rui.mtn"}],
    "smile01_rui": [{"file": "live2d/chara/999_general_rip/smile01_rui.mtn"}],
    "smile03_rui": [{"file": "live2d/chara/999_general_rip/smile03_rui.mtn"}],
    "surprised01_rui": [{"file": "live2d/chara/999_general_rip/surprised01_rui.mtn"}],
    "thinking01_rui": [{"file": "live2d/chara/999_general_rip/thinking01_rui.mtn"}]
    },
 
 "expressions": [
    {"name": "angry01_rui","file": "live2d/chara/999_general_rip/angry01_rui.exp.json"},
    {"name": "default","file": "live2d/chara/999_general_rip/default.exp.json"},
    {"name": "idle01_rui","file": "live2d/chara/999_general_rip/idle01_rui.exp.json"},
    {"name": "kime01_rui","file": "live2d/chara/999_general_rip/kime01_rui.exp.json"},
    {"name": "sad01_rui","file": "live2d/chara/999_general_rip/sad01_rui.exp.json"},
    {"name": "serious01_rui","file": "live2d/chara/999_general_rip/serious01_rui.exp.json"},
    {"name": "smile01_rui","file": "live2d/chara/999_general_rip/smile01_rui.exp.json"},
    {"name": "smile03_rui","file": "live2d/chara/999_general_rip/smile03_rui.exp.json"},
    {"name": "surprised01_rui","file": "live2d/chara/999_general_rip/surprised01_rui.exp.json"}
    ]
}